index,recorded_ns,header_ns,interval_ns
1,1789458574186110392,1789458574164733000,
2,1789458574217969922,1789458574198101000,33368000
3,1789458574251316899,1789458574231468000,33367000
4,1789458574285494601,1789458574264835000,33367000
5,1789458574318065574,1789458574298203000,33368000
6,1789458574351543443,1789458574331570000,33367000
7,1789458574384683066,1789458574364936000,33366000
8,1789458574418502136,1789458574398303000,33367000
9,1789458574451906771,1789458574431670000,33367000
10,1789458574484657160,1789458574465036000,33366000
11,1789458574518436903,1789458574498403000,33367000
12,1789458574551416203,1789458574531768000,33365000
13,1789458574585315711,1789458574565136000,33368000
14,1789458574618562456,1789458574598503000,33367000
15,1789458574651710583,1789458574631868000,33365000
16,1789458574685147312,1789458574665235000,33367000
17,1789458574718546647,1789458574698601000,33366000
18,1789458574752078528,1789458574731968000,33367000
19,1789458574785325003,1789458574765335000,33367000
20,1789458574818350521,1789458574798702000,33367000
21,1789458574852167058,1789458574832068000,33366000
22,1789458574885394440,1789458574865434000,33366000
23,1789458574918995950,1789458574898800000,33366000
24,1789458574952301565,1789458574932167000,33367000
25,1789458574985899449,1789458574965534000,33367000
26,1789458575018738396,1789458574998901000,33367000
27,1789458575052227376,1789458575032267000,33366000
28,1789458575085219377,1789458575065633000,33366000
29,1789458575118809188,1789458575099001000,33368000
30,1789458575152182189,1789458575132367000,33366000
31,1789458575185621594,1789458575165734000,33367000
32,1789458575218931127,1789458575199100000,33366000
33,1789458575252476342,1789458575232467000,33367000
34,1789458575285854191,1789458575265834000,33367000
35,1789458575318748265,1789458575299200000,33366000
36,1789458575352692010,1789458575332567000,33367000
37,1789458575385981258,1789458575365933000,33366000
38,1789458575418931348,1789458575399300000,33367000
39,1789458575452447143,1789458575432667000,33367000
40,1789458575486202156,1789458575466033000,33366000
41,1789458575519100517,1789458575499400000,33367000
42,1789458575552616232,1789458575532766000,33366000
43,1789458575586404181,1789458575566132000,33366000
44,1789458575620333542,1789458575599503000,33371000
45,1789458575654151682,1789458575632871000,33368000
46,1789458575686582857,1789458575666240000,33369000
47,1789458575720836651,1789458575699608000,33368000
48,1789458575753581680,1789458575732978000,33370000
49,1789458575787654515,1789458575766347000,33369000
50,1789458575821040078,1789458575799715000,33368000
51,1789458575854248028,1789458575833085000,33370000
52,1789458575887554516,1789458575866453000,33368000
53,1789458575921226948,1789458575899823000,33370000
54,1789458575954384932,1789458575933194000,33371000
55,1789458575987528021,1789458575966564000,33370000
56,1789458576021354265,1789458575999933000,33369000
57,1789458576054104503,1789458576033301000,33368000
58,1789458576087188832,1789458576066668000,33367000
59,1789458576120397082,1789458576100035000,33367000
60,1789458576154712403,1789458576133407000,33372000
61,1789458576187543329,1789458576166775000,33368000
62,1789458576221151502,1789458576200145000,33370000
63,1789458576254191065,1789458576233514000,33369000
64,1789458576287284699,1789458576266881000,33367000
65,1789458576321175004,1789458576300249000,33368000
66,1789458576354603862,1789458576333618000,33369000
67,1789458576387617339,1789458576366987000,33369000
68,1789458576421727970,1789458576400360000,33373000
69,1789458576455258221,1789458576433734000,33374000
70,1789458576487768209,1789458576467101000,33367000
71,1789458576520922397,1789458576500468000,33367000
72,1789458576555677999,1789458576533842000,33374000
73,1789458576587800656,1789458576567210000,33368000
74,1789458576621911287,1789458576600582000,33372000
75,1789458576654369386,1789458576633951000,33369000
76,1789458576687514459,1789458576667316000,33365000
77,1789458576722396988,1789458576700690000,33374000
78,1789458576754130140,1789458576734056000,33366000
79,1789458576787571338,1789458576767425000,33369000
80,1789458576820727650,1789458576800790000,33365000
81,1789458576854181309,1789458576834157000,33367000
82,1789458576887207048,1789458576867523000,33366000
83,1789458576920863053,1789458576900891000,33368000
84,1789458576954461579,1789458576934258000,33367000
85,1789458576987850548,1789458576967625000,33367000
86,1789458577021348133,1789458577000991000,33366000
87,1789458577054693418,1789458577034359000,33368000
88,1789458577087970686,1789458577067728000,33369000
89,1789458577121232247,1789458577101095000,33367000
90,1789458577154506610,1789458577134461000,33366000
91,1789458577188658213,1789458577167832000,33371000
92,1789458577221570507,1789458577201202000,33370000
93,1789458577254471282,1789458577234569000,33367000
94,1789458577288537408,1789458577267937000,33368000
95,1789458577321523618,1789458577301305000,33368000
96,1789458577354374628,1789458577334670000,33365000
97,1789458577388078235,1789458577368038000,33368000
98,1789458577421481448,1789458577401404000,33366000
99,1789458577454868344,1789458577434770000,33366000
100,1789458577488399385,1789458577468138000,33368000
101,1789458577522405860,1789458577501508000,33370000
102,1789458577554851036,1789458577534874000,33366000
103,1789458577588466172,1789458577568242000,33368000
104,1789458577621883880,1789458577601608000,33366000
105,1789458577655201597,1789458577634975000,33367000
106,1789458577688684576,1789458577668342000,33367000
107,1789458577721614471,1789458577701709000,33367000
108,1789458577754961468,1789458577735076000,33367000
109,1789458577788632008,1789458577768442000,33366000
110,1789458577822118354,1789458577801809000,33367000
111,1789458577855412991,1789458577835177000,33368000
112,1789458577888559937,1789458577868544000,33367000
113,1789458577921732987,1789458577901910000,33366000
114,1789458577955526668,1789458577935277000,33367000
115,1789458577988608532,1789458577968644000,33367000
116,1789458578022012007,1789458578002009000,33365000
117,1789458578055317794,1789458578035376000,33367000
118,1789458578089253247,1789458578068742000,33366000
119,1789458578121992534,1789458578102109000,33367000
120,1789458578155602801,1789458578135475000,33366000
121,1789458578188940623,1789458578168841000,33366000
122,1789458578221933284,1789458578202209000,33368000
123,1789458578255476686,1789458578235576000,33367000
124,1789458578289923024,1789458578268948000,33372000
125,1789458578322534973,1789458578302316000,33368000
126,1789458578355341906,1789458578335681000,33365000
127,1789458578389067100,1789458578369048000,33367000
128,1789458578422995261,1789458578402418000,33370000
129,1789458578455718360,1789458578435784000,33366000
130,1789458578490124279,1789458578469151000,33367000
131,1789458578522444649,1789458578502518000,33367000
132,1789458578556039891,1789458578535885000,33367000
133,1789458578589450126,1789458578569252000,33367000
134,1789458578622746166,1789458578602618000,33366000
135,1789458578657338342,1789458578635989000,33371000
136,1789458578689260031,1789458578669356000,33367000
137,1789458578723149887,1789458578702725000,33369000
138,1789458578756276868,1789458578736093000,33368000
139,1789458578789481831,1789458578769459000,33366000
140,1789458578822765911,1789458578802824000,33365000
141,1789458578856291183,1789458578836190000,33366000
142,1789458578889516521,1789458578869557000,33367000
143,1789458578923049426,1789458578902923000,33366000
144,1789458578956418320,1789458578936290000,33367000
145,1789458578989430304,1789458578969656000,33366000
146,1789458579023142769,1789458579003023000,33367000
147,1789458579056203675,1789458579036388000,33365000
148,1789458579089527191,1789458579069754000,33366000
149,1789458579122817780,1789458579103121000,33367000
150,1789458579156275045,1789458579136486000,33365000
151,1789458579190429113,1789458579169858000,33372000
152,1789458579223020005,1789458579203224000,33366000
153,1789458579256122973,1789458579236591000,33367000
154,1789458579289747765,1789458579269957000,33366000
155,1789458579323307184,1789458579303323000,33366000
156,1789458579356686295,1789458579336688000,33365000
157,1789458579390695655,1789458579370059000,33371000
158,1789458579423232915,1789458579403424000,33365000
159,1789458579456672049,1789458579436790000,33366000
160,1789458579490250952,1789458579470156000,33366000
161,1789458579523525725,1789458579503522000,33366000
162,1789458579556800787,1789458579536887000,33365000
163,1789458579590016178,1789458579570253000,33366000
164,1789458579623211334,1789458579603619000,33366000
165,1789458579656764844,1789458579636985000,33366000
166,1789458579690489246,1789458579670351000,33366000
167,1789458579723445333,1789458579703719000,33368000
168,1789458579757285824,1789458579737084000,33365000
169,1789458579790207442,1789458579770450000,33366000
170,1789458579823788909,1789458579803816000,33366000
171,1789458579857429969,1789458579837183000,33367000
172,1789458579890893264,1789458579870549000,33366000
173,1789458579924036271,1789458579903916000,33367000
174,1789458579957636280,1789458579937284000,33368000
175,1789458579990915550,1789458579970651000,33367000
176,1789458580023811348,1789458580004017000,33366000
177,1789458580057452817,1789458580037385000,33368000
178,1789458580090646259,1789458580070750000,33365000
179,1789458580124789798,1789458580104117000,33367000
180,1789458580157518223,1789458580137483000,33366000
181,1789458580191374060,1789458580170851000,33368000
182,1789458580224695792,1789458580204216000,33365000
183,1789458580258096178,1789458580237584000,33368000
184,1789458580290822339,1789458580270952000,33368000
185,1789458580324499660,1789458580304319000,33367000
186,1789458580357751262,1789458580337683000,33364000
187,1789458580391818631,1789458580371055000,33372000
188,1789458580424707210,1789458580404421000,33366000
189,1789458580457840328,1789458580437787000,33366000
190,1789458580491174090,1789458580471154000,33367000
191,1789458580524272720,1789458580504520000,33366000
192,1789458580557956321,1789458580537886000,33366000
193,1789458580591443627,1789458580571251000,33365000
194,1789458580624617635,1789458580604617000,33366000
195,1789458580658028850,1789458580637983000,33366000
196,1789458580691390691,1789458580671351000,33368000
197,1789458580725067891,1789458580704721000,33370000
198,1789458580758148509,1789458580738089000,33368000
199,1789458580791946196,1789458580771457000,33368000
200,1789458580824929068,1789458580804824000,33367000
201,1789458580858035029,1789458580838191000,33367000
202,1789458580891911983,1789458580871560000,33369000
203,1789458580924868318,1789458580904926000,33366000
204,1789458580958290943,1789458580938293000,33367000
205,1789458580991672186,1789458580971660000,33367000
206,1789458581025092542,1789458581005026000,33366000
207,1789458581058943249,1789458581038395000,33369000
208,1789458581092435692,1789458581071764000,33369000
209,1789458581125043568,1789458581105131000,33367000
210,1789458581158451786,1789458581138497000,33366000
211,1789458581191988044,1789458581171863000,33366000
212,1789458581225685198,1789458581205234000,33371000
213,1789458581258365287,1789458581238600000,33366000
214,1789458581292019217,1789458581271965000,33365000
215,1789458581325597106,1789458581305334000,33369000
216,1789458581358615236,1789458581338702000,33368000
217,1789458581392083387,1789458581372069000,33367000
218,1789458581425525894,1789458581405436000,33367000
219,1789458581459170508,1789458581438804000,33368000
220,1789458581491668635,1789458581472172000,33368000
221,1789458581525192552,1789458581505537000,33365000
222,1789458581558920779,1789458581538903000,33366000
223,1789458581592071706,1789458581572270000,33367000
224,1789458581626105697,1789458581605638000,33368000
225,1789458581658899211,1789458581639006000,33368000
226,1789458581692278811,1789458581672371000,33365000
227,1789458581725420542,1789458581705738000,33367000
228,1789458581759520797,1789458581739103000,33365000
229,1789458581792356864,1789458581772470000,33367000
230,1789458581825752130,1789458581805836000,33366000
231,1789458581859192013,1789458581839202000,33366000
232,1789458581892907588,1789458581872569000,33367000
233,1789458581926238975,1789458581905936000,33367000
234,1789458581959470410,1789458581939303000,33367000
235,1789458581992938641,1789458581972668000,33365000
236,1789458582026091226,1789458582006035000,33367000
237,1789458582059318952,1789458582039401000,33366000
238,1789458582092757060,1789458582072767000,33366000
239,1789458582125983665,1789458582106132000,33365000
240,1789458582159279619,1789458582139499000,33367000
241,1789458582192874285,1789458582172865000,33366000
242,1789458582226193068,1789458582206230000,33365000
243,1789458582259104152,1789458582239597000,33367000
244,1789458582292976284,1789458582272962000,33365000
245,1789458582326280072,1789458582306328000,33366000
246,1789458582359526630,1789458582339694000,33366000
247,1789458582393613111,1789458582373064000,33370000
248,1789458582426299799,1789458582406430000,33366000
249,1789458582459904343,1789458582439798000,33368000
250,1789458582494338391,1789458582473173000,33375000
251,1789458582526401028,1789458582506538000,33365000
252,1789458582560571923,1789458582539907000,33369000
253,1789458582593192558,1789458582573273000,33366000
254,1789458582626323429,1789458582606640000,33367000
255,1789458582660045374,1789458582640006000,33366000
256,1789458582692936773,1789458582673372000,33366000
257,1789458582726759341,1789458582706738000,33366000
258,1789458582760411947,1789458582740106000,33368000
259,1789458582793427960,1789458582773471000,33365000
260,1789458582826767008,1789458582806838000,33367000
261,1789458582860098743,1789458582840205000,33367000
262,1789458582893607001,1789458582873570000,33365000
263,1789458582927067688,1789458582906938000,33368000
264,1789458582960935093,1789458582940308000,33370000
265,1789458582994039638,1789458582973674000,33366000
266,1789458583027784741,1789458583007046000,33372000
267,1789458583060354425,1789458583040412000,33366000
268,1789458583093869974,1789458583073779000,33367000
269,1789458583127678786,1789458583107147000,33368000
270,1789458583160305628,1789458583140513000,33366000
271,1789458583195013354,1789458583173880000,33367000
272,1789458583227208675,1789458583207246000,33366000
273,1789458583261068606,1789458583240616000,33370000
274,1789458583293994522,1789458583273983000,33367000
275,1789458583327324251,1789458583307350000,33367000
276,1789458583360392842,1789458583340715000,33365000
277,1789458583395082628,1789458583374088000,33373000
278,1789458583427484484,1789458583407455000,33367000
279,1789458583460888601,1789458583440821000,33366000
280,1789458583494073231,1789458583474189000,33368000
281,1789458583527764632,1789458583507558000,33369000
282,1789458583561012801,1789458583540924000,33366000
283,1789458583594413582,1789458583574291000,33367000
284,1789458583628106806,1789458583607660000,33369000
285,1789458583661059428,1789458583641026000,33366000
286,1789458583694394507,1789458583674393000,33367000
287,1789458583727706917,1789458583707762000,33369000
288,1789458583760693036,1789458583741127000,33365000
289,1789458583794658007,1789458583774495000,33368000
290,1789458583827792681,1789458583807863000,33368000
291,1789458583860642286,1789458583841228000,33365000
292,1789458583894298687,1789458583874593000,33365000
293,1789458583927675677,1789458583907961000,33368000
294,1789458583961639696,1789458583941331000,33370000
295,1789458583994642062,1789458583974696000,33365000
296,1789458584027852695,1789458584008063000,33367000
297,1789458584061323465,1789458584041429000,33366000
298,1789458584095099358,1789458584074795000,33366000
299,1789458584128147791,1789458584108161000,33366000
300,1789458584161527183,1789458584141529000,33368000
301,1789458584194823192,1789458584174895000,33366000
302,1789458584228133385,1789458584208261000,33366000
303,1789458584261527062,1789458584241629000,33368000
304,1789458584294673314,1789458584274995000,33366000
305,1789458584328042729,1789458584308361000,33366000
306,1789458584361687157,1789458584341728000,33367000
307,1789458584395081855,1789458584375094000,33366000
308,1789458584428479448,1789458584408460000,33366000
309,1789458584462084789,1789458584441826000,33366000
310,1789458584495005883,1789458584475193000,33367000
311,1789458584528374377,1789458584508558000,33365000
312,1789458584561741077,1789458584541925000,33367000
313,1789458584595353580,1789458584575292000,33367000
314,1789458584628881427,1789458584608659000,33367000
315,1789458584661948062,1789458584642025000,33366000
316,1789458584695801409,1789458584675395000,33370000
317,1789458584728724026,1789458584708763000,33368000
318,1789458584762244901,1789458584742131000,33368000
319,1789458584795482489,1789458584775496000,33365000
320,1789458584828992225,1789458584808862000,33366000
321,1789458584862172726,1789458584842229000,33367000
322,1789458584895626656,1789458584875596000,33367000
323,1789458584928741513,1789458584908962000,33366000
324,1789458584962257200,1789458584942328000,33366000
325,1789458584996108313,1789458584975695000,33367000
326,1789458585029218682,1789458585009062000,33367000
327,1789458585062300099,1789458585042428000,33366000
328,1789458585095685889,1789458585075794000,33366000
329,1789458585129233157,1789458585109162000,33368000
330,1789458585162625098,1789458585142529000,33367000
331,1789458585196011249,1789458585175895000,33366000
332,1789458585229289995,1789458585209261000,33366000
333,1789458585262637699,1789458585242628000,33367000
334,1789458585296038295,1789458585275995000,33367000
335,1789458585329304579,1789458585309360000,33365000
336,1789458585363045671,1789458585342729000,33369000
337,1789458585395838781,1789458585376095000,33366000
338,1789458585429496299,1789458585409462000,33367000
339,1789458585462543386,1789458585442827000,33365000
340,1789458585496374933,1789458585476195000,33368000
341,1789458585529268727,1789458585509561000,33366000
342,1789458585562717675,1789458585542927000,33366000
343,1789458585596267758,1789458585576295000,33368000
344,1789458585629659439,1789458585609661000,33366000
345,1789458585662986517,1789458585643028000,33367000
346,1789458585696121777,1789458585676394000,33366000
347,1789458585729997951,1789458585709762000,33368000
348,1789458585762922848,1789458585743129000,33367000
349,1789458585795989449,1789458585776496000,33367000
350,1789458585830254402,1789458585809866000,33370000
351,1789458585862881536,1789458585843232000,33366000
352,1789458585896308007,1789458585876597000,33365000
353,1789458585929694037,1789458585909965000,33368000
354,1789458585962889580,1789458585943331000,33366000
355,1789458585996333991,1789458585976697000,33366000
356,1789458586029795081,1789458586010063000,33366000
357,1789458586063472881,1789458586043430000,33367000
358,1789458586096439686,1789458586076795000,33365000
359,1789458586130102931,1789458586110163000,33368000
360,1789458586163395778,1789458586143531000,33368000
361,1789458586196874745,1789458586176897000,33366000
362,1789458586230632913,1789458586210268000,33371000
363,1789458586263436898,1789458586243635000,33367000
364,1789458586296623011,1789458586277000000,33365000
365,1789458586330696202,1789458586310371000,33371000
366,1789458586364338540,1789458586343744000,33373000
367,1789458586397109949,1789458586377111000,33367000
368,1789458586431357440,1789458586410476000,33365000
369,1789458586464281952,1789458586443847000,33371000
370,1789458586498181874,1789458586477220000,33373000
371,1789458586530587534,1789458586510587000,33367000
372,1789458586563985431,1789458586543952000,33365000
373,1789458586597207867,1789458586577319000,33367000
374,1789458586630670556,1789458586610687000,33368000
375,1789458586663694750,1789458586644054000,33367000
376,1789458586697137234,1789458586677421000,33367000
377,1789458586731030325,1789458586710791000,33370000
378,1789458586764304239,1789458586744157000,33366000
379,1789458586797599820,1789458586777524000,33367000
380,1789458586830449414,1789458586810891000,33367000
381,1789458586864391298,1789458586844256000,33365000
382,1789458586897731086,1789458586877622000,33366000
383,1789458586931047473,1789458586910989000,33367000
384,1789458586964523716,1789458586944355000,33366000
385,1789458586997920101,1789458586977720000,33365000
386,1789458587030880778,1789458587011087000,33367000
387,1789458587064613138,1789458587044454000,33367000
388,1789458587097712398,1789458587077819000,33365000
389,1789458587130722914,1789458587111187000,33368000
390,1789458587164698654,1789458587144552000,33365000
391,1789458587197718205,1789458587177918000,33366000
392,1789458587231172176,1789458587211286000,33368000
393,1789458587264745663,1789458587244652000,33366000
394,1789458587297804863,1789458587278018000,33366000
395,1789458587331466572,1789458587311384000,33366000
396,1789458587364496131,1789458587344752000,33368000
397,1789458587397832499,1789458587378117000,33365000
398,1789458587431328622,1789458587411484000,33367000
399,1789458587464891370,1789458587444851000,33367000
400,1789458587498364193,1789458587478217000,33366000
401,1789458587531274056,1789458587511583000,33366000
402,1789458587564743173,1789458587544949000,33366000
403,1789458587598196813,1789458587578317000,33368000
404,1789458587631441032,1789458587611682000,33365000
405,1789458587664649570,1789458587645049000,33367000
406,1789458587698448845,1789458587678416000,33367000
407,1789458587731893700,1789458587711782000,33366000
408,1789458587765018103,1789458587745149000,33367000
409,1789458587798502656,1789458587778516000,33367000
410,1789458587831940960,1789458587811882000,33366000
411,1789458587864962565,1789458587845249000,33367000
412,1789458587898429849,1789458587878616000,33367000
413,1789458587931757652,1789458587911982000,33366000
414,1789458587965396051,1789458587945350000,33368000
415,1789458587998764274,1789458587978715000,33365000
416,1789458588032174280,1789458588012083000,33368000
417,1789458588065508971,1789458588045449000,33366000
418,1789458588098959903,1789458588078815000,33366000
419,1789458588132313146,1789458588112182000,33367000
420,1789458588166012876,1789458588145549000,33367000
421,1789458588198857662,1789458588178916000,33367000
422,1789458588232280695,1789458588212282000,33366000
423,1789458588266708471,1789458588245649000,33367000
424,1789458588298907693,1789458588279017000,33368000
425,1789458588332555795,1789458588312385000,33368000
426,1789458588365874558,1789458588345752000,33367000
427,1789458588399138968,1789458588379120000,33368000
428,1789458588433151788,1789458588412489000,33369000
429,1789458588466161038,1789458588445859000,33370000
430,1789458588499499115,1789458588479227000,33368000
431,1789458588532514274,1789458588512594000,33367000
432,1789458588566359756,1789458588545961000,33367000
433,1789458588599139100,1789458588579329000,33368000
434,1789458588632609174,1789458588612696000,33367000
435,1789458588666346229,1789458588646063000,33367000
436,1789458588699587388,1789458588679429000,33366000
437,1789458588732966005,1789458588712800000,33371000
438,1789458588765883596,1789458588746166000,33366000
439,1789458588799671799,1789458588779534000,33368000
440,1789458588833746607,1789458588812904000,33370000
441,1789458588866109492,1789458588846273000,33369000
442,1789458588899982341,1789458588879644000,33371000
443,1789458588933649395,1789458588913011000,33367000
444,1789458588965952747,1789458588946377000,33366000
445,1789458588999397688,1789458588979743000,33366000
446,1789458589033274518,1789458589013110000,33367000
447,1789458589066773068,1789458589046477000,33367000
448,1789458589099609885,1789458589079844000,33367000
449,1789458589133398715,1789458589113210000,33366000
450,1789458589167138240,1789458589146582000,33372000
451,1789458589199794405,1789458589179949000,33367000
452,1789458589233445117,1789458589213315000,33366000
453,1789458589267085490,1789458589246685000,33370000
454,1789458589299619986,1789458589280050000,33365000
455,1789458589333500394,1789458589313418000,33368000
456,1789458589366791936,1789458589346786000,33368000
457,1789458589400186646,1789458589380155000,33369000
458,1789458589433207951,1789458589413521000,33366000
459,1789458589466762738,1789458589446889000,33368000
460,1789458589500196184,1789458589480255000,33366000
461,1789458589533581578,1789458589513622000,33367000
462,1789458589566839983,1789458589546987000,33365000
463,1789458589599977399,1789458589580355000,33368000
464,1789458589633498887,1789458589613720000,33365000
465,1789458589666969418,1789458589647088000,33368000
466,1789458589700125396,1789458589680455000,33367000
467,1789458589733781267,1789458589713822000,33367000
468,1789458589766771989,1789458589747188000,33366000
469,1789458589800489877,1789458589780555000,33367000
470,1789458589833934633,1789458589813922000,33367000
471,1789458589867124520,1789458589847289000,33367000
472,1789458589900675570,1789458589880655000,33366000
473,1789458589933635469,1789458589914022000,33367000
474,1789458589967242596,1789458589947388000,33366000
475,1789458590000427213,1789458589980756000,33368000
476,1789458590033973980,1789458590014122000,33366000
477,1789458590067361543,1789458590047489000,33367000
478,1789458590101068628,1789458590080857000,33368000
479,1789458590134083597,1789458590114224000,33367000
480,1789458590168163927,1789458590147594000,33370000
481,1789458590200950441,1789458590180962000,33368000
482,1789458590234065604,1789458590214328000,33366000
483,1789458590267680619,1789458590247695000,33367000
484,1789458590300843875,1789458590281063000,33368000
485,1789458590334499050,1789458590314429000,33366000
486,1789458590367943150,1789458590347796000,33367000
487,1789458590401199557,1789458590381163000,33367000
488,1789458590434620357,1789458590414531000,33368000
489,1789458590467541985,1789458590447898000,33367000
490,1789458590500819728,1789458590481265000,33367000
491,1789458590534517276,1789458590514632000,33367000
492,1789458590568095057,1789458590547999000,33367000
493,1789458590601176101,1789458590581367000,33368000
494,1789458590635129631,1789458590614734000,33367000
495,1789458590668036604,1789458590648100000,33366000
496,1789458590701372067,1789458590681467000,33367000
497,1789458590734505841,1789458590714835000,33368000
498,1789458590768271918,1789458590748202000,33367000
499,1789458590801524918,1789458590781567000,33365000
500,1789458590834974308,1789458590814935000,33368000
501,1789458590868219274,1789458590848303000,33368000
502,1789458590901629566,1789458590881670000,33367000
503,1789458590934942651,1789458590915035000,33365000
504,1789458590968632495,1789458590948407000,33372000
505,1789458591001572296,1789458590981773000,33366000
506,1789458591035567704,1789458591015141000,33368000
507,1789458591068892193,1789458591048512000,33371000
508,1789458591101547525,1789458591081879000,33367000
509,1789458591135477931,1789458591115248000,33369000
510,1789458591168590082,1789458591148615000,33367000
511,1789458591201479809,1789458591181981000,33366000
512,1789458591235165693,1789458591215349000,33368000
513,1789458591268369062,1789458591248715000,33366000
514,1789458591302497791,1789458591282082000,33367000
515,1789458591336009223,1789458591315450000,33368000
516,1789458591368629945,1789458591348816000,33366000
517,1789458591402438951,1789458591382184000,33368000
518,1789458591435862852,1789458591415550000,33366000
519,1789458591468721325,1789458591448918000,33368000
520,1789458591501888601,1789458591482284000,33366000
521,1789458591535693300,1789458591515652000,33368000
522,1789458591569177004,1789458591549018000,33366000
523,1789458591602517901,1789458591582387000,33369000
524,1789458591636304859,1789458591615757000,33370000
525,1789458591669126729,1789458591649126000,33369000
526,1789458591702583516,1789458591682492000,33366000
527,1789458591735887990,1789458591715860000,33368000
528,1789458591769362758,1789458591749227000,33367000
529,1789458591802567650,1789458591782595000,33368000
530,1789458591836197978,1789458591815963000,33368000
531,1789458591869598227,1789458591849332000,33369000
532,1789458591903040019,1789458591882700000,33368000
533,1789458591936116258,1789458591916068000,33368000
534,1789458591969514504,1789458591949433000,33365000
535,1789458592002688825,1789458591982802000,33369000
536,1789458592036213144,1789458592016169000,33367000
537,1789458592070234863,1789458592049540000,33371000
538,1789458592102858454,1789458592082906000,33366000
539,1789458592136162040,1789458592116275000,33369000
540,1789458592169908153,1789458592149643000,33368000
541,1789458592202794478,1789458592183011000,33368000
542,1789458592236629955,1789458592216378000,33367000
543,1789458592270347027,1789458592249750000,33372000
544,1789458592302888095,1789458592283117000,33367000
545,1789458592336790057,1789458592316484000,33367000
546,1789458592370115932,1789458592349851000,33367000
547,1789458592403614817,1789458592383219000,33368000
548,1789458592437298562,1789458592416590000,33371000
549,1789458592470205232,1789458592449961000,33371000
550,1789458592503239703,1789458592483328000,33367000
551,1789458592536470133,1789458592516695000,33367000
552,1789458592570163083,1789458592550062000,33367000
553,1789458592603668960,1789458592583429000,33367000
554,1789458592637223310,1789458592616799000,33370000
555,1789458592670345894,1789458592650165000,33366000
556,1789458592703399919,1789458592683533000,33368000
557,1789458592736993889,1789458592716899000,33366000
558,1789458592770534976,1789458592750268000,33369000
559,1789458592803681832,1789458592783636000,33368000
560,1789458592836814152,1789458592817003000,33367000
561,1789458592870548204,1789458592850369000,33366000
562,1789458592903936047,1789458592883739000,33370000
563,1789458592937798831,1789458592917108000,33369000
564,1789458592970786631,1789458592950477000,33369000
565,1789458593003606115,1789458592983843000,33366000
566,1789458593037578484,1789458593017192000,33349000
567,1789458593071063950,1789458593050579000,33387000
568,1789458593104009431,1789458593083946000,33367000
569,1789458593137663098,1789458593117314000,33368000
570,1789458593170805089,1789458593150684000,33370000
571,1789458593203844171,1789458593184052000,33368000
572,1789458593238369468,1789458593217422000,33370000
573,1789458593271211089,1789458593250792000,33370000
574,1789458593304268774,1789458593284161000,33369000
575,1789458593337796202,1789458593317529000,33368000
576,1789458593370998588,1789458593350897000,33368000
577,1789458593404372681,1789458593384262000,33365000
578,1789458593437626186,1789458593417631000,33369000
579,1789458593471165895,1789458593450999000,33368000
580,1789458593504535861,1789458593484366000,33367000
581,1789458593538085528,1789458593517736000,33370000
582,1789458593572038834,1789458593551104000,33368000
583,1789458593604811796,1789458593584476000,33372000
584,1789458593637941185,1789458593617842000,33366000
585,1789458593671127272,1789458593651208000,33366000
586,1789458593704675216,1789458593684578000,33370000
587,1789458593738527427,1789458593717950000,33372000
588,1789458593771623919,1789458593751319000,33369000
589,1789458593804787708,1789458593784687000,33368000
590,1789458593838100545,1789458593818052000,33365000
591,1789458593871506173,1789458593851420000,33368000
592,1789458593904944978,1789458593884787000,33367000
593,1789458593937970537,1789458593918155000,33368000
594,1789458593971291689,1789458593951522000,33367000
595,1789458594004893900,1789458593984889000,33367000
596,1789458594038734045,1789458594018260000,33371000
597,1789458594071813150,1789458594051630000,33370000
598,1789458594104618341,1789458594084997000,33367000
599,1789458594138257287,1789458594118364000,33367000
600,1789458594171210504,1789458594151730000,33366000
601,1789458594205072647,1789458594185097000,33367000
602,1789458594238215904,1789458594218462000,33365000
603,1789458594272563828,1789458594251835000,33373000
604,1789458594305155669,1789458594285201000,33366000
605,1789458594338539813,1789458594318569000,33368000
606,1789458594371606267,1789458594351934000,33365000
607,1789458594405647921,1789458594385304000,33370000
608,1789458594438860978,1789458594418671000,33367000
609,1789458594471767986,1789458594452039000,33368000
610,1789458594505520398,1789458594485404000,33365000
611,1789458594538805411,1789458594518772000,33368000
612,1789458594572038874,1789458594552140000,33368000
613,1789458594605319939,1789458594585507000,33367000
614,1789458594639095141,1789458594618873000,33366000
615,1789458594672340655,1789458594652241000,33368000
616,1789458594705281021,1789458594685607000,33366000
617,1789458594738692843,1789458594718974000,33367000
618,1789458594772055349,1789458594752342000,33368000
619,1789458594805652002,1789458594785708000,33366000
620,1789458594839403082,1789458594819076000,33368000
621,1789458594872492526,1789458594852443000,33367000
622,1789458594905648354,1789458594885810000,33367000
623,1789458594940207625,1789458594919176000,33366000
624,1789458594972330604,1789458594952545000,33369000
625,1789458595005836084,1789458594985911000,33366000
626,1789458595038891131,1789458595019278000,33367000
627,1789458595072267335,1789458595052645000,33367000
628,1789458595106022396,1789458595086013000,33368000
629,1789458595139025193,1789458595119379000,33366000
630,1789458595172364522,1789458595152747000,33368000
631,1789458595206375056,1789458595186112000,33365000
632,1789458595240038638,1789458595219484000,33372000
633,1789458595272595311,1789458595252850000,33366000
634,1789458595305949186,1789458595286218000,33368000
635,1789458595339654751,1789458595319585000,33367000
636,1789458595372986088,1789458595352952000,33367000
637,1789458595406544507,1789458595386318000,33366000
638,1789458595439574912,1789458595419686000,33368000
639,1789458595473211848,1789458595453052000,33366000
640,1789458595506127733,1789458595486420000,33368000
641,1789458595539375394,1789458595519786000,33366000
642,1789458595573051698,1789458595553153000,33367000
643,1789458595607115976,1789458595586524000,33371000
644,1789458595640104798,1789458595619893000,33369000
645,1789458595673408716,1789458595653259000,33366000
646,1789458595706598166,1789458595686628000,33369000
647,1789458595740027572,1789458595719994000,33366000
648,1789458595773884089,1789458595753367000,33373000
649,1789458595806656616,1789458595786734000,33367000
650,1789458595839896423,1789458595820101000,33367000
651,1789458595873323706,1789458595853468000,33367000
652,1789458595906792230,1789458595886834000,33366000
653,1789458595941125263,1789458595920208000,33374000
654,1789458595974292395,1789458595953579000,33371000
655,1789458596008234029,1789458595986946000,33367000
656,1789458596040179443,1789458596020314000,33368000
657,1789458596074357712,1789458596053687000,33373000
658,1789458596107027192,1789458596087054000,33367000
659,1789458596140352761,1789458596120423000,33369000
660,1789458596173575302,1789458596153789000,33366000
661,1789458596207158889,1789458596187158000,33369000
662,1789458596240146031,1789458596220525000,33367000
663,1789458596273924596,1789458596253892000,33367000
664,1789458596308206545,1789458596287264000,33372000
665,1789458596340725164,1789458596320632000,33368000
666,1789458596373779402,1789458596354000000,33368000
667,1789458596407445783,1789458596387366000,33366000
668,1789458596440493340,1789458596420735000,33369000
669,1789458596473853359,1789458596454102000,33367000
670,1789458596507464433,1789458596487468000,33366000
671,1789458596541070289,1789458596520837000,33369000
672,1789458596574146826,1789458596554206000,33369000
673,1789458596607898835,1789458596587577000,33371000
674,1789458596640735115,1789458596620943000,33366000
675,1789458596674292185,1789458596654312000,33369000
676,1789458596707417126,1789458596687678000,33366000
677,1789458596740960584,1789458596721045000,33367000
678,1789458596774510112,1789458596754412000,33367000
679,1789458596807797324,1789458596787780000,33368000
680,1789458596841235339,1789458596821145000,33365000
681,1789458596874505321,1789458596854514000,33369000
682,1789458596907502200,1789458596887879000,33365000
683,1789458596940917926,1789458596921248000,33369000
684,1789458596974570352,1789458596954613000,33365000
685,1789458597007927224,1789458596987981000,33368000
686,1789458597041265438,1789458597021349000,33368000
687,1789458597074637370,1789458597054716000,33367000
688,1789458597107961780,1789458597088082000,33366000
689,1789458597141260405,1789458597121450000,33368000
690,1789458597174927009,1789458597154816000,33366000
691,1789458597207923029,1789458597188184000,33368000
692,1789458597241463805,1789458597221551000,33367000
693,1789458597274658479,1789458597254917000,33366000
694,1789458597308028819,1789458597288284000,33367000
695,1789458597341587626,1789458597321652000,33368000
696,1789458597374853965,1789458597355019000,33367000
697,1789458597408314020,1789458597388386000,33367000
698,1789458597442380859,1789458597421754000,33368000
699,1789458597475212443,1789458597455120000,33366000
700,1789458597508596336,1789458597488489000,33369000
701,1789458597541763022,1789458597521854000,33365000
702,1789458597575050598,1789458597555221000,33367000
703,1789458597608854921,1789458597588588000,33367000
704,1789458597642032265,1789458597621956000,33368000
705,1789458597676430780,1789458597655323000,33367000
706,1789458597708479054,1789458597688692000,33369000
707,1789458597742044743,1789458597722059000,33367000
708,1789458597775798268,1789458597755427000,33368000
709,1789458597808920266,1789458597788793000,33366000
710,1789458597842102509,1789458597822161000,33368000
711,1789458597875633738,1789458597855531000,33370000
712,1789458597909025084,1789458597888899000,33368000
713,1789458597942319803,1789458597922265000,33366000
714,1789458597975732886,1789458597955634000,33369000
715,1789458598008879828,1789458597989000000,33366000
716,1789458598042635610,1789458598022367000,33367000
717,1789458598075540834,1789458598055734000,33367000
718,1789458598108899055,1789458598089103000,33369000
719,1789458598142255583,1789458598122470000,33367000
720,1789458598176186629,1789458598155840000,33370000
721,1789458598209651175,1789458598189209000,33369000
722,1789458598242391352,1789458598222576000,33367000
723,1789458598277057195,1789458598255944000,33368000
724,1789458598309524137,1789458598289311000,33367000
725,1789458598343191395,1789458598322683000,33372000
726,1789458598375909003,1789458598356050000,33367000
727,1789458598410211495,1789458598389423000,33373000
728,1789458598442977737,1789458598422792000,33369000
729,1789458598477145485,1789458598456160000,33368000
730,1789458598510046321,1789458598489527000,33367000
731,1789458598542784004,1789458598522895000,33368000
732,1789458598576473390,1789458598556261000,33366000
733,1789458598609800126,1789458598589629000,33368000
734,1789458598643556049,1789458598622996000,33367000
735,1789458598676896048,1789458598656367000,33371000
736,1789458598710175773,1789458598689736000,33369000
737,1789458598743000878,1789458598723103000,33367000
738,1789458598776409677,1789458598756470000,33367000
739,1789458598810671157,1789458598789837000,33367000
740,1789458598843344338,1789458598823204000,33367000
741,1789458598876517347,1789458598856572000,33368000
742,1789458598910503599,1789458598889942000,33370000
743,1789458598943365738,1789458598923310000,33368000
744,1789458598977453327,1789458598956678000,33368000
745,1789458599009968885,1789458598990047000,33369000
746,1789458599043820386,1789458599023417000,33370000
747,1789458599076496102,1789458599056785000,33368000
748,1789458599110049655,1789458599090152000,33367000
749,1789458599143406526,1789458599123520000,33368000
750,1789458599177457233,1789458599156889000,33369000
751,1789458599210560412,1789458599190260000,33371000
752,1789458599244355615,1789458599223631000,33371000
753,1789458599277243931,1789458599257001000,33370000
754,1789458599310510785,1789458599290368000,33367000
755,1789458599343998574,1789458599323736000,33368000
756,1789458599377235716,1789458599357103000,33367000
757,1789458599410550223,1789458599390471000,33368000
758,1789458599443993123,1789458599423840000,33369000
759,1789458599477292354,1789458599457207000,33367000
760,1789458599510750501,1789458599490574000,33367000
761,1789458599543921418,1789458599523942000,33368000
762,1789458599578151557,1789458599557315000,33373000
763,1789458599610906040,1789458599590683000,33368000
764,1789458599643992351,1789458599624051000,33368000
765,1789458599677558816,1789458599657418000,33367000
766,1789458599711225586,1789458599690789000,33371000
767,1789458599744196225,1789458599724157000,33368000
768,1789458599777606248,1789458599757524000,33367000
769,1789458599810894960,1789458599790892000,33368000
770,1789458599843964040,1789458599824259000,33367000
771,1789458599878216428,1789458599857629000,33370000
772,1789458599911207222,1789458599890996000,33367000
773,1789458599944602119,1789458599924363000,33367000
774,1789458599977637481,1789458599957731000,33368000
775,1789458600013206555,1789458599991101000,33370000
776,1789458600044619283,1789458600024468000,33367000
777,1789458600077806500,1789458600057836000,33368000
778,1789458600112073567,1789458600091205000,33369000
779,1789458600144515287,1789458600124573000,33368000
780,1789458600177885402,1789458600157942000,33369000
781,1789458600211467847,1789458600191308000,33366000
782,1789458600244508530,1789458600224677000,33369000
783,1789458600277949128,1789458600258042000,33365000
784,1789458600311353603,1789458600291412000,33370000
785,1789458600344701440,1789458600324779000,33367000
786,1789458600378280610,1789458600358146000,33367000
787,1789458600411122826,1789458600391513000,33367000
788,1789458600445035265,1789458600424881000,33368000
789,1789458600478359581,1789458600458248000,33367000
790,1789458600511550375,1789458600491616000,33368000
791,1789458600544895317,1789458600524983000,33367000
792,1789458600578317483,1789458600558352000,33369000
793,1789458600612107449,1789458600591719000,33367000
794,1789458600644832262,1789458600625088000,33369000
795,1789458600678786474,1789458600658457000,33369000
796,1789458600711777620,1789458600691824000,33367000
797,1789458600744841693,1789458600725191000,33367000
798,1789458600778319556,1789458600758559000,33368000
799,1789458600811686466,1789458600791925000,33366000
800,1789458600845104094,1789458600825294000,33369000
801,1789458600878337091,1789458600858660000,33366000
802,1789458600911951692,1789458600892029000,33369000
803,1789458600945002432,1789458600925395000,33366000
804,1789458600978649209,1789458600958765000,33370000
805,1789458601012017303,1789458600992108000,33343000
806,1789458601045221441,1789458601025501000,33393000
807,1789458601078680503,1789458601058867000,33366000
808,1789458601112781292,1789458601092236000,33369000
809,1789458601145237568,1789458601125603000,33367000
810,1789458601178996993,1789458601158970000,33367000
811,1789458601212185182,1789458601192338000,33368000
812,1789458601245292291,1789458601225706000,33368000
813,1789458601278972789,1789458601259072000,33366000
814,1789458601312239225,1789458601292441000,33369000
815,1789458601345667954,1789458601325810000,33369000
816,1789458601379157589,1789458601359178000,33368000
817,1789458601412523509,1789458601392546000,33368000
818,1789458601445909423,1789458601425914000,33368000
819,1789458601479319840,1789458601459283000,33369000
820,1789458601512805959,1789458601492650000,33367000
821,1789458601546079868,1789458601526019000,33369000
822,1789458601579487741,1789458601559387000,33368000
823,1789458601613235656,1789458601592754000,33367000
824,1789458601646222485,1789458601626122000,33368000
825,1789458601679361089,1789458601659490000,33368000
826,1789458601712840627,1789458601692856000,33366000
827,1789458601746618844,1789458601726227000,33371000
828,1789458601779653768,1789458601759595000,33368000
829,1789458601813494785,1789458601792967000,33372000
830,1789458601846388672,1789458601826334000,33367000
831,1789458601879705987,1789458601859702000,33368000
832,1789458601913152727,1789458601893069000,33367000
833,1789458601946471334,1789458601926436000,33367000
834,1789458601979789811,1789458601959804000,33368000
835,1789458602013165443,1789458601993171000,33367000
836,1789458602046574810,1789458602026538000,33367000
837,1789458602079784969,1789458602059906000,33368000
838,1789458602113215502,1789458602093274000,33368000
839,1789458602146540492,1789458602126641000,33367000
840,1789458602179960316,1789458602160007000,33366000
841,1789458602213169965,1789458602193375000,33368000
842,1789458602246687059,1789458602226743000,33368000
843,1789458602279974052,1789458602260110000,33367000
844,1789458602313123306,1789458602293478000,33368000
845,1789458602346783830,1789458602326845000,33367000
846,1789458602380319386,1789458602360211000,33366000
847,1789458602413332993,1789458602393580000,33369000
848,1789458602446743642,1789458602426948000,33368000
849,1789458602480366009,1789458602460317000,33369000
850,1789458602513479700,1789458602493683000,33366000
851,1789458602546785686,1789458602527051000,33368000
852,1789458602580507287,1789458602560420000,33369000
853,1789458602613731962,1789458602593786000,33366000
854,1789458602646931432,1789458602627154000,33368000
855,1789458602680243690,1789458602660521000,33367000
856,1789458602713602448,1789458602693889000,33368000
857,1789458602747168968,1789458602727257000,33368000
858,1789458602780372616,1789458602760624000,33367000
859,1789458602814038640,1789458602793992000,33368000
860,1789458602847514092,1789458602827358000,33366000
861,1789458602880381634,1789458602860726000,33368000
862,1789458602913817937,1789458602894094000,33368000
863,1789458602947351200,1789458602927460000,33366000
864,1789458602980872071,1789458602960828000,33368000
865,1789458603013876928,1789458602994195000,33367000
866,1789458603047246676,1789458603027564000,33369000
867,1789458603080624439,1789458603060930000,33366000
868,1789458603115257370,1789458603094299000,33369000
869,1789458603148010623,1789458603127670000,33371000
870,1789458603180810628,1789458603161038000,33368000
871,1789458603214369546,1789458603194406000,33368000
872,1789458603248431962,1789458603227776000,33370000
873,1789458603280902652,1789458603261142000,33366000
874,1789458603314544545,1789458603294510000,33368000
875,1789458603348605379,1789458603327878000,33368000
876,1789458603380982646,1789458603361247000,33369000
877,1789458603414670619,1789458603394614000,33367000
878,1789458603447721011,1789458603427981000,33367000
879,1789458603481743918,1789458603461349000,33368000
880,1789458603515551500,1789458603494717000,33368000
881,1789458603548117176,1789458603528087000,33370000
882,1789458603581477187,1789458603561455000,33368000
883,1789458603614964240,1789458603594822000,33367000
884,1789458603648723838,1789458603628191000,33369000
885,1789458603681564213,1789458603661560000,33369000
886,1789458603714751553,1789458603694928000,33368000
887,1789458603748067067,1789458603728296000,33368000
888,1789458603781656638,1789458603761665000,33369000
889,1789458603815062740,1789458603795032000,33367000
890,1789458603848702269,1789458603828400000,33368000
891,1789458603882137241,1789458603861770000,33370000
892,1789458603915407626,1789458603895139000,33369000
893,1789458603948388415,1789458603928506000,33367000
894,1789458603981818929,1789458603961873000,33367000
895,1789458604015244953,1789458603995240000,33367000
896,1789458604048302177,1789458604028609000,33369000
897,1789458604081740545,1789458604061976000,33367000
898,1789458604115438046,1789458604095344000,33368000
899,1789458604149456236,1789458604128712000,33368000
900,1789458604182455679,1789458604162083000,33371000
901,1789458604215225000,1789458604195450000,33367000
902,1789458604249060201,1789458604228821000,33371000
903,1789458604283330722,1789458604262189000,33368000
904,1789458604315468511,1789458604295555000,33366000
905,1789458604349075063,1789458604328924000,33369000
906,1789458604381983756,1789458604362292000,33368000
907,1789458604415247811,1789458604395659000,33367000
908,1789458604448644306,1789458604429028000,33369000
909,1789458604481939314,1789458604462394000,33366000
910,1789458604515725720,1789458604495761000,33367000
911,1789458604548970200,1789458604529128000,33367000
912,1789458604582266140,1789458604562497000,33369000
913,1789458604615570986,1789458604595864000,33367000
914,1789458604649227626,1789458604629232000,33368000
915,1789458604682215047,1789458604662599000,33367000
916,1789458604715942299,1789458604695967000,33368000
917,1789458604749152129,1789458604729334000,33367000
918,1789458604782273915,1789458604762702000,33368000
919,1789458604815728462,1789458604796235000,33533000
920,1789458604849543868,1789458604829602000,33367000
921,1789458604882839728,1789458604862968000,33366000
922,1789458604915988271,1789458604896334000,33366000
923,1789458604949262613,1789458604929702000,33368000
924,1789458604982723110,1789458604963067000,33365000
925,1789458605016365283,1789458604996434000,33367000
926,1789458605049704078,1789458605029801000,33367000
927,1789458605083058790,1789458605063167000,33366000
928,1789458605116235532,1789458605096534000,33367000
929,1789458605149685451,1789458605129902000,33368000
930,1789458605182751890,1789458605163267000,33365000
931,1789458605216570823,1789458605196634000,33367000
932,1789458605249810926,1789458605230000000,33366000
933,1789458605283036793,1789458605263367000,33367000
934,1789458605316721582,1789458605296733000,33366000
935,1789458605349987450,1789458605330458000,33725000
936,1789458605383039263,1789458605363822000,33364000
937,1789458605416319065,1789458605397185000,33363000
938,1789458605449760329,1789458605430550000,33365000
939,1789458605483061348,1789458605463914000,33364000
940,1789458605518132969,1789458605497288000,33374000
941,1789458605550165362,1789458605530654000,33366000
942,1789458605583493609,1789458605564018000,33364000
943,1789458605617004644,1789458605597383000,33365000
944,1789458605651248179,1789458605630752000,33369000
945,1789458605684757422,1789458605664123000,33371000
946,1789458605718032205,1789458605697494000,33371000
947,1789458605750439553,1789458605730858000,33364000
948,1789458605784602317,1789458605764225000,33367000
949,1789458605817215274,1789458605797591000,33366000
950,1789458605850820434,1789458605830959000,33368000
951,1789458605884355683,1789458605864648000,33689000
952,1789458605917197089,1789458605898012000,33364000
953,1789458605950726717,1789458605931375000,33363000
954,1789458605984127430,1789458605964739000,33364000
955,1789458606017228920,1789458605998100000,33361000
956,1789458606050709202,1789458606031465000,33365000
957,1789458606084616320,1789458606064829000,33364000
958,1789458606117889730,1789458606098195000,33366000
959,1789458606150848180,1789458606131558000,33363000
960,1789458606184143599,1789458606164920000,33362000
961,1789458606217564387,1789458606198284000,33364000
962,1789458606251177281,1789458606231650000,33366000
963,1789458606285049638,1789458606265307000,33657000
964,1789458606318726172,1789458606298674000,33367000
965,1789458606351592571,1789458606332038000,33364000
966,1789458606385661421,1789458606365400000,33362000
967,1789458606418559575,1789458606398766000,33366000
968,1789458606451042825,1789458606432129000,33363000
969,1789458606484334917,1789458606465491000,33362000
970,1789458606517689249,1789458606498852000,33361000
971,1789458606551473112,1789458606532479000,33627000
972,1789458606585146832,1789458606565844000,33365000
973,1789458606618603613,1789458606599208000,33364000
974,1789458606651245580,1789458606632567000,33359000
975,1789458606684575710,1789458606665927000,33360000
976,1789458606718215881,1789458606699287000,33360000
977,1789458606751459309,1789458606732647000,33360000
978,1789458606785080848,1789458606766008000,33361000
979,1789458606818034549,1789458606799603000,33595000
980,1789458606851315142,1789458606832962000,33359000
981,1789458606884949804,1789458606866319000,33357000
982,1789458606918371253,1789458606899678000,33359000
983,1789458606951387163,1789458606933036000,33358000
984,1789458606984717383,1789458606966394000,33358000
985,1789458607018267127,1789458606999753000,33359000
986,1789458607051758748,1789458607033111000,33358000
987,1789458607085126964,1789458607066470000,33359000
988,1789458607118256151,1789458607099828000,33358000
989,1789458607152210211,1789458607133190000,33362000
990,1789458607185152172,1789458607166549000,33359000
991,1789458607218592774,1789458607200120000,33571000
992,1789458607251998595,1789458607233477000,33357000
993,1789458607285379212,1789458607266835000,33358000
994,1789458607318539494,1789458607300192000,33357000
995,1789458607352710454,1789458607333554000,33362000
996,1789458607385345156,1789458607366913000,33359000
997,1789458607419073031,1789458607400273000,33360000
998,1789458607452219358,1789458607433630000,33357000
999,1789458607485262175,1789458607466989000,33359000
1000,1789458607519676490,1789458607500351000,33362000
1001,1789458607552211678,1789458607533710000,33359000
1002,1789458607585599248,1789458607567068000,33358000
1003,1789458607619332572,1789458607600428000,33360000
1004,1789458607653122636,1789458607633790000,33362000
1005,1789458607685853547,1789458607667149000,33359000
1006,1789458607719217064,1789458607700511000,33362000
1007,1789458607752776915,1789458607734061000,33550000
1008,1789458607785444846,1789458607767417000,33356000
1009,1789458607819278255,1789458607800775000,33358000
1010,1789458607852180576,1789458607834133000,33358000
1011,1789458607885982760,1789458607867490000,33357000
1012,1789458607920526220,1789458607900854000,33364000
1013,1789458607953252944,1789458607934216000,33362000
1014,1789458607986353742,1789458607967575000,33359000
1015,1789458608019043892,1789458608000934000,33359000
1016,1789458608053137826,1789458608034291000,33357000
1017,1789458608086512953,1789458608067651000,33360000
1018,1789458608119846186,1789458608101009000,33358000
1019,1789458608153424479,1789458608134571000,33562000
1020,1789458608186436851,1789458608167928000,33357000
1021,1789458608219531126,1789458608201284000,33356000
1022,1789458608253835369,1789458608234647000,33363000
1023,1789458608286719988,1789458608268005000,33358000
1024,1789458608319635200,1789458608301362000,33357000
1025,1789458608353302117,1789458608334718000,33356000
1026,1789458608386195842,1789458608368076000,33358000
1027,1789458608419550062,1789458608401434000,33358000
1028,1789458608453111325,1789458608434790000,33356000
1029,1789458608486990543,1789458608468152000,33362000
1030,1789458608520111415,1789458608501511000,33359000
1031,1789458608553038669,1789458608535047000,33536000
1032,1789458608587118208,1789458608568406000,33359000
1033,1789458608620027971,1789458608601763000,33357000
1034,1789458608654204992,1789458608635122000,33359000
1035,1789458608686859888,1789458608668481000,33359000
1036,1789458608719913181,1789458608701837000,33356000
1037,1789458608753273402,1789458608735193000,33356000
1038,1789458608787296142,1789458608768553000,33360000
1039,1789458608820048940,1789458608802045000,33492000
1040,1789458608853446617,1789458608835400000,33355000
1041,1789458608887042490,1789458608868756000,33356000
1042,1789458608920479325,1789458608902112000,33356000
1043,1789458608953758414,1789458608935471000,33359000
1044,1789458608986799357,1789458608968826000,33355000
1045,1789458609020206541,1789458609002182000,33356000
1046,1789458609053580375,1789458609035539000,33357000
1047,1789458609087070471,1789458609068896000,33357000
1048,1789458609120871153,1789458609102255000,33359000
1049,1789458609153628988,1789458609135612000,33357000
1050,1789458609186926057,1789458609168969000,33357000
1051,1789458609220262335,1789458609202446000,33477000
1052,1789458609253646486,1789458609235801000,33355000
1053,1789458609287014219,1789458609269158000,33357000
1054,1789458609320338817,1789458609302514000,33356000
1055,1789458609354397990,1789458609335871000,33357000
1056,1789458609388431629,1789458609369231000,33360000
1057,1789458609420556285,1789458609402589000,33358000
1058,1789458609453888887,1789458609435946000,33357000
1059,1789458609487658143,1789458609469301000,33355000
1060,1789458609521281032,1789458609502659000,33358000
1061,1789458609554165749,1789458609536018000,33359000
1062,1789458609588260014,1789458609569378000,33360000
1063,1789458609622224853,1789458609602846000,33468000
1064,1789458609654495795,1789458609636203000,33357000
1065,1789458609687995589,1789458609669560000,33357000
1066,1789458609721539901,1789458609702917000,33357000
1067,1789458609754552632,1789458609736274000,33357000
1068,1789458609787855772,1789458609769631000,33357000
1069,1789458609821338837,1789458609802987000,33356000
1070,1789458609854778876,1789458609836345000,33358000
1071,1789458609888530221,1789458609869700000,33355000
1072,1789458609922147642,1789458609903062000,33362000
1073,1789458609954446413,1789458609936420000,33358000
1074,1789458609987890369,1789458609969776000,33356000
1075,1789458610021569010,1789458610003133000,33357000
1076,1789458610054999662,1789458610036491000,33358000
1077,1789458610088373534,1789458610069848000,33357000
1078,1789458610122511475,1789458610103211000,33363000
1079,1789458610154901694,1789458610136568000,33357000
1080,1789458610188345519,1789458610169926000,33358000
1081,1789458610222022632,1789458610203286000,33360000
1082,1789458610255577351,1789458610236649000,33363000
1083,1789458610288246829,1789458610270006000,33357000
1084,1789458610321746301,1789458610303363000,33357000
1085,1789458610355188924,1789458610336721000,33358000
1086,1789458610388387128,1789458610370080000,33359000
1087,1789458610421992486,1789458610403439000,33359000
1088,1789458610455141354,1789458610436799000,33360000
1089,1789458610488683701,1789458610470158000,33359000
1090,1789458610521913020,1789458610503515000,33357000
1091,1789458610555483176,1789458610536872000,33357000
1092,1789458610589232707,1789458610570231000,33359000
1093,1789458610622170926,1789458610603589000,33358000
1094,1789458610655697055,1789458610636949000,33360000
1095,1789458610688869845,1789458610670307000,33358000
1096,1789458610722039029,1789458610703667000,33360000
1097,1789458610755280078,1789458610737028000,33361000
1098,1789458610789466615,1789458610770389000,33361000
1099,1789458610822387453,1789458610803747000,33358000
1100,1789458610855726374,1789458610837107000,33360000
1101,1789458610889438379,1789458610870467000,33360000
1102,1789458610922643255,1789458610903829000,33362000
1103,1789458610956108327,1789458610937188000,33359000
1104,1789458610989612848,1789458610970551000,33363000
1105,1789458611022116169,1789458611003910000,33359000
1106,1789458611055614478,1789458611037270000,33360000
1107,1789458611090252004,1789458611070634000,33364000
1108,1789458611122571696,1789458611103994000,33360000
1109,1789458611156158941,1789458611137354000,33360000
1110,1789458611189982160,1789458611170714000,33360000
1111,1789458611222746912,1789458611204073000,33359000
1112,1789458611256359662,1789458611237434000,33361000
1113,1789458611289565357,1789458611270794000,33360000
1114,1789458611323332337,1789458611304156000,33362000
1115,1789458611356213774,1789458611337516000,33360000
1116,1789458611389158322,1789458611370876000,33360000
1117,1789458611423926998,1789458611404242000,33366000
1118,1789458611457124149,1789458611437605000,33363000
1119,1789458611490177558,1789458611470968000,33363000
1120,1789458611523302242,1789458611504328000,33360000
1121,1789458611556094182,1789458611537688000,33360000
1122,1789458611589457495,1789458611571048000,33360000
1123,1789458611624001617,1789458611604413000,33365000
1124,1789458611656278905,1789458611637774000,33361000
1125,1789458611690120325,1789458611671137000,33363000
1126,1789458611723339194,1789458611704501000,33364000
1127,1789458611757206039,1789458611737864000,33363000
1128,1789458611791188297,1789458611771232000,33368000
1129,1789458611823336788,1789458611804592000,33360000
1130,1789458611856820261,1789458611837953000,33361000
1131,1789458611890383794,1789458611871315000,33362000
1132,1789458611924113880,1789458611904679000,33364000
1133,1789458611956804271,1789458611938040000,33361000
1134,1789458611990222931,1789458611971400000,33360000
1135,1789458612023337082,1789458612004760000,33360000
1136,1789458612057009784,1789458612038122000,33362000
1137,1789458612090026136,1789458612071483000,33361000
1138,1789458612123705350,1789458612104845000,33362000
1139,1789458612157532614,1789458612138207000,33362000
1140,1789458612190417194,1789458612171567000,33360000
1141,1789458612223838957,1789458612204928000,33361000
1142,1789458612257521337,1789458612238290000,33362000
1143,1789458612290641450,1789458612271650000,33360000
1144,1789458612324139346,1789458612305011000,33361000
1145,1789458612357296835,1789458612338371000,33360000
1146,1789458612390810469,1789458612371736000,33365000
1147,1789458612424219549,1789458612404944000,33208000
1148,1789458612458354223,1789458612438311000,33367000
1149,1789458612490728608,1789458612471673000,33362000
1150,1789458612524070961,1789458612505035000,33362000
1151,1789458612557550285,1789458612538028000,32993000
1152,1789458612590775012,1789458612571395000,33367000
1153,1789458612625384438,1789458612604765000,33370000
1154,1789458612657619929,1789458612638129000,33364000
1155,1789458612690702407,1789458612670815000,32686000
1156,1789458612723960422,1789458612704184000,33369000
1157,1789458612757966400,1789458612737555000,33371000
1158,1789458612791124440,1789458612770924000,33369000
1159,1789458612824491676,1789458612803891000,32967000
1160,1789458612857994892,1789458612837262000,33371000
1161,1789458612891520417,1789458612870635000,33373000
1162,1789458612924780055,1789458612904008000,33373000
1163,1789458612957975230,1789458612936980000,32972000
1164,1789458612992520634,1789458612970360000,33380000
1165,1789458613024800650,1789458613003733000,33373000
1166,1789458613057955182,1789458613037108000,33375000
1167,1789458613091714234,1789458613070021000,32913000
1168,1789458613125132328,1789458613103402000,33381000
1169,1789458613157775732,1789458613136779000,33377000
1170,1789458613191991607,1789458613170159000,33380000
1171,1789458613224883327,1789458613203214000,33055000
1172,1789458613258488700,1789458613236596000,33382000
1173,1789458613291760416,1789458613269979000,33383000
1174,1789458613324736404,1789458613303358000,33379000
1175,1789458613358085677,1789458613336735000,33377000
1176,1789458613391664764,1789458613370115000,33380000
1177,1789458613424899956,1789458613403495000,33380000
1178,1789458613458679585,1789458613436877000,33382000
1179,1789458613492115520,1789458613470259000,33382000
1180,1789458613525798930,1789458613503642000,33383000
1181,1789458613558583231,1789458613537021000,33379000
1182,1789458613591948332,1789458613570401000,33380000
1183,1789458613625251584,1789458613603779000,33378000
1184,1789458613658602691,1789458613637158000,33379000
1185,1789458613691957503,1789458613670538000,33380000
1186,1789458613725817052,1789458613703917000,33379000
1187,1789458613758497491,1789458613737296000,33379000
1188,1789458613792014609,1789458613770675000,33379000
1189,1789458613825837463,1789458613804056000,33381000
1190,1789458613859032055,1789458613837436000,33380000
1191,1789458613892204237,1789458613870813000,33377000
1192,1789458613925281753,1789458613904190000,33377000
1193,1789458613959223466,1789458613937570000,33380000
1194,1789458613992473685,1789458613970949000,33379000
1195,1789458614025947505,1789458614004326000,33377000
1196,1789458614059161699,1789458614037705000,33379000
1197,1789458614092362749,1789458614071081000,33376000
1198,1789458614126023597,1789458614104459000,33378000
1199,1789458614159469848,1789458614137837000,33378000
1200,1789458614193011867,1789458614171219000,33382000
1201,1789458614226019377,1789458614204596000,33377000
1202,1789458614260049884,1789458614237979000,33383000
1203,1789458614292657732,1789458614271355000,33376000
1204,1789458614325657057,1789458614304732000,33377000
1205,1789458614359417981,1789458614338109000,33377000
1206,1789458614393076264,1789458614371486000,33377000
1207,1789458614426158406,1789458614404862000,33376000
1208,1789458614459457869,1789458614438239000,33377000
1209,1789458614493128294,1789458614471617000,33378000
1210,1789458614526232974,1789458614504992000,33375000
1211,1789458614559863389,1789458614538370000,33378000
1212,1789458614593109858,1789458614571747000,33377000
1213,1789458614626837183,1789458614605124000,33377000
1214,1789458614660195620,1789458614638497000,33373000
1215,1789458614692998500,1789458614671876000,33379000
1216,1789458614726351447,1789458614705252000,33376000
1217,1789458614760629379,1789458614738630000,33378000
1218,1789458614793339026,1789458614772005000,33375000
1219,1789458614826681395,1789458614805382000,33377000
1220,1789458614860148843,1789458614838757000,33375000
1221,1789458614893177700,1789458614872133000,33376000
1222,1789458614926498170,1789458614905511000,33378000
1223,1789458614960390625,1789458614938889000,33378000
1224,1789458614993928397,1789458614972268000,33379000
1225,1789458615026614461,1789458615005644000,33376000
1226,1789458615060520457,1789458615039023000,33379000
1227,1789458615093296748,1789458615072399000,33376000
1228,1789458615126873335,1789458615105774000,33375000
1229,1789458615160604334,1789458615139152000,33378000
1230,1789458615194068344,1789458615172526000,33374000
1231,1789458615227102678,1789458615205903000,33377000
1232,1789458615260394003,1789458615239279000,33376000
1233,1789458615293532711,1789458615272654000,33375000
1234,1789458615327331850,1789458615306030000,33376000
1235,1789458615360728681,1789458615339408000,33378000
1236,1789458615393869582,1789458615372783000,33375000
1237,1789458615427234848,1789458615406158000,33375000
1238,1789458615460772196,1789458615439536000,33378000
1239,1789458615493678255,1789458615472910000,33374000
1240,1789458615527344810,1789458615506286000,33376000
1241,1789458615560340536,1789458615539661000,33375000
1242,1789458615594059374,1789458615573035000,33374000
1243,1789458615627383968,1789458615606410000,33375000
1244,1789458615660810101,1789458615639785000,33375000
1245,1789458615693894252,1789458615673161000,33376000
1246,1789458615727650425,1789458615706534000,33373000
1247,1789458615760795744,1789458615739909000,33375000
1248,1789458615794285509,1789458615773284000,33375000
1249,1789458615827589036,1789458615806659000,33375000
1250,1789458615860592907,1789458615840034000,33375000
1251,1789458615894735449,1789458615873412000,33378000
1252,1789458615927608058,1789458615906786000,33374000
1253,1789458615961123318,1789458615940162000,33376000
1254,1789458615994447932,1789458615973534000,33372000
1255,1789458616027610860,1789458616006909000,33375000
1256,1789458616061068245,1789458616040285000,33376000
1257,1789458616094158594,1789458616073659000,33374000
1258,1789458616127537611,1789458616107033000,33374000
1259,1789458616160994504,1789458616140408000,33375000
1260,1789458616194952309,1789458616173785000,33377000
1261,1789458616227899918,1789458616207160000,33375000
1262,1789458616261137816,1789458616240535000,33375000
1263,1789458616294830875,1789458616273912000,33377000
1264,1789458616328474057,1789458616307289000,33377000
1265,1789458616361210092,1789458616340663000,33374000
1266,1789458616395573250,1789458616374042000,33379000
1267,1789458616427982521,1789458616407417000,33375000
1268,1789458616461430018,1789458616440791000,33374000
1269,1789458616494912737,1789458616474165000,33374000
1270,1789458616528094216,1789458616507538000,33373000
1271,1789458616561870281,1789458616540914000,33376000
1272,1789458616595776155,1789458616574294000,33380000
1273,1789458616628207184,1789458616607667000,33373000
1274,1789458616661664819,1789458616641041000,33374000
1275,1789458616696156914,1789458616674421000,33380000
1276,1789458616728725295,1789458616707794000,33373000
1277,1789458616761697056,1789458616741168000,33374000
1278,1789458616795368357,1789458616774541000,33373000
1279,1789458616828658327,1789458616807914000,33373000
1280,1789458616861549766,1789458616841288000,33374000
1281,1789458616895442677,1789458616874661000,33373000
1282,1789458616928600124,1789458616908033000,33372000
1283,1789458616961914106,1789458616941407000,33374000
1284,1789458616995183130,1789458616974780000,33373000
1285,1789458617028521776,1789458617008153000,33373000
1286,1789458617062045945,1789458617041526000,33373000
1287,1789458617095415191,1789458617074898000,33372000
1288,1789458617128708263,1789458617108272000,33374000
1289,1789458617162179068,1789458617141645000,33373000
1290,1789458617195456332,1789458617175017000,33372000
1291,1789458617228892827,1789458617208390000,33373000
1292,1789458617262449252,1789458617241763000,33373000
1293,1789458617295671830,1789458617275136000,33373000
1294,1789458617329220612,1789458617308508000,33372000
1295,1789458617362550599,1789458617341881000,33373000
1296,1789458617395854991,1789458617375254000,33373000
1297,1789458617429118742,1789458617408627000,33373000
1298,1789458617462765927,1789458617441999000,33372000
1299,1789458617496072684,1789458617475371000,33372000
1300,1789458617529474046,1789458617508745000,33374000
1301,1789458617562946274,1789458617542118000,33373000
1302,1789458617595857113,1789458617575489000,33371000
1303,1789458617629360746,1789458617608862000,33373000
1304,1789458617662873504,1789458617642235000,33373000
1305,1789458617696279025,1789458617675608000,33373000
1306,1789458617729312550,1789458617708979000,33371000
1307,1789458617763122592,1789458617742352000,33373000
1308,1789458617796500624,1789458617775724000,33372000
1309,1789458617829806418,1789458617809097000,33373000
1310,1789458617863264230,1789458617842469000,33372000
1311,1789458617896295201,1789458617875840000,33371000
1312,1789458617929898749,1789458617909214000,33374000
1313,1789458617963430221,1789458617942586000,33372000
1314,1789458617996542846,1789458617975957000,33371000
1315,1789458618029977118,1789458618009330000,33373000
1316,1789458618063321036,1789458618042702000,33372000
1317,1789458618096367600,1789458618076074000,33372000
1318,1789458618130002500,1789458618109447000,33373000
1319,1789458618163354091,1789458618142823000,33376000
1320,1789458618196784171,1789458618176195000,33372000
1321,1789458618230478356,1789458618209570000,33375000
1322,1789458618263777034,1789458618242943000,33373000
1323,1789458618297035792,1789458618276318000,33375000
1324,1789458618330205372,1789458618309691000,33373000
1325,1789458618363358454,1789458618343064000,33373000
1326,1789458618396751108,1789458618376435000,33371000
1327,1789458618430279941,1789458618409807000,33372000
1328,1789458618463976630,1789458618443178000,33371000
1329,1789458618497716876,1789458618476556000,33378000
1330,1789458618530947735,1789458618509930000,33374000
1331,1789458618563556889,1789458618543303000,33373000
1332,1789458618597172615,1789458618576676000,33373000
1333,1789458618630629362,1789458618610049000,33373000
1334,1789458618664379856,1789458618643422000,33373000
1335,1789458618697341370,1789458618676794000,33372000
1336,1789458618730877346,1789458618710167000,33373000
1337,1789458618763868362,1789458618743539000,33372000
1338,1789458618797280851,1789458618776910000,33371000
1339,1789458618830756080,1789458618810281000,33371000
1340,1789458618863822840,1789458618843653000,33372000
1341,1789458618897914034,1789458618877027000,33374000
1342,1789458618931084116,1789458618910399000,33372000
1343,1789458618964374209,1789458618943771000,33372000
1344,1789458618997969369,1789458618977145000,33374000
1345,1789458619031056357,1789458619010518000,33373000
1346,1789458619064027985,1789458619043888000,33370000
1347,1789458619097462007,1789458619077260000,33372000
1348,1789458619130974368,1789458619110632000,33372000
1349,1789458619164490054,1789458619144003000,33371000
1350,1789458619197885719,1789458619177373000,33370000
1351,1789458619231636320,1789458619210748000,33375000
1352,1789458619264563830,1789458619244119000,33371000
1353,1789458619298142287,1789458619277491000,33372000
1354,1789458619330917930,1789458619310864000,33373000
1355,1789458619366373825,1789458619344243000,33379000
1356,1789458619397652359,1789458619377615000,33372000
1357,1789458619431884468,1789458619410989000,33374000
1358,1789458619464625289,1789458619444359000,33370000
1359,1789458619498637411,1789458619477734000,33375000
1360,1789458619531190190,1789458619511105000,33371000
1361,1789458619564649477,1789458619544475000,33370000
1362,1789458619598313004,1789458619577847000,33372000
1363,1789458619631824263,1789458619611220000,33373000
1364,1789458619664548104,1789458619644591000,33371000
1365,1789458619698362597,1789458619677961000,33370000
1366,1789458619731752632,1789458619711332000,33371000
1367,1789458619764713741,1789458619744703000,33371000
1368,1789458619798531981,1789458619778072000,33369000
1369,1789458619831765701,1789458619811444000,33372000
1370,1789458619865094328,1789458619844815000,33371000
1371,1789458619898330782,1789458619878186000,33371000
1372,1789458619931625409,1789458619911557000,33371000
1373,1789458619965029859,1789458619944927000,33370000
1374,1789458619998548721,1789458619978299000,33372000
1375,1789458620032384225,1789458620011671000,33372000
1376,1789458620065166815,1789458620045042000,33371000
1377,1789458620098509262,1789458620078413000,33371000
1378,1789458620131853732,1789458620111784000,33371000
1379,1789458620165275539,1789458620145155000,33371000
1380,1789458620198793666,1789458620178525000,33370000
1381,1789458620232305030,1789458620211895000,33370000
1382,1789458620265255887,1789458620245267000,33372000
1383,1789458620298982311,1789458620278637000,33370000
1384,1789458620332101253,1789458620312008000,33371000
1385,1789458620365687741,1789458620345380000,33372000
1386,1789458620399083231,1789458620378751000,33371000
1387,1789458620432129145,1789458620412122000,33371000
1388,1789458620466036067,1789458620445492000,33370000
1389,1789458620499346307,1789458620478863000,33371000
1390,1789458620532362549,1789458620512234000,33371000
1391,1789458620565890182,1789458620545605000,33371000
1392,1789458620599654513,1789458620578976000,33371000
1393,1789458620632774027,1789458620612346000,33370000
1394,1789458620666079649,1789458620645718000,33372000
1395,1789458620699350569,1789458620679087000,33369000
1396,1789458620732577673,1789458620712458000,33371000
1397,1789458620766309626,1789458620745830000,33372000
1398,1789458620799479870,1789458620779199000,33369000
1399,1789458620832882933,1789458620812570000,33371000
1400,1789458620866373772,1789458620845941000,33371000
1401,1789458620900051039,1789458620879312000,33371000
1402,1789458620933282490,1789458620912684000,33372000
1403,1789458620966469824,1789458620946055000,33371000
1404,1789458621000144877,1789458620979428000,33373000
1405,1789458621032895755,1789458621012798000,33370000
1406,1789458621066882694,1789458621046169000,33371000
1407,1789458621100149553,1789458621079543000,33374000
1408,1789458621133853923,1789458621112918000,33375000
1409,1789458621166555695,1789458621146288000,33370000
1410,1789458621199944309,1789458621179659000,33371000
1411,1789458621233377020,1789458621213028000,33369000
1412,1789458621266741762,1789458621246400000,33372000
1413,1789458621300050996,1789458621279771000,33371000
1414,1789458621333491491,1789458621313142000,33371000
1415,1789458621366383719,1789458621346511000,33369000
1416,1789458621400840708,1789458621379887000,33376000
1417,1789458621433446700,1789458621413258000,33371000
1418,1789458621467093620,1789458621446629000,33371000
1419,1789458621501301539,1789458621480002000,33373000
1420,1789458621533754302,1789458621513374000,33372000
1421,1789458621567134090,1789458621546746000,33372000
1422,1789458621601047600,1789458621580119000,33373000
1423,1789458621634243123,1789458621613493000,33374000
1424,1789458621667464481,1789458621646864000,33371000
1425,1789458621700712507,1789458621680237000,33373000
1426,1789458621734612833,1789458621713613000,33376000
1427,1789458621767746747,1789458621746986000,33373000
1428,1789458621800377233,1789458621780356000,33370000
1429,1789458621833587773,1789458621813727000,33371000
1430,1789458621867394364,1789458621847096000,33369000
1431,1789458621900756171,1789458621880465000,33369000
1432,1789458621934198470,1789458621913836000,33371000
1433,1789458621967620432,1789458621947207000,33371000
1434,1789458622000525503,1789458621980577000,33370000
1435,1789458622034154315,1789458622013946000,33369000
1436,1789458622067665791,1789458622047316000,33370000
1437,1789458622101318516,1789458622080688000,33372000
1438,1789458622135124271,1789458622114063000,33375000
1439,1789458622167455844,1789458622147433000,33370000
1440,1789458622202794886,1789458622180812000,33379000
1441,1789458622234412889,1789458622214180000,33368000
1442,1789458622267737455,1789458622247552000,33372000
1443,1789458622301299109,1789458622280921000,33369000
1444,1789458622334371760,1789458622314292000,33371000
1445,1789458622368091203,1789458622347660000,33368000
1446,1789458622400996729,1789458622381029000,33369000
1447,1789458622434343855,1789458622414399000,33370000
1448,1789458622467902524,1789458622447769000,33370000
1449,1789458622501289059,1789458622481139000,33370000
1450,1789458622534591626,1789458622514508000,33369000
1451,1789458622568118779,1789458622547878000,33370000
1452,1789458622601724432,1789458622581249000,33371000
1453,1789458622634695974,1789458622614619000,33370000
1454,1789458622668324376,1789458622647990000,33371000
1455,1789458622701960061,1789458622681361000,33371000
1456,1789458622734968800,1789458622714732000,33371000
1457,1789458622768383795,1789458622748102000,33370000
1458,1789458622801762005,1789458622781471000,33369000
1459,1789458622835097480,1789458622814842000,33371000
1460,1789458622868274996,1789458622848211000,33369000
1461,1789458622902286104,1789458622881580000,33369000
1462,1789458622935474519,1789458622914953000,33373000
1463,1789458622968660050,1789458622948322000,33369000
1464,1789458623002015792,1789458622981692000,33370000
1465,1789458623035031797,1789458623015061000,33369000
1466,1789458623068631925,1789458623048431000,33370000
1467,1789458623102273205,1789458623081803000,33372000
1468,1789458623135624492,1789458623115172000,33369000
1469,1789458623169200878,1789458623148544000,33372000
1470,1789458623202334341,1789458623181915000,33371000
1471,1789458623235757776,1789458623215283000,33368000
1472,1789458623268850026,1789458623248654000,33371000
1473,1789458623302318711,1789458623282023000,33369000
1474,1789458623335503916,1789458623315393000,33370000
1475,1789458623369041112,1789458623348763000,33370000
1476,1789458623402241554,1789458623382133000,33370000
1477,1789458623435768322,1789458623415504000,33371000
1478,1789458623469683355,1789458623448874000,33370000
1479,1789458623502410210,1789458623482245000,33371000
1480,1789458623535764934,1789458623515614000,33369000
1481,1789458623569337122,1789458623548985000,33371000
1482,1789458623602586830,1789458623582355000,33370000
1483,1789458623635771885,1789458623615725000,33370000
1484,1789458623669958108,1789458623649099000,33374000
1485,1789458623703265879,1789458623682473000,33374000
1486,1789458623736418686,1789458623715847000,33374000
1487,1789458623769792263,1789458623749221000,33374000
1488,1789458623802934952,1789458623782591000,33370000
1489,1789458623836069798,1789458623815961000,33370000
1490,1789458623870168556,1789458623849336000,33375000
1491,1789458623903192786,1789458623882707000,33371000
1492,1789458623936214722,1789458623916079000,33372000
1493,1789458623969544552,1789458623949448000,33369000
1494,1789458624002900710,1789458623982818000,33370000
1495,1789458624035850082,1789458624016186000,33368000
1496,1789458624069599548,1789458624049555000,33369000
1497,1789458624103924702,1789458624082930000,33375000
1498,1789458624136637716,1789458624116299000,33369000
1499,1789458624170008513,1789458624149671000,33372000
1500,1789458624203183854,1789458624183040000,33369000
1501,1789458624236693336,1789458624216410000,33370000
1502,1789458624270037416,1789458624249782000,33372000
1503,1789458624303760195,1789458624283152000,33370000
1504,1789458624337015017,1789458624316523000,33371000
1505,1789458624370005752,1789458624349892000,33369000
1506,1789458624403528989,1789458624383262000,33370000
1507,1789458624436790994,1789458624416631000,33369000
1508,1789458624471398156,1789458624450007000,33376000
1509,1789458624503453257,1789458624483376000,33369000
1510,1789458624536823533,1789458624516746000,33370000
1511,1789458624570269343,1789458624550115000,33369000
1512,1789458624603272170,1789458624583484000,33369000
1513,1789458624636938399,1789458624616853000,33369000
1514,1789458624670473366,1789458624650223000,33370000
1515,1789458624703860732,1789458624683593000,33370000
1516,1789458624737089368,1789458624716962000,33369000
1517,1789458624770395690,1789458624750332000,33370000
1518,1789458624803888052,1789458624783701000,33369000
1519,1789458624837060508,1789458624817070000,33369000
1520,1789458624870740321,1789458624850440000,33370000
1521,1789458624903859534,1789458624883807000,33367000
1522,1789458624937424764,1789458624917177000,33370000
1523,1789458624970689413,1789458624950547000,33370000
1524,1789458625003888780,1789458624983917000,33370000
1525,1789458625037309109,1789458625017285000,33368000
1526,1789458625070664573,1789458625050655000,33370000
1527,1789458625104552209,1789458625084026000,33371000
1528,1789458625137498689,1789458625117394000,33368000
1529,1789458625170724625,1789458625150764000,33370000
1530,1789458625204235313,1789458625184132000,33368000
1531,1789458625237540899,1789458625217501000,33369000
1532,1789458625271015334,1789458625250869000,33368000
1533,1789458625304682068,1789458625284241000,33372000
1534,1789458625337765080,1789458625317611000,33370000
1535,1789458625371047516,1789458625350978000,33367000
1536,1789458625405249888,1789458625384350000,33372000
1537,1789458625438362372,1789458625417721000,33371000
1538,1789458625471496605,1789458625451092000,33371000
1539,1789458625504907407,1789458625484460000,33368000
1540,1789458625537854128,1789458625517829000,33369000
1541,1789458625571297738,1789458625551198000,33369000
1542,1789458625605105432,1789458625584567000,33369000
1543,1789458625638047064,1789458625617937000,33370000
1544,1789458625672339074,1789458625651313000,33376000
1545,1789458625704717370,1789458625684681000,33368000
1546,1789458625738468985,1789458625718050000,33369000
1547,1789458625771454594,1789458625751420000,33370000
1548,1789458625805140142,1789458625784789000,33369000
1549,1789458625839493661,1789458625818165000,33376000
1550,1789458625871444912,1789458625851534000,33369000
1551,1789458625905309807,1789458625884906000,33372000
1552,1789458625938043772,1789458625918275000,33369000
1553,1789458625972206954,1789458625951648000,33373000
1554,1789458626005154151,1789458625985019000,33371000
1555,1789458626038579172,1789458626018387000,33368000
1556,1789458626071902994,1789458626051756000,33369000
1557,1789458626104991650,1789458626085127000,33371000
1558,1789458626138003120,1789458626118494000,33367000
1559,1789458626171664699,1789458626151864000,33370000
1560,1789458626205839227,1789458626185238000,33374000
1561,1789458626238374584,1789458626218606000,33368000
1562,1789458626271740050,1789458626251975000,33369000
1563,1789458626305121284,1789458626285344000,33369000
1564,1789458626338883171,1789458626318714000,33370000
1565,1789458626371885795,1789458626352081000,33367000
1566,1789458626405707658,1789458626385450000,33369000
1567,1789458626439019600,1789458626418818000,33368000
1568,1789458626472408237,1789458626452188000,33370000
1569,1789458626505935238,1789458626485559000,33371000
1570,1789458626538968396,1789458626518927000,33368000
1571,1789458626572372290,1789458626552296000,33369000
1572,1789458626605731845,1789458626585664000,33368000
1573,1789458626639394276,1789458626619035000,33371000
1574,1789458626672868455,1789458626652408000,33373000
1575,1789458626705811433,1789458626685776000,33368000
1576,1789458626739450784,1789458626719146000,33370000
1577,1789458626772232426,1789458626752516000,33370000
1578,1789458626805948002,1789458626785882000,33366000
1579,1789458626839397246,1789458626819253000,33371000
1580,1789458626873160756,1789458626852623000,33370000
1581,1789458626906129850,1789458626885991000,33368000
1582,1789458626939508850,1789458626919360000,33369000
1583,1789458626972522483,1789458626952729000,33369000
1584,1789458627006562298,1789458626986098000,33369000
1585,1789458627039922839,1789458627019466000,33368000
1586,1789458627073323932,1789458627052838000,33372000
1587,1789458627106594193,1789458627086207000,33369000
1588,1789458627140122802,1789458627119578000,33371000
1589,1789458627173007149,1789458627152947000,33369000
1590,1789458627206442322,1789458627186316000,33369000
1591,1789458627239971422,1789458627219685000,33369000
1592,1789458627272850150,1789458627253056000,33371000
1593,1789458627306638748,1789458627286424000,33368000
1594,1789458627339630336,1789458627319793000,33369000
1595,1789458627374625121,1789458627353170000,33377000
1596,1789458627406797428,1789458627386538000,33368000
1597,1789458627440023270,1789458627419908000,33370000
1598,1789458627473485731,1789458627453277000,33369000
1599,1789458627506905558,1789458627486645000,33368000
1600,1789458627540084477,1789458627520016000,33371000
1601,1789458627573369544,1789458627553384000,33368000
1602,1789458627607220163,1789458627586754000,33370000
1603,1789458627640217831,1789458627620122000,33368000
1604,1789458627673984872,1789458627653493000,33371000
1605,1789458627706849785,1789458627686860000,33367000
1606,1789458627740643804,1789458627720230000,33370000
1607,1789458627773653574,1789458627753598000,33368000
1608,1789458627807386764,1789458627786969000,33371000
1609,1789458627840657066,1789458627820340000,33371000
1610,1789458627873756374,1789458627853707000,33367000
1611,1789458627907399124,1789458627887076000,33369000
1612,1789458627940444417,1789458627920444000,33368000
1613,1789458627973899796,1789458627953813000,33369000
1614,1789458628007516437,1789458627987183000,33370000
1615,1789458628040329522,1789458628020552000,33369000
1616,1789458628073882938,1789458628053921000,33369000
1617,1789458628107721479,1789458628087291000,33370000
1618,1789458628140917252,1789458628120661000,33370000
1619,1789458628173927025,1789458628154031000,33370000
1620,1789458628207355860,1789458628187400000,33369000
1621,1789458628240483742,1789458628220768000,33368000
1622,1789458628274640297,1789458628254142000,33374000
1623,1789458628307621820,1789458628287513000,33371000
1624,1789458628340891243,1789458628320883000,33370000
1625,1789458628375213020,1789458628354257000,33374000
1626,1789458628407232559,1789458628387625000,33368000
1627,1789458628440885772,1789458628420994000,33369000
1628,1789458628474173778,1789458628454361000,33367000
1629,1789458628507640721,1789458628487730000,33369000
1630,1789458628541266055,1789458628521100000,33370000
1631,1789458628574933212,1789458628554470000,33370000
1632,1789458628608341401,1789458628587844000,33374000
1633,1789458628641561918,1789458628621214000,33370000
1634,1789458628674920298,1789458628654582000,33368000
1635,1789458628707810840,1789458628687950000,33368000
1636,1789458628740964849,1789458628721319000,33369000
1637,1789458628774755014,1789458628754690000,33371000
1638,1789458628807814866,1789458628788058000,33368000
1639,1789458628841730504,1789458628821427000,33369000
1640,1789458628874773726,1789458628854798000,33371000
1641,1789458628908314290,1789458628888167000,33369000
1642,1789458628941432074,1789458628921536000,33369000
1643,1789458628974588026,1789458628954905000,33369000
1644,1789458629008109032,1789458628988273000,33368000
1645,1789458629041551505,1789458629021642000,33369000
1646,1789458629074892498,1789458629055012000,33370000
1647,1789458629108309606,1789458629088382000,33370000
1648,1789458629141533221,1789458629121750000,33368000
1649,1789458629174969744,1789458629155120000,33370000
1650,1789458629208032193,1789458629188489000,33369000
1651,1789458629241948005,1789458629221858000,33369000
1652,1789458629275062987,1789458629255226000,33368000
1653,1789458629309143411,1789458629288596000,33370000
1654,1789458629341600197,1789458629321966000,33370000
1655,1789458629375683717,1789458629355336000,33370000
1656,1789458629408576986,1789458629388704000,33368000
1657,1789458629442138250,1789458629422072000,33368000
1658,1789458629475837357,1789458629455442000,33370000
1659,1789458629508552772,1789458629488810000,33368000
1660,1789458629541971683,1789458629522178000,33368000
1661,1789458629575347297,1789458629555547000,33369000
1662,1789458629609043320,1789458629588916000,33369000
1663,1789458629642313858,1789458629622283000,33367000
1664,1789458629675657075,1789458629655652000,33369000
1665,1789458629709588595,1789458629689023000,33371000
1666,1789458629742807461,1789458629722392000,33369000
1667,1789458629775913628,1789458629755762000,33370000
1668,1789458629809199193,1789458629789131000,33369000
1669,1789458629842712431,1789458629822499000,33368000
1670,1789458629876161947,1789458629855869000,33370000
1671,1789458629909367239,1789458629889238000,33369000
1672,1789458629942591075,1789458629922605000,33367000
1673,1789458629976046901,1789458629955976000,33371000
1674,1789458630009085487,1789458629989345000,33369000
1675,1789458630042479667,1789458630022713000,33368000
1676,1789458630076175202,1789458630056082000,33369000
1677,1789458630109264362,1789458630089450000,33368000
1678,1789458630142608804,1789458630122819000,33369000
1679,1789458630176479700,1789458630156188000,33369000
1680,1789458630209720438,1789458630189556000,33368000
1681,1789458630242904085,1789458630222925000,33369000
1682,1789458630276192468,1789458630256293000,33368000
1683,1789458630309703275,1789458630289661000,33368000
1684,1789458630342996947,1789458630323029000,33368000
1685,1789458630376876599,1789458630356400000,33371000
1686,1789458630409764761,1789458630389767000,33367000
1687,1789458630443126955,1789458630423136000,33369000
1688,1789458630476344523,1789458630456504000,33368000
1689,1789458630510179846,1789458630489875000,33371000
1690,1789458630543223143,1789458630523242000,33367000
1691,1789458630576605824,1789458630556610000,33368000
1692,1789458630610069858,1789458630589978000,33368000
1693,1789458630643678969,1789458630623349000,33371000
1694,1789458630676636335,1789458630656719000,33370000
1695,1789458630710496612,1789458630690092000,33373000
1696,1789458630743718738,1789458630723463000,33371000
1697,1789458630776596202,1789458630756832000,33369000
1698,1789458630810311963,1789458630790201000,33369000
1699,1789458630843653490,1789458630823573000,33372000
1700,1789458630876823502,1789458630856941000,33368000
1701,1789458630909970604,1789458630890309000,33368000
1702,1789458630943752743,1789458630923678000,33369000
1703,1789458630976973396,1789458630957046000,33368000
1704,1789458631010388433,1789458630990416000,33370000
1705,1789458631044296368,1789458631023789000,33373000
1706,1789458631077085076,1789458631057156000,33367000
1707,1789458631110518540,1789458631090526000,33370000
1708,1789458631143568362,1789458631123895000,33369000
1709,1789458631177057443,1789458631157261000,33366000
1710,1789458631211014465,1789458631190634000,33373000
1711,1789458631244228750,1789458631224004000,33370000
1712,1789458631277584234,1789458631257372000,33368000
1713,1789458631310887396,1789458631290742000,33370000
1714,1789458631344307546,1789458631324110000,33368000
1715,1789458631377544921,1789458631357482000,33372000
1716,1789458631410683971,1789458631390849000,33367000
1717,1789458631444088953,1789458631424218000,33369000
1718,1789458631477624107,1789458631457586000,33368000
1719,1789458631510971437,1789458631490955000,33369000
1720,1789458631544133718,1789458631524324000,33369000
1721,1789458631578000490,1789458631557696000,33372000
1722,1789458631610635266,1789458631591066000,33370000
1723,1789458631644245192,1789458631624436000,33370000
1724,1789458631677362854,1789458631657803000,33367000
1725,1789458631710846125,1789458631691172000,33369000
1726,1789458631744173320,1789458631724541000,33369000
1727,1789458631777886339,1789458631757908000,33367000
1728,1789458631811265225,1789458631791276000,33368000
1729,1789458631844274906,1789458631824644000,33368000
1730,1789458631878113538,1789458631858013000,33369000
1731,1789458631910893020,1789458631891382000,33369000
1732,1789458631944788844,1789458631924749000,33367000
1733,1789458631977907027,1789458631958118000,33369000
1734,1789458632011540225,1789458631991486000,33368000
1735,1789458632044555838,1789458632024855000,33369000
1736,1789458632078038722,1789458632058223000,33368000
1737,1789458632111626571,1789458632091593000,33370000
1738,1789458632144971029,1789458632124959000,33366000
1739,1789458632178290472,1789458632158328000,33369000
1740,1789458632211397528,1789458632191696000,33368000
1741,1789458632245176307,1789458632225064000,33368000
1742,1789458632278320689,1789458632258433000,33369000
1743,1789458632311799505,1789458632291801000,33368000
1744,1789458632344824776,1789458632325170000,33369000
1745,1789458632378632786,1789458632358538000,33368000
1746,1789458632411714016,1789458632391907000,33369000
1747,1789458632445314298,1789458632425275000,33368000
1748,1789458632478660538,1789458632458644000,33369000
1749,1789458632511976996,1789458632492012000,33368000
1750,1789458632545522450,1789458632525381000,33369000
1751,1789458632578825064,1789458632558750000,33369000
1752,1789458632612015257,1789458632592117000,33367000
1753,1789458632645464020,1789458632625486000,33369000
1754,1789458632678979270,1789458632658855000,33369000
1755,1789458632712395355,1789458632692223000,33368000
1756,1789458632745675418,1789458632725591000,33368000
1757,1789458632779083609,1789458632758961000,33370000
1758,1789458632812113237,1789458632792328000,33367000
1759,1789458632845275481,1789458632825698000,33370000
1760,1789458632879112303,1789458632859067000,33369000
1761,1789458632912213969,1789458632892434000,33367000
1762,1789458632945692985,1789458632925804000,33370000
1763,1789458632978984549,1789458632959172000,33368000
1764,1789458633012501223,1789458632992541000,33369000
1765,1789458633045844310,1789458633025909000,33368000
1766,1789458633078933205,1789458633059278000,33369000
1767,1789458633112581876,1789458633092646000,33368000
1768,1789458633146290542,1789458633126019000,33373000
1769,1789458633179376212,1789458633159387000,33368000
1770,1789458633212716344,1789458633192755000,33368000
1771,1789458633245766861,1789458633226124000,33369000
1772,1789458633279467794,1789458633259493000,33369000
1773,1789458633312689005,1789458633292861000,33368000
1774,1789458633346165359,1789458633326229000,33368000
1775,1789458633379502436,1789458633359598000,33369000
1776,1789458633412876237,1789458633392966000,33368000
1777,1789458633446338155,1789458633426335000,33369000
1778,1789458633480265230,1789458633459707000,33372000
1779,1789458633513151115,1789458633493078000,33371000
1780,1789458633546852298,1789458633526449000,33371000
1781,1789458633580652217,1789458633559824000,33375000
1782,1789458633613264266,1789458633593193000,33369000
1783,1789458633646624293,1789458633626562000,33369000
1784,1789458633680197549,1789458633659933000,33371000
1785,1789458633714258111,1789458633693308000,33375000
1786,1789458633746848651,1789458633726677000,33369000
1787,1789458633781043261,1789458633760051000,33374000
1788,1789458633813358542,1789458633793420000,33369000
1789,1789458633846822324,1789458633826789000,33369000
1790,1789458633879943356,1789458633860157000,33368000
1791,1789458633913596184,1789458633893526000,33369000
1792,1789458633947009235,1789458633926893000,33367000
1793,1789458633980459312,1789458633960261000,33368000
1794,1789458634013705540,1789458633993630000,33369000
1795,1789458634046974287,1789458634027002000,33372000
1796,1789458634080460821,1789458634060370000,33368000
1797,1789458634114318826,1789458634093743000,33373000
1798,1789458634147030031,1789458634127111000,33368000
1799,1789458634180529779,1789458634160480000,33369000
1800,1789458634214238338,1789458634193849000,33369000
1801,1789458634247224012,1789458634227218000,33369000
1802,1789458634280645891,1789458634260587000,33369000
1803,1789458634314583868,1789458634293960000,33373000
1804,1789458634347220801,1789458634327328000,33368000
1805,1789458634380581272,1789458634360696000,33368000
1806,1789458634413729234,1789458634394065000,33369000
1807,1789458634447427034,1789458634427434000,33369000
1808,1789458634480721687,1789458634460804000,33370000
1809,1789458634514209603,1789458634494172000,33368000
1810,1789458634547451022,1789458634527540000,33368000
1811,1789458634580849789,1789458634560910000,33370000
1812,1789458634613961998,1789458634594278000,33368000
1813,1789458634647439306,1789458634627646000,33368000
1814,1789458634681094109,1789458634661015000,33369000
1815,1789458634714347399,1789458634694384000,33369000
1816,1789458634747625011,1789458634727751000,33367000
1817,1789458634780735737,1789458634761121000,33370000
1818,1789458634814563448,1789458634794489000,33368000
1819,1789458634847819833,1789458634827858000,33369000
1820,1789458634881388413,1789458634861226000,33368000
1821,1789458634914557323,1789458634894594000,33368000
1822,1789458634947576666,1789458634927962000,33368000
1823,1789458634981148302,1789458634961331000,33369000
1824,1789458635014742881,1789458634994701000,33370000
1825,1789458635048063241,1789458635028070000,33369000
1826,1789458635081358477,1789458635061439000,33369000
1827,1789458635114612970,1789458635094807000,33368000
1828,1789458635148176022,1789458635128175000,33368000
1829,1789458635181431497,1789458635161545000,33370000
1830,1789458635214584430,1789458635194913000,33368000
1831,1789458635248245877,1789458635228282000,33369000
1832,1789458635281664773,1789458635261650000,33368000
1833,1789458635314930626,1789458635295018000,33368000
1834,1789458635348246258,1789458635328388000,33370000
1835,1789458635381338343,1789458635361756000,33368000
1836,1789458635415237973,1789458635395124000,33368000
1837,1789458635448656689,1789458635428494000,33370000
1838,1789458635481474255,1789458635461863000,33369000
1839,1789458635515182696,1789458635495230000,33367000
1840,1789458635548578580,1789458635528599000,33369000
1841,1789458635582322244,1789458635561968000,33369000
1842,1789458635615438481,1789458635595337000,33369000
1843,1789458635648508216,1789458635628706000,33369000
1844,1789458635682136544,1789458635662075000,33369000
1845,1789458635715366654,1789458635695444000,33369000
1846,1789458635749090301,1789458635728815000,33371000
1847,1789458635782165716,1789458635762183000,33368000
1848,1789458635816145069,1789458635795556000,33373000
1849,1789458635849397408,1789458635828927000,33371000
1850,1789458635883585092,1789458635862303000,33376000
1851,1789458635916324208,1789458635895677000,33374000
1852,1789458635948979896,1789458635929048000,33371000
1853,1789458635982248254,1789458635962416000,33368000
1854,1789458636015882307,1789458635995785000,33369000
1855,1789458636049221973,1789458636029156000,33371000
1856,1789458636082745977,1789458636062527000,33371000
1857,1789458636116256638,1789458636095897000,33370000
1858,1789458636149895016,1789458636129270000,33373000
1859,1789458636182711241,1789458636162638000,33368000
1860,1789458636216022737,1789458636196008000,33370000
1861,1789458636249770249,1789458636229381000,33373000
1862,1789458636283123048,1789458636262749000,33368000
1863,1789458636316499039,1789458636296118000,33369000
1864,1789458636349718822,1789458636329486000,33368000
1865,1789458636383514440,1789458636362859000,33373000
1866,1789458636416923519,1789458636396233000,33374000
1867,1789458636450071885,1789458636429603000,33370000
1868,1789458636482843871,1789458636462972000,33369000
1869,1789458636516194556,1789458636496341000,33369000
1870,1789458636549251580,1789458636529710000,33369000
1871,1789458636582891581,1789458636563079000,33369000
1872,1789458636616554562,1789458636596447000,33368000
1873,1789458636649851813,1789458636629815000,33368000
1874,1789458636683125001,1789458636663185000,33370000
1875,1789458636716644407,1789458636696556000,33371000
1876,1789458636749886530,1789458636729924000,33368000
1877,1789458636783624795,1789458636763295000,33371000
1878,1789458636816587120,1789458636796664000,33369000
1879,1789458636850089446,1789458636830032000,33368000
1880,1789458636883571375,1789458636863403000,33371000
1881,1789458636916345455,1789458636896771000,33368000
1882,1789458636950187936,1789458636930139000,33368000
1883,1789458636983723040,1789458636963507000,33368000
1884,1789458637016905431,1789458636996876000,33369000
1885,1789458637050349905,1789458637030245000,33369000
1886,1789458637083462428,1789458637063616000,33371000
1887,1789458637116667877,1789458637096983000,33367000
1888,1789458637150310654,1789458637130351000,33368000
1889,1789458637183776295,1789458637163721000,33370000
1890,1789458637217269085,1789458637197092000,33371000
1891,1789458637251223847,1789458637230465000,33373000
1892,1789458637283872935,1789458637263834000,33369000
1893,1789458637317207483,1789458637297203000,33369000
1894,1789458637350528207,1789458637330571000,33368000
1895,1789458637383860041,1789458637363940000,33369000
1896,1789458637418342252,1789458637397315000,33375000
1897,1789458637450887024,1789458637430684000,33369000
1898,1789458637484041202,1789458637464054000,33370000
1899,1789458637517511882,1789458637497423000,33369000
1900,1789458637550965162,1789458637530792000,33369000
1901,1789458637583869705,1789458637564160000,33368000
1902,1789458637617359700,1789458637597528000,33368000
1903,1789458637650623282,1789458637630897000,33369000
1904,1789458637684029087,1789458637664268000,33371000
1905,1789458637717840234,1789458637697636000,33368000
1906,1789458637750578170,1789458637731005000,33369000
1907,1789458637784413250,1789458637764375000,33370000
1908,1789458637817692790,1789458637797743000,33368000
1909,1789458637851126685,1789458637831112000,33369000
1910,1789458637884465481,1789458637864481000,33369000
1911,1789458637917706082,1789458637897849000,33368000
1912,1789458637951216203,1789458637931217000,33368000
1913,1789458637984687495,1789458637964587000,33370000
1914,1789458638018620646,1789458637997961000,33374000
1915,1789458638051332316,1789458638031330000,33369000
1916,1789458638084666344,1789458638064696000,33366000
1917,1789458638118052545,1789458638098066000,33370000
1918,1789458638151371316,1789458638131435000,33369000
1919,1789458638184672386,1789458638164803000,33368000
1920,1789458638218128572,1789458638198172000,33369000
1921,1789458638251941844,1789458638231540000,33368000
1922,1789458638285001153,1789458638264909000,33369000
1923,1789458638318342915,1789458638298279000,33370000
1924,1789458638351763337,1789458638331648000,33369000
1925,1789458638385561923,1789458638365018000,33370000
1926,1789458638418095496,1789458638398389000,33371000
1927,1789458638452099297,1789458638431761000,33372000
1928,1789458638484946539,1789458638465128000,33367000
1929,1789458638518508493,1789458638498496000,33368000
1930,1789458638551792693,1789458638531866000,33370000
1931,1789458638586098212,1789458638565240000,33374000
1932,1789458638619158933,1789458638598610000,33370000
1933,1789458638652638291,1789458638631983000,33373000
1934,1789458638685673687,1789458638665354000,33371000
1935,1789458638718750287,1789458638698723000,33369000
1936,1789458638751993213,1789458638732091000,33368000
1937,1789458638786694407,1789458638765467000,33376000
1938,1789458638818737937,1789458638798835000,33368000
1939,1789458638852076383,1789458638832205000,33370000
1940,1789458638886176085,1789458638865575000,33370000
1941,1789458638918873680,1789458638898944000,33369000
1942,1789458638952236039,1789458638932312000,33368000
1943,1789458638985847652,1789458638965682000,33370000
1944,1789458639018556864,1789458638999050000,33368000
1945,1789458639052022437,1789458639032418000,33368000
1946,1789458639085705558,1789458639065788000,33370000
1947,1789458639119066235,1789458639099156000,33368000
1948,1789458639152774571,1789458639132526000,33370000
1949,1789458639185948184,1789458639165896000,33370000
1950,1789458639219355564,1789458639199265000,33369000
1951,1789458639252675618,1789458639232634000,33369000
1952,1789458639286095100,1789458639266003000,33369000
1953,1789458639319476944,1789458639299373000,33370000
1954,1789458639352859510,1789458639332740000,33367000
1955,1789458639386061383,1789458639366110000,33370000
1956,1789458639420040092,1789458639399478000,33368000
1957,1789458639453246163,1789458639432848000,33370000
1958,1789458639486343860,1789458639466218000,33370000
1959,1789458639519679152,1789458639499587000,33369000
1960,1789458639552521254,1789458639532954000,33367000
1961,1789458639586443041,1789458639566324000,33370000
1962,1789458639620455429,1789458639599693000,33369000
1963,1789458639653330090,1789458639633066000,33373000
1964,1789458639687385685,1789458639666440000,33374000
1965,1789458639719994481,1789458639699808000,33368000
1966,1789458639752989045,1789458639733176000,33368000
1967,1789458639787038570,1789458639766544000,33368000
1968,1789458639820022525,1789458639799913000,33369000
1969,1789458639853243052,1789458639833282000,33369000
1970,1789458639886609819,1789458639866650000,33368000
1971,1789458639920256856,1789458639900019000,33369000
1972,1789458639954209728,1789458639933392000,33373000
1973,1789458639986820779,1789458639966761000,33369000
1974,1789458640020153794,1789458640000131000,33370000
1975,1789458640054496151,1789458640033506000,33375000
1976,1789458640086972151,1789458640066874000,33368000
1977,1789458640120333739,1789458640100244000,33370000
1978,1789458640153919127,1789458640133615000,33371000
1979,1789458640186939097,1789458640166982000,33367000
1980,1789458640221336883,1789458640200356000,33374000
1981,1789458640253872680,1789458640233726000,33370000
1982,1789458640287497237,1789458640267094000,33368000
1983,1789458640320488626,1789458640300463000,33369000
1984,1789458640353874338,1789458640333830000,33367000
1985,1789458640386902312,1789458640367200000,33370000
1986,1789458640421667664,1789458640400574000,33374000
1987,1789458640453756202,1789458640433943000,33369000
1988,1789458640487397389,1789458640467313000,33370000
1989,1789458640520814207,1789458640500682000,33369000
1990,1789458640554027891,1789458640534049000,33367000
1991,1789458640587157436,1789458640567420000,33371000
1992,1789458640620672729,1789458640600787000,33367000
1993,1789458640654506830,1789458640634158000,33371000
1994,1789458640687481148,1789458640667527000,33369000
1995,1789458640720645636,1789458640700895000,33368000
1996,1789458640754331272,1789458640734265000,33370000
1997,1789458640787411990,1789458640767633000,33368000
1998,1789458640821258633,1789458640801003000,33370000
1999,1789458640854470966,1789458640834373000,33370000
2000,1789458640887997860,1789458640867743000,33370000
2001,1789458640921085800,1789458640901110000,33367000
2002,1789458640954343524,1789458640934479000,33369000
2003,1789458640987884683,1789458640967849000,33370000
2004,1789458641021406376,1789458641001218000,33369000
2005,1789458641054780868,1789458641034589000,33371000
2006,1789458641087615928,1789458641067958000,33369000
2007,1789458641121093684,1789458641101327000,33369000
2008,1789458641154768512,1789458641134697000,33370000
2009,1789458641187801084,1789458641168065000,33368000
2010,1789458641221876337,1789458641201438000,33373000
2011,1789458641254553825,1789458641234806000,33368000
2012,1789458641287899927,1789458641268176000,33370000
2013,1789458641321534403,1789458641301547000,33371000
2014,1789458641355976150,1789458641334921000,33374000
2015,1789458641388228951,1789458641368291000,33370000
2016,1789458641421892598,1789458641401661000,33370000
2017,1789458641455017054,1789458641435028000,33367000
2018,1789458641488369517,1789458641468397000,33369000
2019,1789458641521814545,1789458641501768000,33371000
2020,1789458641555349904,1789458641535138000,33370000
2021,1789458641588938708,1789458641568506000,33368000
2022,1789458641621942719,1789458641601874000,33368000
2023,1789458641655450800,1789458641635245000,33371000
2024,1789458641688869972,1789458641668616000,33371000
2025,1789458641722016888,1789458641701985000,33369000
2026,1789458641755777229,1789458641735356000,33371000
2027,1789458641789980960,1789458641768733000,33377000
2028,1789458641822133782,1789458641802101000,33368000
2029,1789458641855358217,1789458641835470000,33369000
2030,1789458641888814374,1789458641868838000,33368000
2031,1789458641922217417,1789458641902206000,33368000
2032,1789458641955633754,1789458641935575000,33369000
2033,1789458641988979715,1789458641968943000,33368000
2034,1789458642022607147,1789458642002312000,33369000
2035,1789458642055294593,1789458642035682000,33370000
2036,1789458642089038675,1789458642069049000,33367000
2037,1789458642122188776,1789458642102418000,33369000
2038,1789458642155241053,1789458642135786000,33368000
2039,1789458642189229681,1789458642169154000,33368000
2040,1789458642222626413,1789458642202522000,33368000
2041,1789458642256152576,1789458642235891000,33369000
2042,1789458642289208930,1789458642269259000,33368000
2043,1789458642322437412,1789458642302628000,33369000
2044,1789458642356702574,1789458642336000000,33372000
2045,1789458642389038442,1789458642369369000,33369000
2046,1789458642424072185,1789458642402739000,33370000
2047,1789458642456885256,1789458642436111000,33372000
2048,1789458642490118817,1789458642469484000,33373000
2049,1789458642522572725,1789458642502854000,33370000
2050,1789458642555874037,1789458642536220000,33366000
2051,1789458642589839614,1789458642569590000,33370000
2052,1789458642623081980,1789458642602959000,33369000
2053,1789458642656583198,1789458642636329000,33370000
2054,1789458642689583242,1789458642669697000,33368000
2055,1789458642723009767,1789458642703066000,33369000
2056,1789458642756451439,1789458642736435000,33369000
2057,1789458642789908829,1789458642769805000,33370000
2058,1789458642823185647,1789458642803173000,33368000
2059,1789458642856737486,1789458642836542000,33369000
2060,1789458642889938588,1789458642869911000,33369000
2061,1789458642923682870,1789458642903278000,33367000
2062,1789458642956551709,1789458642936648000,33370000
2063,1789458642990606576,1789458642970022000,33374000
2064,1789458643023088144,1789458643003391000,33369000
2065,1789458643056590985,1789458643036759000,33368000
2066,1789458643089817974,1789458643070128000,33369000
2067,1789458643123547950,1789458643103496000,33368000
2068,1789458643157754117,1789458643136871000,33375000
2069,1789458643190206052,1789458643170239000,33368000
2070,1789458643223411442,1789458643203609000,33370000
2071,1789458643257236418,1789458643236981000,33372000
2072,1789458643290687076,1789458643270353000,33372000
2073,1789458643323651075,1789458643303721000,33368000
2074,1789458643357039462,1789458643337089000,33368000
2075,1789458643390064559,1789458643370458000,33369000
2076,1789458643423968387,1789458643403828000,33370000
2077,1789458643457631704,1789458643437197000,33369000
2078,1789458643490573032,1789458643470566000,33369000
2079,1789458643524497116,1789458643503941000,33375000
2080,1789458643557369331,1789458643537310000,33369000
2081,1789458643590330374,1789458643570679000,33369000
2082,1789458643623578961,1789458643604046000,33367000
2083,1789458643657324616,1789458643637415000,33369000
2084,1789458643691034407,1789458643670785000,33370000
2085,1789458643723763676,1789458643704153000,33368000
2086,1789458643757526823,1789458643737524000,33371000
2087,1789458643790825339,1789458643770891000,33367000
2088,1789458643824275736,1789458643804260000,33369000
2089,1789458643857762839,1789458643837629000,33369000
2090,1789458643890862450,1789458643870999000,33370000
2091,1789458643924297420,1789458643904368000,33369000
2092,1789458643958109023,1789458643937739000,33371000
2093,1789458643991448442,1789458643971109000,33370000
2094,1789458644024427469,1789458644004479000,33370000
2095,1789458644057962297,1789458644037848000,33369000
2096,1789458644091952328,1789458644071222000,33374000
2097,1789458644124766949,1789458644104591000,33369000
2098,1789458644157755461,1789458644137960000,33369000
2099,1789458644191240780,1789458644171328000,33368000
2100,1789458644225068131,1789458644204701000,33373000
2101,1789458644258103697,1789458644238070000,33369000
2102,1789458644291369034,1789458644271440000,33370000
2103,1789458644324933374,1789458644304810000,33370000
2104,1789458644358142280,1789458644338177000,33367000
2105,1789458644391701301,1789458644371547000,33370000
2106,1789458644425102390,1789458644404917000,33370000
2107,1789458644458515260,1789458644438287000,33370000
2108,1789458644491344628,1789458644471656000,33369000
2109,1789458644525008496,1789458644505024000,33368000
2110,1789458644558515414,1789458644538393000,33369000
2111,1789458644592036568,1789458644571762000,33369000
2112,1789458644625318624,1789458644605130000,33368000
2113,1789458644658657832,1789458644638499000,33369000
2114,1789458644691841763,1789458644671868000,33369000
2115,1789458644724960398,1789458644705236000,33368000
2116,1789458644758614208,1789458644738605000,33369000
2117,1789458644792109155,1789458644771974000,33369000
2118,1789458644825727332,1789458644805342000,33368000
2119,1789458644858760323,1789458644838711000,33369000
2120,1789458644892102327,1789458644872080000,33369000
2121,1789458644925369276,1789458644905448000,33368000
2122,1789458644959112386,1789458644938819000,33371000
2123,1789458644992423004,1789458644972187000,33368000
2124,1789458645025578816,1789458645005556000,33369000
2125,1789458645059036275,1789458645038926000,33370000
2126,1789458645092329050,1789458645072294000,33368000
2127,1789458645125723817,1789458645105664000,33370000
2128,1789458645159136707,1789458645139033000,33369000
2129,1789458645192859961,1789458645172401000,33368000
2130,1789458645225779629,1789458645205769000,33368000
2131,1789458645258984116,1789458645239138000,33369000
2132,1789458645292654235,1789458645272507000,33369000
2133,1789458645326310970,1789458645305877000,33370000
2134,1789458645359002701,1789458645339246000,33369000
2135,1789458645392844287,1789458645372614000,33368000
2136,1789458645426060223,1789458645405984000,33370000
2137,1789458645459438351,1789458645439352000,33368000
2138,1789458645493009253,1789458645472721000,33369000
2139,1789458645526507225,1789458645506091000,33370000
2140,1789458645560268226,1789458645539466000,33375000
2141,1789458645592545455,1789458645572835000,33369000
2142,1789458645626217488,1789458645606203000,33368000
2143,1789458645659815198,1789458645639572000,33369000
2144,1789458645693293144,1789458645672943000,33371000
2145,1789458645726047186,1789458645706311000,33368000
2146,1789458645759774147,1789458645739681000,33370000
2147,1789458645792854201,1789458645773050000,33369000
2148,1789458645826331706,1789458645806418000,33368000
2149,1789458645859590670,1789458645839787000,33369000
2150,1789458645892735791,1789458645873157000,33370000
2151,1789458645926270769,1789458645906526000,33369000
2152,1789458645959549108,1789458645939895000,33369000
2153,1789458645993192460,1789458645973263000,33368000
2154,1789458646026127116,1789458646006632000,33369000
2155,1789458646060107981,1789458646040000000,33368000
2156,1789458646093158030,1789458646073368000,33368000
2157,1789458646126312176,1789458646106738000,33370000
2158,1789458646159632870,1789458646140107000,33369000
2159,1789458646193164891,1789458646173475000,33368000
2160,1789458646226476419,1789458646206844000,33369000
2161,1789458646260317923,1789458646240215000,33371000
2162,1789458646293244623,1789458646273582000,33367000
2163,1789458646326787113,1789458646306951000,33369000
2164,1789458646361735027,1789458646340326000,33375000
2165,1789458646393466328,1789458646373696000,33370000
2166,1789458646427209758,1789458646407066000,33370000
2167,1789458646460374152,1789458646440436000,33370000
2168,1789458646493708570,1789458646473805000,33369000
2169,1789458646527209416,1789458646507174000,33369000
2170,1789458646560609863,1789458646540542000,33368000
2171,1789458646593989020,1789458646573912000,33370000
2172,1789458646627177498,1789458646607282000,33370000
2173,1789458646660104698,1789458646640650000,33368000
2174,1789458646693929643,1789458646674019000,33369000
2175,1789458646727404362,1789458646707386000,33367000
2176,1789458646761554740,1789458646740762000,33376000
2177,1789458646793853666,1789458646774131000,33369000
2178,1789458646827426110,1789458646807499000,33368000
2179,1789458646860734953,1789458646840867000,33368000
2180,1789458646893725516,1789458646874237000,33370000
2181,1789458646927292290,1789458646907605000,33368000
2182,1789458646960580325,1789458646940974000,33369000
2183,1789458646994374766,1789458646974341000,33367000
2184,1789458647027627040,1789458647007710000,33369000
2185,1789458647060825865,1789458647041079000,33369000
2186,1789458647094396354,1789458647074448000,33369000
2187,1789458647127958018,1789458647107817000,33369000
2188,1789458647161178872,1789458647141185000,33368000
2189,1789458647194702738,1789458647174554000,33369000
2190,1789458647227996141,1789458647207923000,33369000
2191,1789458647261267015,1789458647241292000,33369000
2192,1789458647294720636,1789458647274660000,33368000
2193,1789458647327794486,1789458647308028000,33368000
2194,1789458647361468100,1789458647341397000,33369000
2195,1789458647394659091,1789458647374766000,33369000
2196,1789458647428051652,1789458647408135000,33369000
2197,1789458647461136242,1789458647441503000,33368000
2198,1789458647494622511,1789458647474873000,33370000
2199,1789458647528302377,1789458647508242000,33369000
2200,1789458647561521848,1789458647541609000,33367000
2201,1789458647594649746,1789458647574978000,33369000
2202,1789458647628042808,1789458647608347000,33369000
2203,1789458647661511666,1789458647641716000,33369000
2204,1789458647695237764,1789458647675085000,33369000
2205,1789458647728385116,1789458647708452000,33367000
2206,1789458647761915414,1789458647741822000,33370000
2207,1789458647795163236,1789458647775191000,33369000
2208,1789458647828670492,1789458647808559000,33368000
2209,1789458647861633044,1789458647841927000,33368000
2210,1789458647895231143,1789458647875297000,33370000
2211,1789458647928733040,1789458647908665000,33368000
2212,1789458647962231210,1789458647942034000,33369000
2213,1789458647995649367,1789458647975401000,33367000
2214,1789458648028622641,1789458648008771000,33370000
2215,1789458648061923888,1789458648042140000,33369000
2216,1789458648095175315,1789458648075507000,33367000
2217,1789458648129079300,1789458648108877000,33370000
2218,1789458648162378062,1789458648142247000,33370000
2219,1789458648195560977,1789458648175617000,33370000
2220,1789458648229160467,1789458648208987000,33370000
2221,1789458648262049715,1789458648242357000,33370000
2222,1789458648295455719,1789458648275726000,33369000
2223,1789458648329031427,1789458648309097000,33371000
2224,1789458648362164122,1789458648342465000,33368000
2225,1789458648395865174,1789458648375833000,33368000
2226,1789458648429217973,1789458648409203000,33370000
2227,1789458648462642179,1789458648442572000,33369000
2228,1789458648495738679,1789458648475941000,33369000
2229,1789458648529348638,1789458648509310000,33369000
2230,1789458648563070357,1789458648542680000,33370000
2231,1789458648596113571,1789458648576049000,33369000
2232,1789458648629913591,1789458648609422000,33373000
2233,1789458648662918556,1789458648642790000,33368000
2234,1789458648696270994,1789458648676162000,33372000
2235,1789458648729205384,1789458648709530000,33368000
2236,1789458648763047930,1789458648742900000,33370000
2237,1789458648796234551,1789458648776257000,33357000
2238,1789458648829917270,1789458648809642000,33385000
2239,1789458648863263286,1789458648843011000,33369000
2240,1789458648896542232,1789458648876381000,33370000
2241,1789458648929927710,1789458648909749000,33368000
2242,1789458648963668212,1789458648943124000,33375000
2243,1789458648996525704,1789458648976493000,33369000
2244,1789458649029849075,1789458649009862000,33369000
2245,1789458649063097104,1789458649043231000,33369000
2246,1789458649096653676,1789458649076600000,33369000
2247,1789458649130462330,1789458649109971000,33371000
2248,1789458649164241400,1789458649143347000,33376000
2249,1789458649196815512,1789458649176715000,33368000
2250,1789458649229912902,1789458649210085000,33370000
2251,1789458649263560477,1789458649243457000,33372000
2252,1789458649296864457,1789458649276825000,33368000
2253,1789458649330026202,1789458649310194000,33369000
2254,1789458649363259866,1789458649343563000,33369000
2255,1789458649396796192,1789458649376932000,33369000
2256,1789458649430181197,1789458649410302000,33370000
2257,1789458649463721479,1789458649443669000,33367000
2258,1789458649497048019,1789458649477039000,33370000
2259,1789458649530181964,1789458649510407000,33368000
2260,1789458649563489691,1789458649543777000,33370000
2261,1789458649596825728,1789458649577145000,33368000
2262,1789458649630508045,1789458649610513000,33368000
2263,1789458649663958567,1789458649643884000,33371000
2264,1789458649696985340,1789458649677251000,33367000
2265,1789458649730883584,1789458649710622000,33371000
2266,1789458649763964494,1789458649743993000,33371000
2267,1789458649797298979,1789458649777360000,33367000
2268,1789458649830632551,1789458649810730000,33370000
2269,1789458649863677427,1789458649844099000,33369000
2270,1789458649897629578,1789458649877467000,33368000
2271,1789458649931069771,1789458649910838000,33371000
2272,1789458649964305198,1789458649944208000,33370000
2273,1789458649997529776,1789458649977577000,33369000
2274,1789458650030499101,1789458650010945000,33368000
2275,1789458650063985867,1789458650044315000,33370000
2276,1789458650097578893,1789458650077683000,33368000
2277,1789458650130668416,1789458650111051000,33368000
2278,1789458650164316901,1789458650144420000,33369000
2279,1789458650197722311,1789458650177789000,33369000
2280,1789458650231160439,1789458650211159000,33370000
2281,1789458650264492187,1789458650244527000,33368000
2282,1789458650297822913,1789458650277897000,33370000
2283,1789458650331240724,1789458650311266000,33369000
2284,1789458650364258800,1789458650344634000,33368000
2285,1789458650397646457,1789458650378003000,33369000
2286,1789458650431387959,1789458650411372000,33369000
2287,1789458650464683833,1789458650444741000,33369000
2288,1789458650498000804,1789458650478113000,33372000
2289,1789458650531581678,1789458650511480000,33367000
2290,1789458650564635718,1789458650544850000,33370000
2291,1789458650598277781,1789458650578218000,33368000
2292,1789458650631722772,1789458650611588000,33370000
2293,1789458650664845605,1789458650644959000,33371000
2294,1789458650698403868,1789458650678327000,33368000
2295,1789458650731360444,1789458650711697000,33370000
2296,1789458650764638515,1789458650745064000,33367000
2297,1789458650799122637,1789458650778438000,33374000
2298,1789458650831816262,1789458650811808000,33370000
2299,1789458650865225188,1789458650845177000,33369000
2300,1789458650898983610,1789458650878547000,33370000
2301,1789458650931617738,1789458650911915000,33368000
2302,1789458650965478463,1789458650945288000,33373000
2303,1789458650998352681,1789458650978658000,33370000
2304,1789458651031854669,1789458651012027000,33369000
2305,1789458651065085834,1789458651045397000,33370000
2306,1789458651098950586,1789458651078766000,33369000
2307,1789458651133092824,1789458651112136000,33370000
2308,1789458651165623103,1789458651145507000,33371000
2309,1789458651198745463,1789458651178877000,33370000
2310,1789458651231898999,1789458651212246000,33369000
2311,1789458651266011865,1789458651245615000,33369000
2312,1789458651299418385,1789458651278988000,33373000
2313,1789458651332904698,1789458651312359000,33371000
2314,1789458651365746074,1789458651345730000,33371000
2315,1789458651399332356,1789458651379100000,33370000
2316,1789458651432921683,1789458651412467000,33367000
2317,1789458651465843444,1789458651445839000,33372000
2318,1789458651498945909,1789458651479206000,33367000
2319,1789458651533225413,1789458651512581000,33375000
2320,1789458651565911752,1789458651545950000,33369000
2321,1789458651599356860,1789458651579319000,33369000
2322,1789458651632956246,1789458651612690000,33371000
2323,1789458651666158339,1789458651646059000,33369000
2324,1789458651699481098,1789458651679429000,33370000
2325,1789458651732505783,1789458651712798000,33369000
2326,1789458651765852245,1789458651746166000,33368000
2327,1789458651800303237,1789458651779539000,33373000
2328,1789458651833268586,1789458651812910000,33371000
2329,1789458651866271843,1789458651846279000,33369000
2330,1789458651899627591,1789458651879649000,33370000
2331,1789458651933280002,1789458651913020000,33371000
2332,1789458651966147285,1789458651946389000,33369000
2333,1789458652000039896,1789458651979761000,33372000
2334,1789458652032860260,1789458652013130000,33369000
2335,1789458652066482644,1789458652046500000,33370000
2336,1789458652099933491,1789458652079868000,33368000
2337,1789458652133535238,1789458652113240000,33372000
2338,1789458652166770599,1789458652146609000,33369000
2339,1789458652200139759,1789458652179980000,33371000
2340,1789458652233393472,1789458652213348000,33368000
2341,1789458652266901913,1789458652246717000,33369000
2342,1789458652300123759,1789458652280087000,33370000
2343,1789458652333972559,1789458652313460000,33373000
2344,1789458652366604498,1789458652346829000,33369000
2345,1789458652400293642,1789458652380198000,33369000
2346,1789458652433549620,1789458652413567000,33369000
2347,1789458652466988255,1789458652446937000,33370000
2348,1789458652500251866,1789458652480305000,33368000
2349,1789458652533671577,1789458652513674000,33369000
2350,1789458652567052458,1789458652547043000,33369000
2351,1789458652600335324,1789458652580411000,33368000
2352,1789458652633727646,1789458652613783000,33372000
2353,1789458652667169026,1789458652647152000,33369000
2354,1789458652700510096,1789458652680521000,33369000
2355,1789458652734175808,1789458652713889000,33368000
2356,1789458652767214104,1789458652747259000,33370000
2357,1789458652800695236,1789458652780629000,33370000
2358,1789458652833568517,1789458652813999000,33370000
2359,1789458652867052223,1789458652847367000,33368000
2360,1789458652900642730,1789458652880735000,33368000
2361,1789458652934202552,1789458652914105000,33370000
2362,1789458652967484426,1789458652947474000,33369000
2363,1789458653001004057,1789458652980844000,33370000
2364,1789458653034253570,1789458653014213000,33369000
2365,1789458653067376235,1789458653047581000,33368000
2366,1789458653100856452,1789458653080952000,33371000
2367,1789458653134311094,1789458653114322000,33370000
2368,1789458653167871304,1789458653147690000,33368000
2369,1789458653201381345,1789458653181063000,33373000
2370,1789458653234932239,1789458653214435000,33372000
2371,1789458653267810386,1789458653247807000,33372000
2372,1789458653301042268,1789458653281175000,33368000
2373,1789458653334525550,1789458653314544000,33369000
2374,1789458653367916978,1789458653347912000,33368000
2375,1789458653400927964,1789458653381281000,33369000
2376,1789458653435078944,1789458653414653000,33372000
2377,1789458653469142820,1789458653448022000,33369000
2378,1789458653501823893,1789458653481395000,33373000
2379,1789458653534391472,1789458653514765000,33370000
2380,1789458653568283768,1789458653548133000,33368000
2381,1789458653601781978,1789458653581504000,33371000
2382,1789458653635845412,1789458653614873000,33369000
2383,1789458653668472207,1789458653648245000,33372000
2384,1789458653701853678,1789458653681615000,33370000
2385,1789458653735619036,1789458653714989000,33374000
2386,1789458653768234832,1789458653748359000,33370000
2387,1789458653801487141,1789458653781728000,33369000
2388,1789458653834884840,1789458653815097000,33369000
2389,1789458653868428091,1789458653848467000,33370000
2390,1789458653902134754,1789458653881839000,33372000
2391,1789458653935146571,1789458653915209000,33370000
2392,1789458653968784922,1789458653948578000,33369000
2393,1789458654002287500,1789458653981948000,33370000
2394,1789458654036201924,1789458654015317000,33369000
2395,1789458654068635800,1789458654048686000,33369000
2396,1789458654102249064,1789458654082057000,33371000
2397,1789458654135849414,1789458654115427000,33370000
2398,1789458654169037173,1789458654148801000,33374000
2399,1789458654202507350,1789458654182175000,33374000
2400,1789458654235792996,1789458654215544000,33369000
2401,1789458654269568600,1789458654248915000,33371000
2402,1789458654302773030,1789458654282286000,33371000
2403,1789458654336199138,1789458654315657000,33371000
2404,1789458654369028814,1789458654349027000,33370000
2405,1789458654402284145,1789458654382395000,33368000
2406,1789458654435606086,1789458654415765000,33370000
2407,1789458654468782135,1789458654449133000,33368000
2408,1789458654502530080,1789458654482503000,33370000
2409,1789458654535976694,1789458654515871000,33368000
2410,1789458654569273119,1789458654549239000,33368000
2411,1789458654602729170,1789458654582610000,33371000
2412,1789458654635890633,1789458654615979000,33369000
2413,1789458654670661515,1789458654649348000,33369000
2414,1789458654702667633,1789458654682717000,33369000
2415,1789458654736141005,1789458654716087000,33370000
2416,1789458654769336960,1789458654749456000,33369000
2417,1789458654802769699,1789458654782824000,33368000
2418,1789458654836213328,1789458654816194000,33370000
2419,1789458654869738774,1789458654849562000,33368000
2420,1789458654903111706,1789458654882932000,33370000
2421,1789458654936343475,1789458654916301000,33369000
2422,1789458654969630532,1789458654949670000,33369000
2423,1789458655003063564,1789458654983039000,33369000
2424,1789458655036598514,1789458655016408000,33369000
2425,1789458655070097510,1789458655049778000,33370000
2426,1789458655103599310,1789458655083150000,33372000
2427,1789458655136444181,1789458655116519000,33369000
2428,1789458655169881616,1789458655149888000,33369000
2429,1789458655203461958,1789458655183257000,33369000
2430,1789458655237116673,1789458655216631000,33374000
2431,1789458655270039865,1789458655249999000,33368000
2432,1789458655303473283,1789458655283370000,33371000
2433,1789458655336492517,1789458655316740000,33370000
2434,1789458655370165856,1789458655350108000,33368000
2435,1789458655403556607,1789458655383478000,33370000
2436,1789458655436855904,1789458655416848000,33370000
2437,1789458655470394310,1789458655450217000,33369000
2438,1789458655503629202,1789458655483586000,33369000
2439,1789458655536708003,1789458655516954000,33368000
2440,1789458655570439766,1789458655550323000,33369000
2441,1789458655604364297,1789458655583692000,33369000
2442,1789458655636920088,1789458655617061000,33369000
2443,1789458655670287247,1789458655650432000,33371000
2444,1789458655703781785,1789458655683800000,33368000
2445,1789458655737271634,1789458655717170000,33370000
2446,1789458655770465561,1789458655750538000,33368000
2447,1789458655803875156,1789458655783908000,33370000
2448,1789458655837170146,1789458655817277000,33369000
2449,1789458655871008721,1789458655850649000,33372000
2450,1789458655904160473,1789458655884022000,33373000
2451,1789458655937084817,1789458655917390000,33368000
2452,1789458655970889972,1789458655950763000,33373000
2453,1789458656004182960,1789458655984132000,33369000
2454,1789458656037676283,1789458656017500000,33368000
2455,1789458656071103015,1789458656050871000,33371000
2456,1789458656104024490,1789458656084239000,33368000
2457,1789458656137663585,1789458656117612000,33373000
2458,1789458656171024670,1789458656150981000,33369000
2459,1789458656204533179,1789458656184349000,33368000
2460,1789458656237744866,1789458656217719000,33370000
2461,1789458656270882038,1789458656251088000,33369000
2462,1789458656305009290,1789458656284458000,33370000
2463,1789458656337884672,1789458656317828000,33370000
2464,1789458656371578965,1789458656351198000,33370000
2465,1789458656405212209,1789458656384571000,33373000
2466,1789458656437934797,1789458656417942000,33371000
2467,1789458656472205506,1789458656451312000,33370000
2468,1789458656504693131,1789458656484682000,33370000
2469,1789458656538157201,1789458656518051000,33369000
2470,1789458656571791507,1789458656551424000,33373000
2471,1789458656604799036,1789458656584794000,33370000
2472,1789458656638027764,1789458656618163000,33369000
2473,1789458656671311489,1789458656651532000,33369000
2474,1789458656704914639,1789458656684903000,33371000
2475,1789458656738492924,1789458656718274000,33371000
2476,1789458656771668275,1789458656751641000,33367000
2477,1789458656805205427,1789458656785013000,33372000
2478,1789458656838439593,1789458656818380000,33367000
2479,1789458656872052090,1789458656851750000,33370000
2480,1789458656905205101,1789458656885120000,33370000
2481,1789458656938398635,1789458656918488000,33368000
2482,1789458656971909418,1789458656951857000,33369000
2483,1789458657005418934,1789458656985227000,33370000
2484,1789458657038787739,1789458657018596000,33369000
2485,1789458657072122082,1789458657051966000,33370000
2486,1789458657105360113,1789458657085336000,33370000
2487,1789458657138307911,1789458657118705000,33369000
2488,1789458657172104796,1789458657152073000,33368000
2489,1789458657205814063,1789458657185443000,33370000
2490,1789458657238944631,1789458657218812000,33369000
2491,1789458657271943742,1789458657252181000,33369000
2492,1789458657305149033,1789458657285550000,33369000
2493,1789458657339614300,1789458657318921000,33371000
2494,1789458657372610406,1789458657352293000,33372000
2495,1789458657405250231,1789458657385663000,33370000
2496,1789458657439128142,1789458657419032000,33369000
2497,1789458657472295094,1789458657452402000,33370000
2498,1789458657505694174,1789458657485770000,33368000
2499,1789458657539238225,1789458657519140000,33370000
2500,1789458657572591462,1789458657552510000,33370000
2501,1789458657606294528,1789458657585880000,33370000
2502,1789458657639717341,1789458657619250000,33370000
2503,1789458657672778844,1789458657652618000,33368000
2504,1789458657706024769,1789458657685988000,33370000
2505,1789458657739544426,1789458657719356000,33368000
2506,1789458657772923319,1789458657752726000,33370000
2507,1789458657806159516,1789458657786095000,33369000
2508,1789458657839351614,1789458657819463000,33368000
2509,1789458657872812966,1789458657852833000,33370000
2510,1789458657906463828,1789458657886203000,33370000
2511,1789458657940026141,1789458657919576000,33373000
2512,1789458657973032505,1789458657952945000,33369000
2513,1789458658006497248,1789458657986314000,33369000
2514,1789458658039899240,1789458658019684000,33370000
2515,1789458658073358905,1789458658053055000,33371000
2516,1789458658106315686,1789458658086426000,33371000
2517,1789458658139806177,1789458658119795000,33369000
2518,1789458658173387771,1789458658153164000,33369000
2519,1789458658207061831,1789458658186538000,33374000
2520,1789458658240644648,1789458658219907000,33369000
2521,1789458658273291241,1789458658253277000,33370000
2522,1789458658306356417,1789458658286646000,33369000
2523,1789458658339758659,1789458658320016000,33370000
2524,1789458658373392448,1789458658353385000,33369000
2525,1789458658406597636,1789458658386754000,33369000
2526,1789458658439990701,1789458658420124000,33370000
2527,1789458658473543814,1789458658453494000,33370000
2528,1789458658506788082,1789458658486865000,33371000
2529,1789458658539897848,1789458658520234000,33369000
2530,1789458658573895891,1789458658553602000,33368000
2531,1789458658607890899,1789458658586972000,33370000
2532,1789458658641077874,1789458658620347000,33375000
2533,1789458658673633944,1789458658653715000,33368000
2534,1789458658707075807,1789458658687084000,33369000
2535,1789458658740491844,1789458658720453000,33369000
2536,1789458658774002542,1789458658753825000,33372000
2537,1789458658806979449,1789458658787193000,33368000
2538,1789458658841262625,1789458658820567000,33374000
2539,1789458658874472992,1789458658853940000,33373000
2540,1789458658907049108,1789458658887309000,33369000
2541,1789458658941321856,1789458658920684000,33375000
2542,1789458658974142041,1789458658954052000,33368000
2543,1789458659007319193,1789458658987422000,33370000
2544,1789458659040818666,1789458659020792000,33370000
2545,1789458659074309254,1789458659054161000,33369000
2546,1789458659107902596,1789458659087532000,33371000
2547,1789458659140691030,1789458659120900000,33368000
2548,1789458659174098808,1789458659154271000,33371000
2549,1789458659207865161,1789458659187640000,33369000
2550,1789458659241195260,1789458659221012000,33372000
2551,1789458659275497397,1789458659254384000,33372000
2552,1789458659308281674,1789458659287755000,33371000
2553,1789458659340852206,1789458659321125000,33370000
2554,1789458659374647432,1789458659354492000,33367000
2555,1789458659408269004,1789458659387863000,33371000
2556,1789458659441191159,1789458659421234000,33371000
2557,1789458659474956611,1789458659454603000,33369000
2558,1789458659508012416,1789458659487971000,33368000
2559,1789458659541296261,1789458659521343000,33372000
2560,1789458659575202486,1789458659554712000,33369000
2561,1789458659608502681,1789458659588086000,33374000
2562,1789458659641501944,1789458659621457000,33371000
2563,1789458659674931431,1789458659654827000,33370000
2564,1789458659708098897,1789458659688196000,33369000
2565,1789458659741308078,1789458659721566000,33370000
2566,1789458659775300038,1789458659754936000,33370000
2567,1789458659808316422,1789458659788307000,33371000
2568,1789458659841538306,1789458659821677000,33370000
2569,1789458659874886487,1789458659855045000,33368000
2570,1789458659908566445,1789458659888414000,33369000
2571,1789458659941799629,1789458659921783000,33369000
2572,1789458659975216834,1789458659955151000,33368000
2573,1789458660008298923,1789458659988522000,33371000
2574,1789458660041673467,1789458660021891000,33369000
2575,1789458660075548533,1789458660055260000,33369000
2576,1789458660108622296,1789458660088631000,33371000
2577,1789458660142158051,1789458660122000000,33369000
2578,1789458660175786943,1789458660155370000,33370000
2579,1789458660208804926,1789458660188740000,33370000
2580,1789458660242082566,1789458660222110000,33370000
2581,1789458660275986584,1789458660255481000,33371000
2582,1789458660308582958,1789458660288850000,33369000
2583,1789458660342223942,1789458660322221000,33371000
2584,1789458660375664486,1789458660355590000,33369000
2585,1789458660408937748,1789458660388959000,33369000
2586,1789458660442306502,1789458660422328000,33369000
2587,1789458660475310710,1789458660455697000,33369000
2588,1789458660509088621,1789458660489067000,33370000
2589,1789458660542146676,1789458660522437000,33370000
2590,1789458660575434334,1789458660555806000,33369000
2591,1789458660609242048,1789458660589174000,33368000
2592,1789458660642440085,1789458660622545000,33371000
2593,1789458660675670851,1789458660655915000,33370000
2594,1789458660709336058,1789458660689284000,33369000
2595,1789458660743093652,1789458660722658000,33374000
2596,1789458660776056255,1789458660756027000,33369000
2597,1789458660809472144,1789458660789396000,33369000
2598,1789458660842366965,1789458660822766000,33370000
2599,1789458660875929728,1789458660856136000,33370000
2600,1789458660909353832,1789458660889505000,33369000
2601,1789458660943084989,1789458660922875000,33370000
2602,1789458660975856718,1789458660956245000,33370000
2603,1789458661009486148,1789458660989613000,33368000
2604,1789458661042576537,1789458661022984000,33371000
2605,1789458661076590769,1789458661056354000,33370000
2606,1789458661109858547,1789458661089726000,33372000
2607,1789458661142787075,1789458661123095000,33369000
2608,1789458661176005324,1789458661156464000,33369000
2609,1789458661209387047,1789458661189833000,33369000
2610,1789458661243319913,1789458661223203000,33370000
2611,1789458661276398571,1789458661256572000,33369000
2612,1789458661309681576,1789458661289941000,33369000
2613,1789458661344045278,1789458661323311000,33370000
2614,1789458661376222042,1789458661356681000,33370000
2615,1789458661409762010,1789458661390049000,33368000
2616,1789458661443155084,1789458661423420000,33371000
2617,1789458661476350562,1789458661456789000,33369000
2618,1789458661509761448,1789458661490158000,33369000
2619,1789458661543264991,1789458661523528000,33370000
2620,1789458661577432610,1789458661556899000,33371000
2621,1789458661611190771,1789458661590268000,33369000
2622,1789458661643744533,1789458661623640000,33372000
2623,1789458661677878421,1789458661657009000,33369000
2624,1789458661710389887,1789458661690379000,33370000
2625,1789458661743608837,1789458661723749000,33370000
2626,1789458661777032556,1789458661757118000,33369000
2627,1789458661810404993,1789458661790487000,33369000
2628,1789458661843904398,1789458661823857000,33370000
2629,1789458661877130411,1789458661857225000,33368000
2630,1789458661910343020,1789458661890595000,33370000
2631,1789458661944052684,1789458661923965000,33370000
2632,1789458661977343213,1789458661957332000,33367000
2633,1789458662010697565,1789458661990703000,33371000
2634,1789458662044097437,1789458662024072000,33369000
2635,1789458662077418877,1789458662057440000,33368000
2636,1789458662110554623,1789458662090810000,33370000
2637,1789458662144042003,1789458662124179000,33369000
2638,1789458662177509166,1789458662157548000,33369000
2639,1789458662210958236,1789458662190918000,33370000
2640,1789458662243955783,1789458662224287000,33369000
2641,1789458662277686842,1789458662257656000,33369000
2642,1789458662310913772,1789458662291026000,33370000
2643,1789458662344233941,1789458662324396000,33370000
2644,1789458662377606694,1789458662357765000,33369000
2645,1789458662411006044,1789458662391134000,33369000
2646,1789458662444288545,1789458662424504000,33370000
2647,1789458662477666207,1789458662457872000,33368000
2648,1789458662510939501,1789458662491242000,33370000
2649,1789458662544361593,1789458662524612000,33370000
2650,1789458662577800686,1789458662557980000,33368000
2651,1789458662611001659,1789458662591349000,33369000
2652,1789458662644475033,1789458662624720000,33371000
2653,1789458662678033832,1789458662658088000,33368000
2654,1789458662711215490,1789458662691458000,33370000
2655,1789458662744496398,1789458662724828000,33370000
2656,1789458662778149115,1789458662758197000,33369000
2657,1789458662811564295,1789458662791566000,33369000
2658,1789458662844930075,1789458662824936000,33370000
2659,1789458662878393251,1789458662858305000,33369000
2660,1789458662911562988,1789458662891673000,33368000
2661,1789458662945021085,1789458662925044000,33371000
2662,1789458662978086284,1789458662958412000,33368000
2663,1789458663011699628,1789458662991782000,33370000
2664,1789458663045069002,1789458663025151000,33369000
2665,1789458663078440478,1789458663058520000,33369000
2666,1789458663111765581,1789458663091890000,33370000
2667,1789458663145283481,1789458663125259000,33369000
2668,1789458663179134311,1789458663158632000,33373000
2669,1789458663211796779,1789458663192002000,33370000
2670,1789458663246515904,1789458663225372000,33370000
2671,1789458663279013014,1789458663258744000,33372000
2672,1789458663312021216,1789458663292114000,33370000
2673,1789458663345443033,1789458663325484000,33370000
2674,1789458663379789737,1789458663358854000,33370000
2675,1789458663412165127,1789458663392223000,33369000
2676,1789458663445754406,1789458663425594000,33371000
2677,1789458663479326504,1789458663458966000,33372000
2678,1789458663512291848,1789458663492339000,33373000
2679,1789458663546080557,1789458663525713000,33374000
2680,1789458663579290432,1789458663559084000,33371000
2681,1789458663612455165,1789458663592454000,33370000
2682,1789458663646023987,1789458663625826000,33372000
2683,1789458663679300922,1789458663659194000,33368000
2684,1789458663712821478,1789458663692566000,33372000
2685,1789458663746971808,1789458663725936000,33370000
2686,1789458663779307347,1789458663759306000,33370000
2687,1789458663813146485,1789458663792681000,33375000
2688,1789458663846123520,1789458663826050000,33369000
2689,1789458663879504504,1789458663859420000,33370000
2690,1789458663912659480,1789458663892789000,33369000
2691,1789458663946166099,1789458663926159000,33370000
2692,1789458663979500478,1789458663959527000,33368000
2693,1789458664013068558,1789458663992897000,33370000
2694,1789458664047590534,1789458664026268000,33371000
2695,1789458664079938700,1789458664059876000,33608000
2696,1789458664112979505,1789458664093244000,33368000
2697,1789458664147221687,1789458664126618000,33374000
2698,1789458664179910177,1789458664159985000,33367000
2699,1789458664212911741,1789458664193894000,33909000
2700,1789458664246374217,1789458664227264000,33370000
2701,1789458664280054415,1789458664260633000,33369000
2702,1789458664313160427,1789458664294003000,33370000
2703,1789458664346542428,1789458664327781000,33778000
2704,1789458664379984066,1789458664361150000,33369000
2705,1789458664413012679,1789458664394521000,33371000
2706,1789458664446583640,1789458664427891000,33370000
2707,1789458664480170901,1789458664461610000,33719000
2708,1789458664513273227,1789458664494981000,33371000
2709,1789458664546728229,1789458664528351000,33370000
2710,1789458664580122391,1789458664561720000,33369000
2711,1789458664613470391,1789458664595091000,33371000
2712,1789458664646959394,1789458664628461000,33370000
2713,1789458664680359217,1789458664661830000,33369000
2714,1789458664713339924,1789458664695200000,33370000
2715,1789458664746722885,1789458664728570000,33370000
2716,1789458664780063241,1789458664761940000,33370000
2717,1789458664813446494,1789458664795310000,33370000
2718,1789458664846911284,1789458664828681000,33371000
2719,1789458664880186932,1789458664861633000,32952000
2720,1789458664914095031,1789458664895003000,33370000
2721,1789458664946866180,1789458664928373000,33370000
2722,1789458664980287812,1789458664961743000,33370000
2723,1789458665014338468,1789458664994440000,32697000
2724,1789458665046991498,1789458665027807000,33367000
2725,1789458665080787601,1789458665061174000,33367000
2726,1789458665114008095,1789458665094541000,33367000
2727,1789458665147329281,1789458665127463000,32922000
2728,1789458665180488585,1789458665160833000,33370000
2729,1789458665214209943,1789458665194203000,33370000
2730,1789458665247315760,1789458665227574000,33371000
2731,1789458665280510217,1789458665260943000,33369000
2732,1789458665314323341,1789458665294312000,33369000
2733,1789458665348216147,1789458665327685000,33373000
2734,1789458665381181441,1789458665361055000,33370000
2735,1789458665414084062,1789458665394423000,33368000
2736,1789458665447718163,1789458665427793000,33370000
2737,1789458665480989939,1789458665461165000,33372000
2738,1789458665514653873,1789458665494533000,33368000
2739,1789458665548347992,1789458665527907000,33374000
2740,1789458665581945245,1789458665561278000,33371000
2741,1789458665614330172,1789458665594648000,33370000
2742,1789458665647984379,1789458665628017000,33369000
2743,1789458665681395807,1789458665661830000,33813000
2744,1789458665715119810,1789458665695195000,33365000
2745,1789458665748031256,1789458665728562000,33367000
2746,1789458665781385952,1789458665761929000,33367000
2747,1789458665814959183,1789458665795627000,33698000
2748,1789458665848093131,1789458665828992000,33365000
2749,1789458665881801575,1789458665862357000,33365000
2750,1789458665915034792,1789458665895721000,33364000
2751,1789458665948462280,1789458665928712000,32991000
2752,1789458665981717647,1789458665962081000,33369000
2753,1789458666015186069,1789458665995447000,33366000
2754,1789458666048851551,1789458666028817000,33370000
2755,1789458666082123022,1789458666062187000,33370000
2756,1789458666115788063,1789458666095558000,33371000
2757,1789458666149559486,1789458666128932000,33374000
2758,1789458666182327378,1789458666162300000,33368000
2759,1789458666215348648,1789458666195268000,32968000
2760,1789458666248659290,1789458666228639000,33371000
2761,1789458666282203172,1789458666262007000,33368000
2762,1789458666315231745,1789458666295377000,33370000
2763,1789458666349668569,1789458666328751000,33374000
2764,1789458666382157828,1789458666362122000,33371000
2765,1789458666415526234,1789458666395490000,33368000
2766,1789458666448776076,1789458666428861000,33371000
2767,1789458666482474828,1789458666462234000,33373000
2768,1789458666515624148,1789458666495604000,33370000
2769,1789458666549184521,1789458666528976000,33372000
2770,1789458666582073983,1789458666562345000,33369000
2771,1789458666615819830,1789458666595714000,33369000
2772,1789458666649718052,1789458666629089000,33375000
2773,1789458666682669966,1789458666662460000,33371000
2774,1789458666716238223,1789458666695832000,33372000
2775,1789458666750017700,1789458666729207000,33375000
2776,1789458666783529224,1789458666762578000,33371000
2777,1789458666816520981,1789458666795951000,33373000
2778,1789458666849073384,1789458666829322000,33371000
2779,1789458666882597140,1789458666862692000,33370000
2780,1789458666916036544,1789458666896060000,33368000
2781,1789458666949465459,1789458666929431000,33371000
2782,1789458666982980760,1789458666962801000,33370000
2783,1789458667015937625,1789458666996170000,33369000
2784,1789458667049657660,1789458667029541000,33371000
2785,1789458667082513635,1789458667062910000,33369000
2786,1789458667117082623,1789458667096282000,33372000
2787,1789458667150349891,1789458667129656000,33374000
2788,1789458667183074029,1789458667163027000,33371000
2789,1789458667216414639,1789458667196397000,33370000
2790,1789458667249798397,1789458667229766000,33369000
2791,1789458667283167038,1789458667263136000,33370000
2792,1789458667316522355,1789458667296505000,33369000
2793,1789458667349747617,1789458667329875000,33370000
2794,1789458667383331868,1789458667363245000,33370000
2795,1789458667416624842,1789458667396614000,33369000
2796,1789458667449993423,1789458667429985000,33371000
2797,1789458667483333592,1789458667463354000,33369000
2798,1789458667516444819,1789458667496724000,33370000
2799,1789458667550121336,1789458667530095000,33371000
2800,1789458667583422975,1789458667563465000,33370000
2801,1789458667618127578,1789458667596834000,33369000
2802,1789458667650719778,1789458667630207000,33373000
2803,1789458667683787936,1789458667663577000,33370000
2804,1789458667716892430,1789458667696946000,33369000
2805,1789458667750299170,1789458667730316000,33370000
2806,1789458667784028332,1789458667763690000,33374000
2807,1789458667817225953,1789458667797060000,33370000
2808,1789458667850912538,1789458667830431000,33371000
2809,1789458667884105743,1789458667863801000,33370000
2810,1789458667917968816,1789458667897174000,33373000
2811,1789458667950608601,1789458667930544000,33370000
2812,1789458667983853309,1789458667963914000,33370000
2813,1789458668017249051,1789458667997282000,33368000
2814,1789458668050885850,1789458668030654000,33372000
2815,1789458668083922917,1789458668064024000,33370000
2816,1789458668117989573,1789458668097394000,33370000
2817,1789458668151122864,1789458668130766000,33372000
2818,1789458668184263848,1789458668164137000,33371000
2819,1789458668217794567,1789458668197507000,33370000
2820,1789458668251412593,1789458668230881000,33374000
2821,1789458668284797768,1789458668264255000,33374000
2822,1789458668317835647,1789458668297624000,33369000
2823,1789458668351070741,1789458668330995000,33371000
2824,1789458668384543855,1789458668364366000,33371000
2825,1789458668417702532,1789458668397736000,33370000
2826,1789458668451221499,1789458668431107000,33371000
2827,1789458668484901317,1789458668464480000,33373000
2828,1789458668519087980,1789458668497849000,33369000
2829,1789458668551270873,1789458668531219000,33370000
2830,1789458668584519632,1789458668564589000,33370000
2831,1789458668618503980,1789458668597963000,33374000
2832,1789458668651418896,1789458668631336000,33373000
2833,1789458668684651976,1789458668664707000,33371000
2834,1789458668718235069,1789458668698077000,33370000
2835,1789458668751554275,1789458668731448000,33371000
2836,1789458668785241015,1789458668764822000,33374000
2837,1789458668818446536,1789458668798194000,33372000
2838,1789458668852063780,1789458668831566000,33372000
2839,1789458668884814530,1789458668864936000,33370000
2840,1789458668918246169,1789458668898305000,33369000
2841,1789458668951637385,1789458668931677000,33372000
2842,1789458668984990713,1789458668965047000,33370000
2843,1789458669018759765,1789458668998415000,33368000
2844,1789458669052178946,1789458669031789000,33374000
2845,1789458669084865053,1789458669065157000,33368000
2846,1789458669118491198,1789458669098527000,33370000
2847,1789458669151635522,1789458669131896000,33369000
2848,1789458669184883885,1789458669165266000,33370000
2849,1789458669218371439,1789458669198634000,33368000
2850,1789458669252031416,1789458669232004000,33370000
2851,1789458669285388004,1789458669265373000,33369000
2852,1789458669318794141,1789458669298743000,33370000
2853,1789458669352211609,1789458669332114000,33371000
2854,1789458669386248967,1789458669365488000,33374000
2855,1789458669418696793,1789458669398859000,33371000
2856,1789458669452716199,1789458669432233000,33374000
2857,1789458669486017016,1789458669465602000,33369000
2858,1789458669519169365,1789458669498973000,33371000
2859,1789458669552355796,1789458669532343000,33370000
2860,1789458669585589431,1789458669565712000,33369000
2861,1789458669619874086,1789458669599087000,33375000
2862,1789458669652522375,1789458669632456000,33369000
2863,1789458669686003277,1789458669665826000,33370000
2864,1789458669719619605,1789458669699196000,33370000
2865,1789458669752386728,1789458669732565000,33369000
2866,1789458669785864605,1789458669765935000,33370000
2867,1789458669818991267,1789458669799305000,33370000
2868,1789458669852404247,1789458669832674000,33369000
2869,1789458669885920694,1789458669866044000,33370000
2870,1789458669920679586,1789458669899420000,33376000
2871,1789458669953040866,1789458669932791000,33371000
2872,1789458669986250108,1789458669966162000,33371000
2873,1789458670019353702,1789458669999530000,33368000
2874,1789458670052542541,1789458670032901000,33371000
2875,1789458670086454336,1789458670066270000,33369000
2876,1789458670119599126,1789458670099639000,33369000
2877,1789458670152732685,1789458670133010000,33371000
2878,1789458670186274281,1789458670166378000,33368000
2879,1789458670219488656,1789458670199748000,33370000
2880,1789458670253393239,1789458670233119000,33371000
2881,1789458670286209655,1789458670266488000,33369000
2882,1789458670320286829,1789458670299859000,33371000
2883,1789458670353314717,1789458670333229000,33370000
2884,1789458670386398296,1789458670366599000,33370000
2885,1789458670419802865,1789458670399969000,33370000
2886,1789458670453093398,1789458670433338000,33369000
2887,1789458670486860111,1789458670466710000,33372000
2888,1789458670520655797,1789458670500084000,33374000
2889,1789458670553802139,1789458670533453000,33369000
2890,1789458670587480853,1789458670566828000,33375000
2891,1789458670620361645,1789458670600200000,33372000
2892,1789458670653621072,1789458670633568000,33368000
2893,1789458670687436343,1789458670666941000,33373000
2894,1789458670720159771,1789458670700310000,33369000
2895,1789458670753584496,1789458670733678000,33368000
2896,1789458670786800704,1789458670767049000,33371000
2897,1789458670820740620,1789458670800422000,33373000
2898,1789458670853908842,1789458670833794000,33372000
2899,1789458670887531816,1789458670867167000,33373000
2900,1789458670920124457,1789458670900536000,33369000
2901,1789458670953569850,1789458670933906000,33370000
2902,1789458670987560518,1789458670967279000,33373000
2903,1789458671020835908,1789458671000650000,33371000
2904,1789458671054231866,1789458671034021000,33371000
2905,1789458671087778155,1789458671067395000,33374000
2906,1789458671121086704,1789458671100767000,33372000
2907,1789458671154018833,1789458671134136000,33369000
2908,1789458671187238872,1789458671167506000,33370000
2909,1789458671221376330,1789458671200879000,33373000
2910,1789458671254104951,1789458671234247000,33368000
2911,1789458671287442041,1789458671267618000,33371000
2912,1789458671320790553,1789458671300987000,33369000
2913,1789458671354253862,1789458671334356000,33369000
2914,1789458671388125098,1789458671367731000,33375000
2915,1789458671421008228,1789458671401101000,33370000
2916,1789458671454413222,1789458671434469000,33368000
2917,1789458671487558956,1789458671467839000,33370000
2918,1789458671520932834,1789458671501208000,33369000
2919,1789458671554591466,1789458671534578000,33370000
2920,1789458671588159965,1789458671567948000,33370000
2921,1789458671620980642,1789458671601318000,33370000
2922,1789458671654494402,1789458671634687000,33369000
2923,1789458671688056930,1789458671668059000,33372000
2924,1789458671721514559,1789458671701432000,33373000
2925,1789458671754583345,1789458671734800000,33368000
2926,1789458671788392288,1789458671768172000,33372000
2927,1789458671821186257,1789458671801541000,33369000
2928,1789458671854901382,1789458671834910000,33369000
2929,1789458671888070068,1789458671868281000,33371000
2930,1789458671921650759,1789458671901650000,33369000
2931,1789458671955202207,1789458671935020000,33370000
2932,1789458671988844569,1789458671968390000,33370000
2933,1789458672021525038,1789458672001759000,33369000
2934,1789458672054772831,1789458672035128000,33369000
2935,1789458672088317942,1789458672068497000,33369000
2936,1789458672121619382,1789458672101867000,33370000
2937,1789458672155488849,1789458672135238000,33371000
2938,1789458672188664421,1789458672168608000,33370000
2939,1789458672221954701,1789458672201978000,33370000
2940,1789458672255166950,1789458672235347000,33369000
2941,1789458672288321514,1789458672268717000,33370000
2942,1789458672321835419,1789458672302088000,33371000
2943,1789458672355208709,1789458672335456000,33368000
2944,1789458672388889886,1789458672368826000,33370000
2945,1789458672422269808,1789458672402198000,33372000
2946,1789458672455285972,1789458672435566000,33368000
2947,1789458672488825292,1789458672468936000,33370000
2948,1789458672522222535,1789458672502306000,33370000
2949,1789458672555463536,1789458672535676000,33370000
2950,1789458672589010350,1789458672569046000,33370000
2951,1789458672622335032,1789458672602414000,33368000
2952,1789458672655712009,1789458672635784000,33370000
2953,1789458672689290160,1789458672669154000,33370000
2954,1789458672722527434,1789458672702524000,33370000
2955,1789458672756308331,1789458672735895000,33371000
2956,1789458672789218483,1789458672769264000,33369000
2957,1789458672822733640,1789458672802635000,33371000
2958,1789458672856229551,1789458672836007000,33372000
2959,1789458672889120278,1789458672869376000,33369000
2960,1789458672923179409,1789458672902744000,33368000
2961,1789458672956594104,1789458672936116000,33372000
2962,1789458672989690142,1789458672969488000,33372000
2963,1789458673022885316,1789458673002856000,33368000
2964,1789458673056084013,1789458673036228000,33372000
2965,1789458673089579197,1789458673069597000,33369000
2966,1789458673122946560,1789458673102967000,33370000
2967,1789458673156735616,1789458673136339000,33372000
2968,1789458673189962094,1789458673169708000,33369000
2969,1789458673223105160,1789458673203079000,33371000
2970,1789458673256404650,1789458673236449000,33370000
2971,1789458673290212500,1789458673269822000,33373000
2972,1789458673323092822,1789458673303191000,33369000
2973,1789458673356851072,1789458673336563000,33372000
2974,1789458673389853454,1789458673369932000,33369000
2975,1789458673423154327,1789458673403301000,33369000
2976,1789458673456128208,1789458673436671000,33370000
2977,1789458673490525284,1789458673470047000,33376000
2978,1789458673523180027,1789458673503416000,33369000
2979,1789458673557084482,1789458673536791000,33375000
2980,1789458673589936793,1789458673570160000,33369000
2981,1789458673623106718,1789458673603530000,33370000
2982,1789458673656716239,1789458673636899000,33369000
2983,1789458673690051764,1789458673670271000,33372000
2984,1789458673723506295,1789458673703640000,33369000
2985,1789458673757223942,1789458673737013000,33373000
2986,1789458673789958078,1789458673770383000,33370000
2987,1789458673823750360,1789458673803752000,33369000
2988,1789458673856977990,1789458673837122000,33370000
2989,1789458673891018671,1789458673870496000,33374000
2990,1789458673923777403,1789458673903864000,33368000
2991,1789458673957733922,1789458673937239000,33375000
2992,1789458673990519682,1789458673970609000,33370000
2993,1789458674023926723,1789458674003979000,33370000
2994,1789458674057323011,1789458674037348000,33369000
2995,1789458674090361763,1789458674070718000,33370000
2996,1789458674124021027,1789458674104086000,33368000
2997,1789458674157311173,1789458674137455000,33369000
2998,1789458674190636844,1789458674170825000,33370000
2999,1789458674224054732,1789458674204192000,33367000
3000,1789458674257513193,1789458674237562000,33370000
3001,1789458674291486035,1789458674270937000,33375000
3002,1789458674324566742,1789458674304306000,33369000
3003,1789458674357916306,1789458674337678000,33372000
3004,1789458674391203357,1789458674371049000,33371000
3005,1789458674425106874,1789458674404424000,33375000
3006,1789458674458326132,1789458674437797000,33373000
3007,1789458674491019779,1789458674471168000,33371000
3008,1789458674524473191,1789458674504536000,33368000
3009,1789458674557905725,1789458674537906000,33370000
3010,1789458674591736329,1789458674571279000,33373000
3011,1789458674624635829,1789458674604647000,33368000
3012,1789458674658165218,1789458674638018000,33371000
3013,1789458674691292600,1789458674671388000,33370000
3014,1789458674725062134,1789458674704760000,33372000
3015,1789458674757987921,1789458674738129000,33369000
3016,1789458674791492656,1789458674771499000,33370000
3017,1789458674825013540,1789458674804868000,33369000
3018,1789458674858766755,1789458674838242000,33374000
3019,1789458674891637312,1789458674871612000,33370000
3020,1789458674924460122,1789458674904981000,33369000
3021,1789458674958530501,1789458674938350000,33369000
3022,1789458674992125539,1789458674971720000,33370000
3023,1789458675026195626,1789458675005097000,33377000
3024,1789458675058477139,1789458675038466000,33369000
3025,1789458675092107524,1789458675071834000,33368000
3026,1789458675125284719,1789458675105205000,33371000
3027,1789458675158704012,1789458675138574000,33369000
3028,1789458675191959008,1789458675171944000,33370000
3029,1789458675225249909,1789458675205315000,33371000
3030,1789458675258775455,1789458675238684000,33369000
3031,1789458675292228119,1789458675272052000,33368000
3032,1789458675325176279,1789458675305424000,33372000
3033,1789458675358733272,1789458675338793000,33369000
3034,1789458675392107434,1789458675372162000,33369000
3035,1789458675425679905,1789458675405530000,33368000
3036,1789458675458945970,1789458675438901000,33371000
3037,1789458675492336401,1789458675472269000,33368000
3038,1789458675525591748,1789458675505640000,33371000
3039,1789458675558992067,1789458675539009000,33369000
3040,1789458675592260096,1789458675572378000,33369000
3041,1789458675625425901,1789458675605748000,33370000
3042,1789458675658909420,1789458675639118000,33370000
3043,1789458675692351836,1789458675672487000,33369000
3044,1789458675725470705,1789458675705856000,33369000
3045,1789458675759295102,1789458675739227000,33371000
3046,1789458675792539148,1789458675772595000,33368000
3047,1789458675825753731,1789458675805966000,33371000
3048,1789458675859228885,1789458675839336000,33370000
3049,1789458675892568234,1789458675872704000,33368000
3050,1789458675926744529,1789458675906079000,33375000
3051,1789458675959151479,1789458675939450000,33371000
3052,1789458675992965326,1789458675972819000,33369000
3053,1789458676026688499,1789458676006195000,33376000
3054,1789458676060195283,1789458676039570000,33375000
3055,1789458676093018260,1789458676072940000,33370000
3056,1789458676126397574,1789458676106309000,33369000
3057,1789458676159281200,1789458676139679000,33370000
3058,1789458676192842193,1789458676173048000,33369000
3059,1789458676226693502,1789458676206421000,33373000
3060,1789458676260385052,1789458676239798000,33377000
3061,1789458676293218968,1789458676273166000,33368000
3062,1789458676326550906,1789458676306535000,33369000
3063,1789458676360111068,1789458676339909000,33374000
3064,1789458676393969430,1789458676373284000,33375000
3065,1789458676426592023,1789458676406654000,33370000
3066,1789458676460741733,1789458676440030000,33376000
3067,1789458676493348487,1789458676473399000,33369000
3068,1789458676526492125,1789458676506770000,33371000
3069,1789458676560387865,1789458676540138000,33368000
3070,1789458676593144070,1789458676573508000,33370000
3071,1789458676627091764,1789458676606880000,33372000
3072,1789458676660322598,1789458676640250000,33370000
3073,1789458676693387303,1789458676673619000,33369000
3074,1789458676726813341,1789458676706988000,33369000
3075,1789458676761442650,1789458676740365000,33377000
3076,1789458676793709228,1789458676773734000,33369000
3077,1789458676827117345,1789458676807102000,33368000
3078,1789458676860450104,1789458676840473000,33371000
3079,1789458676893707418,1789458676873841000,33368000
3080,1789458676927139838,1789458676907211000,33370000
3081,1789458676960602363,1789458676940580000,33369000
3082,1789458676993939521,1789458676973949000,33369000
3083,1789458677027110715,1789458677007318000,33369000
3084,1789458677060504318,1789458677040687000,33369000
3085,1789458677093995116,1789458677074057000,33370000
3086,1789458677127414396,1789458677107427000,33370000
3087,1789458677160786209,1789458677140797000,33370000
3088,1789458677194047913,1789458677174165000,33368000
3089,1789458677227603800,1789458677207534000,33369000
3090,1789458677260795496,1789458677240903000,33369000
3091,1789458677294323814,1789458677274274000,33371000
3092,1789458677327353958,1789458677307644000,33370000
3093,1789458677360802470,1789458677341012000,33368000
3094,1789458677394251062,1789458677374382000,33370000
3095,1789458677427753262,1789458677407753000,33371000
3096,1789458677461155170,1789458677441121000,33368000
