left_index,right_index,left_ns,right_ns,elapsed_ns,signed_delta_ns,absolute_delta_ns,left_interval_ns,right_interval_ns,within_0_5_ms,within_2_ms
1,1,1789458574164733000,1789458574164727000,0,6000,6000,,,True,True
2,2,1789458574198101000,1789458574198095000,33368000,6000,6000,33368000,33368000,True,True
3,3,1789458574231468000,1789458574231461000,66735000,7000,7000,33367000,33366000,True,True
4,4,1789458574264835000,1789458574264831000,100102000,4000,4000,33367000,33370000,True,True
5,5,1789458574298203000,1789458574298198000,133470000,5000,5000,33368000,33367000,True,True
6,6,1789458574331570000,1789458574331566000,166837000,4000,4000,33367000,33368000,True,True
7,7,1789458574364936000,1789458574364932000,200203000,4000,4000,33366000,33366000,True,True
8,8,1789458574398303000,1789458574398299000,233570000,4000,4000,33367000,33367000,True,True
9,9,1789458574431670000,1789458574431666000,266937000,4000,4000,33367000,33367000,True,True
10,10,1789458574465036000,1789458574465033000,300303000,3000,3000,33366000,33367000,True,True
11,11,1789458574498403000,1789458574498399000,333670000,4000,4000,33367000,33366000,True,True
12,12,1789458574531768000,1789458574531765000,367035000,3000,3000,33365000,33366000,True,True
13,13,1789458574565136000,1789458574565133000,400403000,3000,3000,33368000,33368000,True,True
14,14,1789458574598503000,1789458574598499000,433770000,4000,4000,33367000,33366000,True,True
15,15,1789458574631868000,1789458574631866000,467135000,2000,2000,33365000,33367000,True,True
16,16,1789458574665235000,1789458574665232000,500502000,3000,3000,33367000,33366000,True,True
17,17,1789458574698601000,1789458574698598000,533868000,3000,3000,33366000,33366000,True,True
18,18,1789458574731968000,1789458574731966000,567235000,2000,2000,33367000,33368000,True,True
19,19,1789458574765335000,1789458574765332000,600602000,3000,3000,33367000,33366000,True,True
20,20,1789458574798702000,1789458574798699000,633969000,3000,3000,33367000,33367000,True,True
21,21,1789458574832068000,1789458574832065000,667335000,3000,3000,33366000,33366000,True,True
22,22,1789458574865434000,1789458574865431000,700701000,3000,3000,33366000,33366000,True,True
23,23,1789458574898800000,1789458574898798000,734067000,2000,2000,33366000,33367000,True,True
24,24,1789458574932167000,1789458574932165000,767434000,2000,2000,33367000,33367000,True,True
25,25,1789458574965534000,1789458574965532000,800801000,2000,2000,33367000,33367000,True,True
26,26,1789458574998901000,1789458574998899000,834168000,2000,2000,33367000,33367000,True,True
27,27,1789458575032267000,1789458575032265000,867534000,2000,2000,33366000,33366000,True,True
28,28,1789458575065633000,1789458575065632000,900900000,1000,1000,33366000,33367000,True,True
29,29,1789458575099001000,1789458575098999000,934268000,2000,2000,33368000,33367000,True,True
30,30,1789458575132367000,1789458575132366000,967634000,1000,1000,33366000,33367000,True,True
31,31,1789458575165734000,1789458575165732000,1001001000,2000,2000,33367000,33366000,True,True
32,32,1789458575199100000,1789458575199098000,1034367000,2000,2000,33366000,33366000,True,True
33,33,1789458575232467000,1789458575232465000,1067734000,2000,2000,33367000,33367000,True,True
34,34,1789458575265834000,1789458575265832000,1101101000,2000,2000,33367000,33367000,True,True
35,35,1789458575299200000,1789458575299199000,1134467000,1000,1000,33366000,33367000,True,True
36,36,1789458575332567000,1789458575332566000,1167834000,1000,1000,33367000,33367000,True,True
37,37,1789458575365933000,1789458575365932000,1201200000,1000,1000,33366000,33366000,True,True
38,38,1789458575399300000,1789458575399298000,1234567000,2000,2000,33367000,33366000,True,True
39,39,1789458575432667000,1789458575432665000,1267934000,2000,2000,33367000,33367000,True,True
40,40,1789458575466033000,1789458575466032000,1301300000,1000,1000,33366000,33367000,True,True
41,41,1789458575499400000,1789458575499398000,1334667000,2000,2000,33367000,33366000,True,True
42,42,1789458575532766000,1789458575532764000,1368033000,2000,2000,33366000,33366000,True,True
43,43,1789458575566132000,1789458575566132000,1401399000,0,0,33366000,33368000,True,True
44,44,1789458575599503000,1789458575599501000,1434770000,2000,2000,33371000,33369000,True,True
45,45,1789458575632871000,1789458575632871000,1468138000,0,0,33368000,33370000,True,True
46,46,1789458575666240000,1789458575666239000,1501507000,1000,1000,33369000,33368000,True,True
47,47,1789458575699608000,1789458575699607000,1534875000,1000,1000,33368000,33368000,True,True
48,48,1789458575732978000,1789458575732978000,1568245000,0,0,33370000,33371000,True,True
49,49,1789458575766347000,1789458575766349000,1601614000,-2000,2000,33369000,33371000,True,True
50,50,1789458575799715000,1789458575799719000,1634982000,-4000,4000,33368000,33370000,True,True
51,51,1789458575833085000,1789458575833091000,1668352000,-6000,6000,33370000,33372000,True,True
52,52,1789458575866453000,1789458575866460000,1701720000,-7000,7000,33368000,33369000,True,True
53,53,1789458575899823000,1789458575899831000,1735090000,-8000,8000,33370000,33371000,True,True
54,54,1789458575933194000,1789458575933200000,1768461000,-6000,6000,33371000,33369000,True,True
55,55,1789458575966564000,1789458575966570000,1801831000,-6000,6000,33370000,33370000,True,True
56,56,1789458575999933000,1789458575999940000,1835200000,-7000,7000,33369000,33370000,True,True
57,57,1789458576033301000,1789458576033307000,1868568000,-6000,6000,33368000,33367000,True,True
58,58,1789458576066668000,1789458576066675000,1901935000,-7000,7000,33367000,33368000,True,True
59,59,1789458576100035000,1789458576100040000,1935302000,-5000,5000,33367000,33365000,True,True
60,60,1789458576133407000,1789458576133413000,1968674000,-6000,6000,33372000,33373000,True,True
61,61,1789458576166775000,1789458576166780000,2002042000,-5000,5000,33368000,33367000,True,True
62,62,1789458576200145000,1789458576200149000,2035412000,-4000,4000,33370000,33369000,True,True
63,63,1789458576233514000,1789458576233518000,2068781000,-4000,4000,33369000,33369000,True,True
64,64,1789458576266881000,1789458576266885000,2102148000,-4000,4000,33367000,33367000,True,True
65,65,1789458576300249000,1789458576300254000,2135516000,-5000,5000,33368000,33369000,True,True
66,66,1789458576333618000,1789458576333623000,2168885000,-5000,5000,33369000,33369000,True,True
67,67,1789458576366987000,1789458576366990000,2202254000,-3000,3000,33369000,33367000,True,True
68,68,1789458576400360000,1789458576400364000,2235627000,-4000,4000,33373000,33374000,True,True
69,69,1789458576433734000,1789458576433739000,2269001000,-5000,5000,33374000,33375000,True,True
70,70,1789458576467101000,1789458576467106000,2302368000,-5000,5000,33367000,33367000,True,True
71,71,1789458576500468000,1789458576500472000,2335735000,-4000,4000,33367000,33366000,True,True
72,72,1789458576533842000,1789458576533847000,2369109000,-5000,5000,33374000,33375000,True,True
73,73,1789458576567210000,1789458576567215000,2402477000,-5000,5000,33368000,33368000,True,True
74,74,1789458576600582000,1789458576600587000,2435849000,-5000,5000,33372000,33372000,True,True
75,75,1789458576633951000,1789458576633954000,2469218000,-3000,3000,33369000,33367000,True,True
76,76,1789458576667316000,1789458576667320000,2502583000,-4000,4000,33365000,33366000,True,True
77,77,1789458576700690000,1789458576700695000,2535957000,-5000,5000,33374000,33375000,True,True
78,78,1789458576734056000,1789458576734061000,2569323000,-5000,5000,33366000,33366000,True,True
79,79,1789458576767425000,1789458576767427000,2602692000,-2000,2000,33369000,33366000,True,True
80,80,1789458576800790000,1789458576800794000,2636057000,-4000,4000,33365000,33367000,True,True
81,81,1789458576834157000,1789458576834160000,2669424000,-3000,3000,33367000,33366000,True,True
82,82,1789458576867523000,1789458576867527000,2702790000,-4000,4000,33366000,33367000,True,True
83,83,1789458576900891000,1789458576900893000,2736158000,-2000,2000,33368000,33366000,True,True
84,84,1789458576934258000,1789458576934261000,2769525000,-3000,3000,33367000,33368000,True,True
85,85,1789458576967625000,1789458576967627000,2802892000,-2000,2000,33367000,33366000,True,True
86,86,1789458577000991000,1789458577000994000,2836258000,-3000,3000,33366000,33367000,True,True
87,87,1789458577034359000,1789458577034361000,2869626000,-2000,2000,33368000,33367000,True,True
88,88,1789458577067728000,1789458577067729000,2902995000,-1000,1000,33369000,33368000,True,True
89,89,1789458577101095000,1789458577101096000,2936362000,-1000,1000,33367000,33367000,True,True
90,90,1789458577134461000,1789458577134463000,2969728000,-2000,2000,33366000,33367000,True,True
91,91,1789458577167832000,1789458577167833000,3003099000,-1000,1000,33371000,33370000,True,True
92,92,1789458577201202000,1789458577201204000,3036469000,-2000,2000,33370000,33371000,True,True
93,93,1789458577234569000,1789458577234569000,3069836000,0,0,33367000,33365000,True,True
94,94,1789458577267937000,1789458577267939000,3103204000,-2000,2000,33368000,33370000,True,True
95,95,1789458577301305000,1789458577301305000,3136572000,0,0,33368000,33366000,True,True
96,96,1789458577334670000,1789458577334671000,3169937000,-1000,1000,33365000,33366000,True,True
97,97,1789458577368038000,1789458577368037000,3203305000,1000,1000,33368000,33366000,True,True
98,98,1789458577401404000,1789458577401404000,3236671000,0,0,33366000,33367000,True,True
99,99,1789458577434770000,1789458577434771000,3270037000,-1000,1000,33366000,33367000,True,True
100,100,1789458577468138000,1789458577468138000,3303405000,0,0,33368000,33367000,True,True
101,101,1789458577501508000,1789458577501508000,3336775000,0,0,33370000,33370000,True,True
102,102,1789458577534874000,1789458577534874000,3370141000,0,0,33366000,33366000,True,True
103,103,1789458577568242000,1789458577568241000,3403509000,1000,1000,33368000,33367000,True,True
104,104,1789458577601608000,1789458577601607000,3436875000,1000,1000,33366000,33366000,True,True
105,105,1789458577634975000,1789458577634974000,3470242000,1000,1000,33367000,33367000,True,True
106,106,1789458577668342000,1789458577668341000,3503609000,1000,1000,33367000,33367000,True,True
107,107,1789458577701709000,1789458577701707000,3536976000,2000,2000,33367000,33366000,True,True
108,108,1789458577735076000,1789458577735073000,3570343000,3000,3000,33367000,33366000,True,True
109,109,1789458577768442000,1789458577768441000,3603709000,1000,1000,33366000,33368000,True,True
110,110,1789458577801809000,1789458577801808000,3637076000,1000,1000,33367000,33367000,True,True
111,111,1789458577835177000,1789458577835176000,3670444000,1000,1000,33368000,33368000,True,True
112,112,1789458577868544000,1789458577868542000,3703811000,2000,2000,33367000,33366000,True,True
113,113,1789458577901910000,1789458577901909000,3737177000,1000,1000,33366000,33367000,True,True
114,114,1789458577935277000,1789458577935274000,3770544000,3000,3000,33367000,33365000,True,True
115,115,1789458577968644000,1789458577968642000,3803911000,2000,2000,33367000,33368000,True,True
116,116,1789458578002009000,1789458578002007000,3837276000,2000,2000,33365000,33365000,True,True
117,117,1789458578035376000,1789458578035375000,3870643000,1000,1000,33367000,33368000,True,True
118,118,1789458578068742000,1789458578068740000,3904009000,2000,2000,33366000,33365000,True,True
119,119,1789458578102109000,1789458578102108000,3937376000,1000,1000,33367000,33368000,True,True
120,120,1789458578135475000,1789458578135474000,3970742000,1000,1000,33366000,33366000,True,True
121,121,1789458578168841000,1789458578168839000,4004108000,2000,2000,33366000,33365000,True,True
122,122,1789458578202209000,1789458578202206000,4037476000,3000,3000,33368000,33367000,True,True
123,123,1789458578235576000,1789458578235573000,4070843000,3000,3000,33367000,33367000,True,True
124,124,1789458578268948000,1789458578268946000,4104215000,2000,2000,33372000,33373000,True,True
125,125,1789458578302316000,1789458578302314000,4137583000,2000,2000,33368000,33368000,True,True
126,126,1789458578335681000,1789458578335679000,4170948000,2000,2000,33365000,33365000,True,True
127,127,1789458578369048000,1789458578369046000,4204315000,2000,2000,33367000,33367000,True,True
128,128,1789458578402418000,1789458578402416000,4237685000,2000,2000,33370000,33370000,True,True
129,129,1789458578435784000,1789458578435782000,4271051000,2000,2000,33366000,33366000,True,True
130,130,1789458578469151000,1789458578469147000,4304418000,4000,4000,33367000,33365000,True,True
131,131,1789458578502518000,1789458578502514000,4337785000,4000,4000,33367000,33367000,True,True
132,132,1789458578535885000,1789458578535881000,4371152000,4000,4000,33367000,33367000,True,True
133,133,1789458578569252000,1789458578569249000,4404519000,3000,3000,33367000,33368000,True,True
134,134,1789458578602618000,1789458578602614000,4437885000,4000,4000,33366000,33365000,True,True
135,135,1789458578635989000,1789458578635987000,4471256000,2000,2000,33371000,33373000,True,True
136,136,1789458578669356000,1789458578669354000,4504623000,2000,2000,33367000,33367000,True,True
137,137,1789458578702725000,1789458578702723000,4537992000,2000,2000,33369000,33369000,True,True
138,138,1789458578736093000,1789458578736090000,4571360000,3000,3000,33368000,33367000,True,True
139,139,1789458578769459000,1789458578769456000,4604726000,3000,3000,33366000,33366000,True,True
140,140,1789458578802824000,1789458578802821000,4638091000,3000,3000,33365000,33365000,True,True
141,141,1789458578836190000,1789458578836188000,4671457000,2000,2000,33366000,33367000,True,True
142,142,1789458578869557000,1789458578869556000,4704824000,1000,1000,33367000,33368000,True,True
143,143,1789458578902923000,1789458578902922000,4738190000,1000,1000,33366000,33366000,True,True
144,144,1789458578936290000,1789458578936289000,4771557000,1000,1000,33367000,33367000,True,True
145,145,1789458578969656000,1789458578969654000,4804923000,2000,2000,33366000,33365000,True,True
146,146,1789458579003023000,1789458579003020000,4838290000,3000,3000,33367000,33366000,True,True
147,147,1789458579036388000,1789458579036386000,4871655000,2000,2000,33365000,33366000,True,True
148,148,1789458579069754000,1789458579069754000,4905021000,0,0,33366000,33368000,True,True
149,149,1789458579103121000,1789458579103119000,4938388000,2000,2000,33367000,33365000,True,True
150,150,1789458579136486000,1789458579136485000,4971753000,1000,1000,33365000,33366000,True,True
151,151,1789458579169858000,1789458579169857000,5005125000,1000,1000,33372000,33372000,True,True
152,152,1789458579203224000,1789458579203224000,5038491000,0,0,33366000,33367000,True,True
153,153,1789458579236591000,1789458579236590000,5071858000,1000,1000,33367000,33366000,True,True
154,154,1789458579269957000,1789458579269957000,5105224000,0,0,33366000,33367000,True,True
155,155,1789458579303323000,1789458579303322000,5138590000,1000,1000,33366000,33365000,True,True
156,156,1789458579336688000,1789458579336687000,5171955000,1000,1000,33365000,33365000,True,True
157,157,1789458579370059000,1789458579370059000,5205326000,0,0,33371000,33372000,True,True
158,158,1789458579403424000,1789458579403424000,5238691000,0,0,33365000,33365000,True,True
159,159,1789458579436790000,1789458579436790000,5272057000,0,0,33366000,33366000,True,True
160,160,1789458579470156000,1789458579470155000,5305423000,1000,1000,33366000,33365000,True,True
161,161,1789458579503522000,1789458579503521000,5338789000,1000,1000,33366000,33366000,True,True
162,162,1789458579536887000,1789458579536888000,5372154000,-1000,1000,33365000,33367000,True,True
163,163,1789458579570253000,1789458579570252000,5405520000,1000,1000,33366000,33364000,True,True
164,164,1789458579603619000,1789458579603619000,5438886000,0,0,33366000,33367000,True,True
165,165,1789458579636985000,1789458579636985000,5472252000,0,0,33366000,33366000,True,True
166,166,1789458579670351000,1789458579670351000,5505618000,0,0,33366000,33366000,True,True
167,167,1789458579703719000,1789458579703717000,5538986000,2000,2000,33368000,33366000,True,True
168,168,1789458579737084000,1789458579737082000,5572351000,2000,2000,33365000,33365000,True,True
169,169,1789458579770450000,1789458579770448000,5605717000,2000,2000,33366000,33366000,True,True
170,170,1789458579803816000,1789458579803813000,5639083000,3000,3000,33366000,33365000,True,True
171,171,1789458579837183000,1789458579837181000,5672450000,2000,2000,33367000,33368000,True,True
172,172,1789458579870549000,1789458579870547000,5705816000,2000,2000,33366000,33366000,True,True
173,173,1789458579903916000,1789458579903912000,5739183000,4000,4000,33367000,33365000,True,True
174,174,1789458579937284000,1789458579937281000,5772551000,3000,3000,33368000,33369000,True,True
175,175,1789458579970651000,1789458579970649000,5805918000,2000,2000,33367000,33368000,True,True
176,176,1789458580004017000,1789458580004016000,5839284000,1000,1000,33366000,33367000,True,True
177,177,1789458580037385000,1789458580037381000,5872652000,4000,4000,33368000,33365000,True,True
178,178,1789458580070750000,1789458580070748000,5906017000,2000,2000,33365000,33367000,True,True
179,179,1789458580104117000,1789458580104116000,5939384000,1000,1000,33367000,33368000,True,True
180,180,1789458580137483000,1789458580137481000,5972750000,2000,2000,33366000,33365000,True,True
181,181,1789458580170851000,1789458580170849000,6006118000,2000,2000,33368000,33368000,True,True
182,182,1789458580204216000,1789458580204215000,6039483000,1000,1000,33365000,33366000,True,True
183,183,1789458580237584000,1789458580237580000,6072851000,4000,4000,33368000,33365000,True,True
184,184,1789458580270952000,1789458580270949000,6106219000,3000,3000,33368000,33369000,True,True
185,185,1789458580304319000,1789458580304316000,6139586000,3000,3000,33367000,33367000,True,True
186,186,1789458580337683000,1789458580337681000,6172950000,2000,2000,33364000,33365000,True,True
187,187,1789458580371055000,1789458580371053000,6206322000,2000,2000,33372000,33372000,True,True
188,188,1789458580404421000,1789458580404419000,6239688000,2000,2000,33366000,33366000,True,True
189,189,1789458580437787000,1789458580437783000,6273054000,4000,4000,33366000,33364000,True,True
190,190,1789458580471154000,1789458580471152000,6306421000,2000,2000,33367000,33369000,True,True
191,191,1789458580504520000,1789458580504518000,6339787000,2000,2000,33366000,33366000,True,True
192,192,1789458580537886000,1789458580537882000,6373153000,4000,4000,33366000,33364000,True,True
193,193,1789458580571251000,1789458580571249000,6406518000,2000,2000,33365000,33367000,True,True
194,194,1789458580604617000,1789458580604616000,6439884000,1000,1000,33366000,33367000,True,True
195,195,1789458580637983000,1789458580637981000,6473250000,2000,2000,33366000,33365000,True,True
196,196,1789458580671351000,1789458580671349000,6506618000,2000,2000,33368000,33368000,True,True
197,197,1789458580704721000,1789458580704717000,6539988000,4000,4000,33370000,33368000,True,True
198,198,1789458580738089000,1789458580738085000,6573356000,4000,4000,33368000,33368000,True,True
199,199,1789458580771457000,1789458580771453000,6606724000,4000,4000,33368000,33368000,True,True
200,200,1789458580804824000,1789458580804818000,6640091000,6000,6000,33367000,33365000,True,True
201,201,1789458580838191000,1789458580838185000,6673458000,6000,6000,33367000,33367000,True,True
202,202,1789458580871560000,1789458580871554000,6706827000,6000,6000,33369000,33369000,True,True
203,203,1789458580904926000,1789458580904920000,6740193000,6000,6000,33366000,33366000,True,True
204,204,1789458580938293000,1789458580938287000,6773560000,6000,6000,33367000,33367000,True,True
205,205,1789458580971660000,1789458580971653000,6806927000,7000,7000,33367000,33366000,True,True
206,206,1789458581005026000,1789458581005020000,6840293000,6000,6000,33366000,33367000,True,True
207,207,1789458581038395000,1789458581038388000,6873662000,7000,7000,33369000,33368000,True,True
208,208,1789458581071764000,1789458581071758000,6907031000,6000,6000,33369000,33370000,True,True
209,209,1789458581105131000,1789458581105124000,6940398000,7000,7000,33367000,33366000,True,True
210,210,1789458581138497000,1789458581138492000,6973764000,5000,5000,33366000,33368000,True,True
211,211,1789458581171863000,1789458581171856000,7007130000,7000,7000,33366000,33364000,True,True
212,212,1789458581205234000,1789458581205226000,7040501000,8000,8000,33371000,33370000,True,True
213,213,1789458581238600000,1789458581238593000,7073867000,7000,7000,33366000,33367000,True,True
214,214,1789458581271965000,1789458581271960000,7107232000,5000,5000,33365000,33367000,True,True
215,215,1789458581305334000,1789458581305328000,7140601000,6000,6000,33369000,33368000,True,True
216,216,1789458581338702000,1789458581338695000,7173969000,7000,7000,33368000,33367000,True,True
217,217,1789458581372069000,1789458581372062000,7207336000,7000,7000,33367000,33367000,True,True
218,218,1789458581405436000,1789458581405429000,7240703000,7000,7000,33367000,33367000,True,True
219,219,1789458581438804000,1789458581438797000,7274071000,7000,7000,33368000,33368000,True,True
220,220,1789458581472172000,1789458581472164000,7307439000,8000,8000,33368000,33367000,True,True
221,221,1789458581505537000,1789458581505529000,7340804000,8000,8000,33365000,33365000,True,True
222,222,1789458581538903000,1789458581538896000,7374170000,7000,7000,33366000,33367000,True,True
223,223,1789458581572270000,1789458581572261000,7407537000,9000,9000,33367000,33365000,True,True
224,224,1789458581605638000,1789458581605630000,7440905000,8000,8000,33368000,33369000,True,True
225,225,1789458581639006000,1789458581638997000,7474273000,9000,9000,33368000,33367000,True,True
226,226,1789458581672371000,1789458581672363000,7507638000,8000,8000,33365000,33366000,True,True
227,227,1789458581705738000,1789458581705729000,7541005000,9000,9000,33367000,33366000,True,True
228,228,1789458581739103000,1789458581739096000,7574370000,7000,7000,33365000,33367000,True,True
229,229,1789458581772470000,1789458581772462000,7607737000,8000,8000,33367000,33366000,True,True
230,230,1789458581805836000,1789458581805829000,7641103000,7000,7000,33366000,33367000,True,True
231,231,1789458581839202000,1789458581839194000,7674469000,8000,8000,33366000,33365000,True,True
232,232,1789458581872569000,1789458581872561000,7707836000,8000,8000,33367000,33367000,True,True
233,233,1789458581905936000,1789458581905927000,7741203000,9000,9000,33367000,33366000,True,True
234,234,1789458581939303000,1789458581939294000,7774570000,9000,9000,33367000,33367000,True,True
235,235,1789458581972668000,1789458581972661000,7807935000,7000,7000,33365000,33367000,True,True
236,236,1789458582006035000,1789458582006026000,7841302000,9000,9000,33367000,33365000,True,True
237,237,1789458582039401000,1789458582039394000,7874668000,7000,7000,33366000,33368000,True,True
238,238,1789458582072767000,1789458582072759000,7908034000,8000,8000,33366000,33365000,True,True
239,239,1789458582106132000,1789458582106125000,7941399000,7000,7000,33365000,33366000,True,True
240,240,1789458582139499000,1789458582139492000,7974766000,7000,7000,33367000,33367000,True,True
241,241,1789458582172865000,1789458582172857000,8008132000,8000,8000,33366000,33365000,True,True
242,242,1789458582206230000,1789458582206223000,8041497000,7000,7000,33365000,33366000,True,True
243,243,1789458582239597000,1789458582239590000,8074864000,7000,7000,33367000,33367000,True,True
244,244,1789458582272962000,1789458582272955000,8108229000,7000,7000,33365000,33365000,True,True
245,245,1789458582306328000,1789458582306322000,8141595000,6000,6000,33366000,33367000,True,True
246,246,1789458582339694000,1789458582339687000,8174961000,7000,7000,33366000,33365000,True,True
247,247,1789458582373064000,1789458582373057000,8208331000,7000,7000,33370000,33370000,True,True
248,248,1789458582406430000,1789458582406423000,8241697000,7000,7000,33366000,33366000,True,True
249,249,1789458582439798000,1789458582439791000,8275065000,7000,7000,33368000,33368000,True,True
250,250,1789458582473173000,1789458582473164000,8308440000,9000,9000,33375000,33373000,True,True
251,251,1789458582506538000,1789458582506530000,8341805000,8000,8000,33365000,33366000,True,True
252,252,1789458582539907000,1789458582539898000,8375174000,9000,9000,33369000,33368000,True,True
253,253,1789458582573273000,1789458582573264000,8408540000,9000,9000,33366000,33366000,True,True
254,254,1789458582606640000,1789458582606631000,8441907000,9000,9000,33367000,33367000,True,True
255,255,1789458582640006000,1789458582639997000,8475273000,9000,9000,33366000,33366000,True,True
256,256,1789458582673372000,1789458582673363000,8508639000,9000,9000,33366000,33366000,True,True
257,257,1789458582706738000,1789458582706729000,8542005000,9000,9000,33366000,33366000,True,True
258,258,1789458582740106000,1789458582740097000,8575373000,9000,9000,33368000,33368000,True,True
259,259,1789458582773471000,1789458582773462000,8608738000,9000,9000,33365000,33365000,True,True
260,260,1789458582806838000,1789458582806830000,8642105000,8000,8000,33367000,33368000,True,True
261,261,1789458582840205000,1789458582840195000,8675472000,10000,10000,33367000,33365000,True,True
262,262,1789458582873570000,1789458582873562000,8708837000,8000,8000,33365000,33367000,True,True
263,263,1789458582906938000,1789458582906929000,8742205000,9000,9000,33368000,33367000,True,True
264,264,1789458582940308000,1789458582940298000,8775575000,10000,10000,33370000,33369000,True,True
265,265,1789458582973674000,1789458582973665000,8808941000,9000,9000,33366000,33367000,True,True
266,266,1789458583007046000,1789458583007036000,8842313000,10000,10000,33372000,33371000,True,True
267,267,1789458583040412000,1789458583040402000,8875679000,10000,10000,33366000,33366000,True,True
268,268,1789458583073779000,1789458583073768000,8909046000,11000,11000,33367000,33366000,True,True
269,269,1789458583107147000,1789458583107137000,8942414000,10000,10000,33368000,33369000,True,True
270,270,1789458583140513000,1789458583140504000,8975780000,9000,9000,33366000,33367000,True,True
271,271,1789458583173880000,1789458583173869000,9009147000,11000,11000,33367000,33365000,True,True
272,272,1789458583207246000,1789458583207235000,9042513000,11000,11000,33366000,33366000,True,True
273,273,1789458583240616000,1789458583240605000,9075883000,11000,11000,33370000,33370000,True,True
274,274,1789458583273983000,1789458583273972000,9109250000,11000,11000,33367000,33367000,True,True
275,275,1789458583307350000,1789458583307338000,9142617000,12000,12000,33367000,33366000,True,True
276,276,1789458583340715000,1789458583340704000,9175982000,11000,11000,33365000,33366000,True,True
277,277,1789458583374088000,1789458583374078000,9209355000,10000,10000,33373000,33374000,True,True
278,278,1789458583407455000,1789458583407445000,9242722000,10000,10000,33367000,33367000,True,True
279,279,1789458583440821000,1789458583440811000,9276088000,10000,10000,33366000,33366000,True,True
280,280,1789458583474189000,1789458583474178000,9309456000,11000,11000,33368000,33367000,True,True
281,281,1789458583507558000,1789458583507547000,9342825000,11000,11000,33369000,33369000,True,True
282,282,1789458583540924000,1789458583540912000,9376191000,12000,12000,33366000,33365000,True,True
283,283,1789458583574291000,1789458583574279000,9409558000,12000,12000,33367000,33367000,True,True
284,284,1789458583607660000,1789458583607648000,9442927000,12000,12000,33369000,33369000,True,True
285,285,1789458583641026000,1789458583641014000,9476293000,12000,12000,33366000,33366000,True,True
286,286,1789458583674393000,1789458583674379000,9509660000,14000,14000,33367000,33365000,True,True
287,287,1789458583707762000,1789458583707748000,9543029000,14000,14000,33369000,33369000,True,True
288,288,1789458583741127000,1789458583741114000,9576394000,13000,13000,33365000,33366000,True,True
289,289,1789458583774495000,1789458583774482000,9609762000,13000,13000,33368000,33368000,True,True
290,290,1789458583807863000,1789458583807849000,9643130000,14000,14000,33368000,33367000,True,True
291,291,1789458583841228000,1789458583841214000,9676495000,14000,14000,33365000,33365000,True,True
292,292,1789458583874593000,1789458583874581000,9709860000,12000,12000,33365000,33367000,True,True
293,293,1789458583907961000,1789458583907946000,9743228000,15000,15000,33368000,33365000,True,True
294,294,1789458583941331000,1789458583941317000,9776598000,14000,14000,33370000,33371000,True,True
295,295,1789458583974696000,1789458583974683000,9809963000,13000,13000,33365000,33366000,True,True
296,296,1789458584008063000,1789458584008050000,9843330000,13000,13000,33367000,33367000,True,True
297,297,1789458584041429000,1789458584041415000,9876696000,14000,14000,33366000,33365000,True,True
298,298,1789458584074795000,1789458584074782000,9910062000,13000,13000,33366000,33367000,True,True
299,299,1789458584108161000,1789458584108148000,9943428000,13000,13000,33366000,33366000,True,True
300,300,1789458584141529000,1789458584141515000,9976796000,14000,14000,33368000,33367000,True,True
301,301,1789458584174895000,1789458584174881000,10010162000,14000,14000,33366000,33366000,True,True
302,302,1789458584208261000,1789458584208247000,10043528000,14000,14000,33366000,33366000,True,True
303,303,1789458584241629000,1789458584241615000,10076896000,14000,14000,33368000,33368000,True,True
304,304,1789458584274995000,1789458584274982000,10110262000,13000,13000,33366000,33367000,True,True
305,305,1789458584308361000,1789458584308347000,10143628000,14000,14000,33366000,33365000,True,True
306,306,1789458584341728000,1789458584341715000,10176995000,13000,13000,33367000,33368000,True,True
307,307,1789458584375094000,1789458584375080000,10210361000,14000,14000,33366000,33365000,True,True
308,308,1789458584408460000,1789458584408446000,10243727000,14000,14000,33366000,33366000,True,True
309,309,1789458584441826000,1789458584441813000,10277093000,13000,13000,33366000,33367000,True,True
310,310,1789458584475193000,1789458584475181000,10310460000,12000,12000,33367000,33368000,True,True
311,311,1789458584508558000,1789458584508546000,10343825000,12000,12000,33365000,33365000,True,True
312,312,1789458584541925000,1789458584541913000,10377192000,12000,12000,33367000,33367000,True,True
313,313,1789458584575292000,1789458584575280000,10410559000,12000,12000,33367000,33367000,True,True
314,314,1789458584608659000,1789458584608646000,10443926000,13000,13000,33367000,33366000,True,True
315,315,1789458584642025000,1789458584642012000,10477292000,13000,13000,33366000,33366000,True,True
316,316,1789458584675395000,1789458584675382000,10510662000,13000,13000,33370000,33370000,True,True
317,317,1789458584708763000,1789458584708750000,10544030000,13000,13000,33368000,33368000,True,True
318,318,1789458584742131000,1789458584742117000,10577398000,14000,14000,33368000,33367000,True,True
319,319,1789458584775496000,1789458584775483000,10610763000,13000,13000,33365000,33366000,True,True
320,320,1789458584808862000,1789458584808849000,10644129000,13000,13000,33366000,33366000,True,True
321,321,1789458584842229000,1789458584842216000,10677496000,13000,13000,33367000,33367000,True,True
322,322,1789458584875596000,1789458584875584000,10710863000,12000,12000,33367000,33368000,True,True
323,323,1789458584908962000,1789458584908950000,10744229000,12000,12000,33366000,33366000,True,True
324,324,1789458584942328000,1789458584942316000,10777595000,12000,12000,33366000,33366000,True,True
325,325,1789458584975695000,1789458584975683000,10810962000,12000,12000,33367000,33367000,True,True
326,326,1789458585009062000,1789458585009051000,10844329000,11000,11000,33367000,33368000,True,True
327,327,1789458585042428000,1789458585042416000,10877695000,12000,12000,33366000,33365000,True,True
328,328,1789458585075794000,1789458585075783000,10911061000,11000,11000,33366000,33367000,True,True
329,329,1789458585109162000,1789458585109149000,10944429000,13000,13000,33368000,33366000,True,True
330,330,1789458585142529000,1789458585142516000,10977796000,13000,13000,33367000,33367000,True,True
331,331,1789458585175895000,1789458585175882000,11011162000,13000,13000,33366000,33366000,True,True
332,332,1789458585209261000,1789458585209248000,11044528000,13000,13000,33366000,33366000,True,True
333,333,1789458585242628000,1789458585242615000,11077895000,13000,13000,33367000,33367000,True,True
334,334,1789458585275995000,1789458585275981000,11111262000,14000,14000,33367000,33366000,True,True
335,335,1789458585309360000,1789458585309347000,11144627000,13000,13000,33365000,33366000,True,True
336,336,1789458585342729000,1789458585342716000,11177996000,13000,13000,33369000,33369000,True,True
337,337,1789458585376095000,1789458585376082000,11211362000,13000,13000,33366000,33366000,True,True
338,338,1789458585409462000,1789458585409448000,11244729000,14000,14000,33367000,33366000,True,True
339,339,1789458585442827000,1789458585442814000,11278094000,13000,13000,33365000,33366000,True,True
340,340,1789458585476195000,1789458585476182000,11311462000,13000,13000,33368000,33368000,True,True
341,341,1789458585509561000,1789458585509548000,11344828000,13000,13000,33366000,33366000,True,True
342,342,1789458585542927000,1789458585542915000,11378194000,12000,12000,33366000,33367000,True,True
343,343,1789458585576295000,1789458585576282000,11411562000,13000,13000,33368000,33367000,True,True
344,344,1789458585609661000,1789458585609648000,11444928000,13000,13000,33366000,33366000,True,True
345,345,1789458585643028000,1789458585643015000,11478295000,13000,13000,33367000,33367000,True,True
346,346,1789458585676394000,1789458585676382000,11511661000,12000,12000,33366000,33367000,True,True
347,347,1789458585709762000,1789458585709749000,11545029000,13000,13000,33368000,33367000,True,True
348,348,1789458585743129000,1789458585743116000,11578396000,13000,13000,33367000,33367000,True,True
349,349,1789458585776496000,1789458585776482000,11611763000,14000,14000,33367000,33366000,True,True
350,350,1789458585809866000,1789458585809853000,11645133000,13000,13000,33370000,33371000,True,True
351,351,1789458585843232000,1789458585843218000,11678499000,14000,14000,33366000,33365000,True,True
352,352,1789458585876597000,1789458585876585000,11711864000,12000,12000,33365000,33367000,True,True
353,353,1789458585909965000,1789458585909952000,11745232000,13000,13000,33368000,33367000,True,True
354,354,1789458585943331000,1789458585943318000,11778598000,13000,13000,33366000,33366000,True,True
355,355,1789458585976697000,1789458585976684000,11811964000,13000,13000,33366000,33366000,True,True
356,356,1789458586010063000,1789458586010050000,11845330000,13000,13000,33366000,33366000,True,True
357,357,1789458586043430000,1789458586043417000,11878697000,13000,13000,33367000,33367000,True,True
358,358,1789458586076795000,1789458586076784000,11912062000,11000,11000,33365000,33367000,True,True
359,359,1789458586110163000,1789458586110150000,11945430000,13000,13000,33368000,33366000,True,True
360,360,1789458586143531000,1789458586143518000,11978798000,13000,13000,33368000,33368000,True,True
361,361,1789458586176897000,1789458586176885000,12012164000,12000,12000,33366000,33367000,True,True
362,362,1789458586210268000,1789458586210255000,12045535000,13000,13000,33371000,33370000,True,True
363,363,1789458586243635000,1789458586243621000,12078902000,14000,14000,33367000,33366000,True,True
364,364,1789458586277000000,1789458586276988000,12112267000,12000,12000,33365000,33367000,True,True
365,365,1789458586310371000,1789458586310357000,12145638000,14000,14000,33371000,33369000,True,True
366,366,1789458586343744000,1789458586343729000,12179011000,15000,15000,33373000,33372000,True,True
367,367,1789458586377111000,1789458586377095000,12212378000,16000,16000,33367000,33366000,True,True
368,368,1789458586410476000,1789458586410462000,12245743000,14000,14000,33365000,33367000,True,True
369,369,1789458586443847000,1789458586443832000,12279114000,15000,15000,33371000,33370000,True,True
370,370,1789458586477220000,1789458586477199000,12312487000,21000,21000,33373000,33367000,True,True
371,371,1789458586510587000,1789458586510565000,12345854000,22000,22000,33367000,33366000,True,True
372,372,1789458586543952000,1789458586543931000,12379219000,21000,21000,33365000,33366000,True,True
373,373,1789458586577319000,1789458586577298000,12412586000,21000,21000,33367000,33367000,True,True
374,374,1789458586610687000,1789458586610666000,12445954000,21000,21000,33368000,33368000,True,True
375,375,1789458586644054000,1789458586644033000,12479321000,21000,21000,33367000,33367000,True,True
376,376,1789458586677421000,1789458586677400000,12512688000,21000,21000,33367000,33367000,True,True
377,377,1789458586710791000,1789458586710769000,12546058000,22000,22000,33370000,33369000,True,True
378,378,1789458586744157000,1789458586744135000,12579424000,22000,22000,33366000,33366000,True,True
379,379,1789458586777524000,1789458586777503000,12612791000,21000,21000,33367000,33368000,True,True
380,380,1789458586810891000,1789458586810869000,12646158000,22000,22000,33367000,33366000,True,True
381,381,1789458586844256000,1789458586844235000,12679523000,21000,21000,33365000,33366000,True,True
382,382,1789458586877622000,1789458586877601000,12712889000,21000,21000,33366000,33366000,True,True
383,383,1789458586910989000,1789458586910969000,12746256000,20000,20000,33367000,33368000,True,True
384,384,1789458586944355000,1789458586944334000,12779622000,21000,21000,33366000,33365000,True,True
385,385,1789458586977720000,1789458586977702000,12812987000,18000,18000,33365000,33368000,True,True
386,386,1789458587011087000,1789458587011068000,12846354000,19000,19000,33367000,33366000,True,True
387,387,1789458587044454000,1789458587044435000,12879721000,19000,19000,33367000,33367000,True,True
388,388,1789458587077819000,1789458587077801000,12913086000,18000,18000,33365000,33366000,True,True
389,389,1789458587111187000,1789458587111169000,12946454000,18000,18000,33368000,33368000,True,True
390,390,1789458587144552000,1789458587144535000,12979819000,17000,17000,33365000,33366000,True,True
391,391,1789458587177918000,1789458587177901000,13013185000,17000,17000,33366000,33366000,True,True
392,392,1789458587211286000,1789458587211267000,13046553000,19000,19000,33368000,33366000,True,True
393,393,1789458587244652000,1789458587244635000,13079919000,17000,17000,33366000,33368000,True,True
394,394,1789458587278018000,1789458587278000000,13113285000,18000,18000,33366000,33365000,True,True
395,395,1789458587311384000,1789458587311367000,13146651000,17000,17000,33366000,33367000,True,True
396,396,1789458587344752000,1789458587344735000,13180019000,17000,17000,33368000,33368000,True,True
397,397,1789458587378117000,1789458587378101000,13213384000,16000,16000,33365000,33366000,True,True
398,398,1789458587411484000,1789458587411467000,13246751000,17000,17000,33367000,33366000,True,True
399,399,1789458587444851000,1789458587444834000,13280118000,17000,17000,33367000,33367000,True,True
400,400,1789458587478217000,1789458587478200000,13313484000,17000,17000,33366000,33366000,True,True
401,401,1789458587511583000,1789458587511568000,13346850000,15000,15000,33366000,33368000,True,True
402,402,1789458587544949000,1789458587544934000,13380216000,15000,15000,33366000,33366000,True,True
403,403,1789458587578317000,1789458587578301000,13413584000,16000,16000,33368000,33367000,True,True
404,404,1789458587611682000,1789458587611667000,13446949000,15000,15000,33365000,33366000,True,True
405,405,1789458587645049000,1789458587645034000,13480316000,15000,15000,33367000,33367000,True,True
406,406,1789458587678416000,1789458587678402000,13513683000,14000,14000,33367000,33368000,True,True
407,407,1789458587711782000,1789458587711768000,13547049000,14000,14000,33366000,33366000,True,True
408,408,1789458587745149000,1789458587745135000,13580416000,14000,14000,33367000,33367000,True,True
409,409,1789458587778516000,1789458587778502000,13613783000,14000,14000,33367000,33367000,True,True
410,410,1789458587811882000,1789458587811868000,13647149000,14000,14000,33366000,33366000,True,True
411,411,1789458587845249000,1789458587845235000,13680516000,14000,14000,33367000,33367000,True,True
412,412,1789458587878616000,1789458587878602000,13713883000,14000,14000,33367000,33367000,True,True
413,413,1789458587911982000,1789458587911968000,13747249000,14000,14000,33366000,33366000,True,True
414,414,1789458587945350000,1789458587945335000,13780617000,15000,15000,33368000,33367000,True,True
415,415,1789458587978715000,1789458587978702000,13813982000,13000,13000,33365000,33367000,True,True
416,416,1789458588012083000,1789458588012069000,13847350000,14000,14000,33368000,33367000,True,True
417,417,1789458588045449000,1789458588045435000,13880716000,14000,14000,33366000,33366000,True,True
418,418,1789458588078815000,1789458588078802000,13914082000,13000,13000,33366000,33367000,True,True
419,419,1789458588112182000,1789458588112170000,13947449000,12000,12000,33367000,33368000,True,True
420,420,1789458588145549000,1789458588145536000,13980816000,13000,13000,33367000,33366000,True,True
421,421,1789458588178916000,1789458588178903000,14014183000,13000,13000,33367000,33367000,True,True
422,422,1789458588212282000,1789458588212270000,14047549000,12000,12000,33366000,33367000,True,True
423,423,1789458588245649000,1789458588245637000,14080916000,12000,12000,33367000,33367000,True,True
424,424,1789458588279017000,1789458588279003000,14114284000,14000,14000,33368000,33366000,True,True
425,425,1789458588312385000,1789458588312372000,14147652000,13000,13000,33368000,33369000,True,True
426,426,1789458588345752000,1789458588345739000,14181019000,13000,13000,33367000,33367000,True,True
427,427,1789458588379120000,1789458588379106000,14214387000,14000,14000,33368000,33367000,True,True
428,428,1789458588412489000,1789458588412475000,14247756000,14000,14000,33369000,33369000,True,True
429,429,1789458588445859000,1789458588445845000,14281126000,14000,14000,33370000,33370000,True,True
430,430,1789458588479227000,1789458588479211000,14314494000,16000,16000,33368000,33366000,True,True
431,431,1789458588512594000,1789458588512577000,14347861000,17000,17000,33367000,33366000,True,True
432,432,1789458588545961000,1789458588545945000,14381228000,16000,16000,33367000,33368000,True,True
433,433,1789458588579329000,1789458588579312000,14414596000,17000,17000,33368000,33367000,True,True
434,434,1789458588612696000,1789458588612680000,14447963000,16000,16000,33367000,33368000,True,True
435,435,1789458588646063000,1789458588646046000,14481330000,17000,17000,33367000,33366000,True,True
436,436,1789458588679429000,1789458588679414000,14514696000,15000,15000,33366000,33368000,True,True
437,437,1789458588712800000,1789458588712783000,14548067000,17000,17000,33371000,33369000,True,True
438,438,1789458588746166000,1789458588746151000,14581433000,15000,15000,33366000,33368000,True,True
439,439,1789458588779534000,1789458588779518000,14614801000,16000,16000,33368000,33367000,True,True
440,440,1789458588812904000,1789458588812890000,14648171000,14000,14000,33370000,33372000,True,True
441,441,1789458588846273000,1789458588846256000,14681540000,17000,17000,33369000,33366000,True,True
442,442,1789458588879644000,1789458588879628000,14714911000,16000,16000,33371000,33372000,True,True
443,443,1789458588913011000,1789458588912995000,14748278000,16000,16000,33367000,33367000,True,True
444,444,1789458588946377000,1789458588946361000,14781644000,16000,16000,33366000,33366000,True,True
445,445,1789458588979743000,1789458588979727000,14815010000,16000,16000,33366000,33366000,True,True
446,446,1789458589013110000,1789458589013095000,14848377000,15000,15000,33367000,33368000,True,True
447,447,1789458589046477000,1789458589046461000,14881744000,16000,16000,33367000,33366000,True,True
448,448,1789458589079844000,1789458589079828000,14915111000,16000,16000,33367000,33367000,True,True
449,449,1789458589113210000,1789458589113195000,14948477000,15000,15000,33366000,33367000,True,True
450,450,1789458589146582000,1789458589146567000,14981849000,15000,15000,33372000,33372000,True,True
451,451,1789458589179949000,1789458589179933000,15015216000,16000,16000,33367000,33366000,True,True
452,452,1789458589213315000,1789458589213301000,15048582000,14000,14000,33366000,33368000,True,True
453,453,1789458589246685000,1789458589246668000,15081952000,17000,17000,33370000,33367000,True,True
454,454,1789458589280050000,1789458589280035000,15115317000,15000,15000,33365000,33367000,True,True
455,455,1789458589313418000,1789458589313402000,15148685000,16000,16000,33368000,33367000,True,True
456,456,1789458589346786000,1789458589346770000,15182053000,16000,16000,33368000,33368000,True,True
457,457,1789458589380155000,1789458589380139000,15215422000,16000,16000,33369000,33369000,True,True
458,458,1789458589413521000,1789458589413506000,15248788000,15000,15000,33366000,33367000,True,True
459,459,1789458589446889000,1789458589446873000,15282156000,16000,16000,33368000,33367000,True,True
460,460,1789458589480255000,1789458589480240000,15315522000,15000,15000,33366000,33367000,True,True
461,461,1789458589513622000,1789458589513608000,15348889000,14000,14000,33367000,33368000,True,True
462,462,1789458589546987000,1789458589546973000,15382254000,14000,14000,33365000,33365000,True,True
463,463,1789458589580355000,1789458589580342000,15415622000,13000,13000,33368000,33369000,True,True
464,464,1789458589613720000,1789458589613708000,15448987000,12000,12000,33365000,33366000,True,True
465,465,1789458589647088000,1789458589647076000,15482355000,12000,12000,33368000,33368000,True,True
466,466,1789458589680455000,1789458589680442000,15515722000,13000,13000,33367000,33366000,True,True
467,467,1789458589713822000,1789458589713810000,15549089000,12000,12000,33367000,33368000,True,True
468,468,1789458589747188000,1789458589747176000,15582455000,12000,12000,33366000,33366000,True,True
469,469,1789458589780555000,1789458589780543000,15615822000,12000,12000,33367000,33367000,True,True
470,470,1789458589813922000,1789458589813910000,15649189000,12000,12000,33367000,33367000,True,True
471,471,1789458589847289000,1789458589847277000,15682556000,12000,12000,33367000,33367000,True,True
472,472,1789458589880655000,1789458589880643000,15715922000,12000,12000,33366000,33366000,True,True
473,473,1789458589914022000,1789458589914011000,15749289000,11000,11000,33367000,33368000,True,True
474,474,1789458589947388000,1789458589947377000,15782655000,11000,11000,33366000,33366000,True,True
475,475,1789458589980756000,1789458589980744000,15816023000,12000,12000,33368000,33367000,True,True
476,476,1789458590014122000,1789458590014111000,15849389000,11000,11000,33366000,33367000,True,True
477,477,1789458590047489000,1789458590047478000,15882756000,11000,11000,33367000,33367000,True,True
478,478,1789458590080857000,1789458590080845000,15916124000,12000,12000,33368000,33367000,True,True
479,479,1789458590114224000,1789458590114213000,15949491000,11000,11000,33367000,33368000,True,True
480,480,1789458590147594000,1789458590147582000,15982861000,12000,12000,33370000,33369000,True,True
481,481,1789458590180962000,1789458590180949000,16016229000,13000,13000,33368000,33367000,True,True
482,482,1789458590214328000,1789458590214317000,16049595000,11000,11000,33366000,33368000,True,True
483,483,1789458590247695000,1789458590247683000,16082962000,12000,12000,33367000,33366000,True,True
484,484,1789458590281063000,1789458590281050000,16116330000,13000,13000,33368000,33367000,True,True
485,485,1789458590314429000,1789458590314417000,16149696000,12000,12000,33366000,33367000,True,True
486,486,1789458590347796000,1789458590347786000,16183063000,10000,10000,33367000,33369000,True,True
487,487,1789458590381163000,1789458590381153000,16216430000,10000,10000,33367000,33367000,True,True
488,488,1789458590414531000,1789458590414520000,16249798000,11000,11000,33368000,33367000,True,True
489,489,1789458590447898000,1789458590447886000,16283165000,12000,12000,33367000,33366000,True,True
490,490,1789458590481265000,1789458590481253000,16316532000,12000,12000,33367000,33367000,True,True
491,491,1789458590514632000,1789458590514621000,16349899000,11000,11000,33367000,33368000,True,True
492,492,1789458590547999000,1789458590547989000,16383266000,10000,10000,33367000,33368000,True,True
493,493,1789458590581367000,1789458590581356000,16416634000,11000,11000,33368000,33367000,True,True
494,494,1789458590614734000,1789458590614722000,16450001000,12000,12000,33367000,33366000,True,True
495,495,1789458590648100000,1789458590648088000,16483367000,12000,12000,33366000,33366000,True,True
496,496,1789458590681467000,1789458590681456000,16516734000,11000,11000,33367000,33368000,True,True
497,497,1789458590714835000,1789458590714823000,16550102000,12000,12000,33368000,33367000,True,True
498,498,1789458590748202000,1789458590748191000,16583469000,11000,11000,33367000,33368000,True,True
499,499,1789458590781567000,1789458590781558000,16616834000,9000,9000,33365000,33367000,True,True
500,500,1789458590814935000,1789458590814926000,16650202000,9000,9000,33368000,33368000,True,True
501,501,1789458590848303000,1789458590848292000,16683570000,11000,11000,33368000,33366000,True,True
502,502,1789458590881670000,1789458590881659000,16716937000,11000,11000,33367000,33367000,True,True
503,503,1789458590915035000,1789458590915025000,16750302000,10000,10000,33365000,33366000,True,True
504,504,1789458590948407000,1789458590948396000,16783674000,11000,11000,33372000,33371000,True,True
505,505,1789458590981773000,1789458590981762000,16817040000,11000,11000,33366000,33366000,True,True
506,506,1789458591015141000,1789458591015131000,16850408000,10000,10000,33368000,33369000,True,True
507,507,1789458591048512000,1789458591048501000,16883779000,11000,11000,33371000,33370000,True,True
508,508,1789458591081879000,1789458591081868000,16917146000,11000,11000,33367000,33367000,True,True
509,509,1789458591115248000,1789458591115235000,16950515000,13000,13000,33369000,33367000,True,True
510,510,1789458591148615000,1789458591148603000,16983882000,12000,12000,33367000,33368000,True,True
511,511,1789458591181981000,1789458591181970000,17017248000,11000,11000,33366000,33367000,True,True
512,512,1789458591215349000,1789458591215337000,17050616000,12000,12000,33368000,33367000,True,True
513,513,1789458591248715000,1789458591248705000,17083982000,10000,10000,33366000,33368000,True,True
514,514,1789458591282082000,1789458591282071000,17117349000,11000,11000,33367000,33366000,True,True
515,515,1789458591315450000,1789458591315439000,17150717000,11000,11000,33368000,33368000,True,True
516,516,1789458591348816000,1789458591348806000,17184083000,10000,10000,33366000,33367000,True,True
517,517,1789458591382184000,1789458591382175000,17217451000,9000,9000,33368000,33369000,True,True
518,518,1789458591415550000,1789458591415541000,17250817000,9000,9000,33366000,33366000,True,True
519,519,1789458591448918000,1789458591448909000,17284185000,9000,9000,33368000,33368000,True,True
520,520,1789458591482284000,1789458591482275000,17317551000,9000,9000,33366000,33366000,True,True
521,521,1789458591515652000,1789458591515643000,17350919000,9000,9000,33368000,33368000,True,True
522,522,1789458591549018000,1789458591549010000,17384285000,8000,8000,33366000,33367000,True,True
523,523,1789458591582387000,1789458591582379000,17417654000,8000,8000,33369000,33369000,True,True
524,524,1789458591615757000,1789458591615749000,17451024000,8000,8000,33370000,33370000,True,True
525,525,1789458591649126000,1789458591649117000,17484393000,9000,9000,33369000,33368000,True,True
526,526,1789458591682492000,1789458591682484000,17517759000,8000,8000,33366000,33367000,True,True
527,527,1789458591715860000,1789458591715851000,17551127000,9000,9000,33368000,33367000,True,True
528,528,1789458591749227000,1789458591749219000,17584494000,8000,8000,33367000,33368000,True,True
529,529,1789458591782595000,1789458591782587000,17617862000,8000,8000,33368000,33368000,True,True
530,530,1789458591815963000,1789458591815953000,17651230000,10000,10000,33368000,33366000,True,True
531,531,1789458591849332000,1789458591849323000,17684599000,9000,9000,33369000,33370000,True,True
532,532,1789458591882700000,1789458591882691000,17717967000,9000,9000,33368000,33368000,True,True
533,533,1789458591916068000,1789458591916059000,17751335000,9000,9000,33368000,33368000,True,True
534,534,1789458591949433000,1789458591949426000,17784700000,7000,7000,33365000,33367000,True,True
535,535,1789458591982802000,1789458591982793000,17818069000,9000,9000,33369000,33367000,True,True
536,536,1789458592016169000,1789458592016160000,17851436000,9000,9000,33367000,33367000,True,True
537,537,1789458592049540000,1789458592049531000,17884807000,9000,9000,33371000,33371000,True,True
538,538,1789458592082906000,1789458592082897000,17918173000,9000,9000,33366000,33366000,True,True
539,539,1789458592116275000,1789458592116266000,17951542000,9000,9000,33369000,33369000,True,True
540,540,1789458592149643000,1789458592149634000,17984910000,9000,9000,33368000,33368000,True,True
541,541,1789458592183011000,1789458592183002000,18018278000,9000,9000,33368000,33368000,True,True
542,542,1789458592216378000,1789458592216369000,18051645000,9000,9000,33367000,33367000,True,True
543,543,1789458592249750000,1789458592249740000,18085017000,10000,10000,33372000,33371000,True,True
544,544,1789458592283117000,1789458592283108000,18118384000,9000,9000,33367000,33368000,True,True
545,545,1789458592316484000,1789458592316475000,18151751000,9000,9000,33367000,33367000,True,True
546,546,1789458592349851000,1789458592349842000,18185118000,9000,9000,33367000,33367000,True,True
547,547,1789458592383219000,1789458592383209000,18218486000,10000,10000,33368000,33367000,True,True
548,548,1789458592416590000,1789458592416575000,18251857000,15000,15000,33371000,33366000,True,True
549,549,1789458592449961000,1789458592449947000,18285228000,14000,14000,33371000,33372000,True,True
550,550,1789458592483328000,1789458592483316000,18318595000,12000,12000,33367000,33369000,True,True
551,551,1789458592516695000,1789458592516682000,18351962000,13000,13000,33367000,33366000,True,True
552,552,1789458592550062000,1789458592550049000,18385329000,13000,13000,33367000,33367000,True,True
553,553,1789458592583429000,1789458592583416000,18418696000,13000,13000,33367000,33367000,True,True
554,554,1789458592616799000,1789458592616785000,18452066000,14000,14000,33370000,33369000,True,True
555,555,1789458592650165000,1789458592650152000,18485432000,13000,13000,33366000,33367000,True,True
556,556,1789458592683533000,1789458592683521000,18518800000,12000,12000,33368000,33369000,True,True
557,557,1789458592716899000,1789458592716887000,18552166000,12000,12000,33366000,33366000,True,True
558,558,1789458592750268000,1789458592750256000,18585535000,12000,12000,33369000,33369000,True,True
559,559,1789458592783636000,1789458592783623000,18618903000,13000,13000,33368000,33367000,True,True
560,560,1789458592817003000,1789458592816991000,18652270000,12000,12000,33367000,33368000,True,True
561,561,1789458592850369000,1789458592850358000,18685636000,11000,11000,33366000,33367000,True,True
562,562,1789458592883739000,1789458592883726000,18719006000,13000,13000,33370000,33368000,True,True
563,563,1789458592917108000,1789458592917095000,18752375000,13000,13000,33369000,33369000,True,True
564,564,1789458592950477000,1789458592950464000,18785744000,13000,13000,33369000,33369000,True,True
565,565,1789458592983843000,1789458592983831000,18819110000,12000,12000,33366000,33367000,True,True
566,566,1789458593017192000,1789458593017199000,18852459000,-7000,7000,33349000,33368000,True,True
567,567,1789458593050579000,1789458593050566000,18885846000,13000,13000,33387000,33367000,True,True
568,568,1789458593083946000,1789458593083934000,18919213000,12000,12000,33367000,33368000,True,True
569,569,1789458593117314000,1789458593117301000,18952581000,13000,13000,33368000,33367000,True,True
570,570,1789458593150684000,1789458593150670000,18985951000,14000,14000,33370000,33369000,True,True
571,571,1789458593184052000,1789458593184038000,19019319000,14000,14000,33368000,33368000,True,True
572,572,1789458593217422000,1789458593217403000,19052689000,19000,19000,33370000,33365000,True,True
573,573,1789458593250792000,1789458593250774000,19086059000,18000,18000,33370000,33371000,True,True
574,574,1789458593284161000,1789458593284143000,19119428000,18000,18000,33369000,33369000,True,True
575,575,1789458593317529000,1789458593317511000,19152796000,18000,18000,33368000,33368000,True,True
576,576,1789458593350897000,1789458593350878000,19186164000,19000,19000,33368000,33367000,True,True
577,577,1789458593384262000,1789458593384244000,19219529000,18000,18000,33365000,33366000,True,True
578,578,1789458593417631000,1789458593417612000,19252898000,19000,19000,33369000,33368000,True,True
579,579,1789458593450999000,1789458593450980000,19286266000,19000,19000,33368000,33368000,True,True
580,580,1789458593484366000,1789458593484348000,19319633000,18000,18000,33367000,33368000,True,True
581,581,1789458593517736000,1789458593517718000,19353003000,18000,18000,33370000,33370000,True,True
582,582,1789458593551104000,1789458593551085000,19386371000,19000,19000,33368000,33367000,True,True
583,583,1789458593584476000,1789458593584456000,19419743000,20000,20000,33372000,33371000,True,True
584,584,1789458593617842000,1789458593617823000,19453109000,19000,19000,33366000,33367000,True,True
585,585,1789458593651208000,1789458593651190000,19486475000,18000,18000,33366000,33367000,True,True
586,586,1789458593684578000,1789458593684559000,19519845000,19000,19000,33370000,33369000,True,True
587,587,1789458593717950000,1789458593717926000,19553217000,24000,24000,33372000,33367000,True,True
588,588,1789458593751319000,1789458593751294000,19586586000,25000,25000,33369000,33368000,True,True
589,589,1789458593784687000,1789458593784661000,19619954000,26000,26000,33368000,33367000,True,True
590,590,1789458593818052000,1789458593818028000,19653319000,24000,24000,33365000,33367000,True,True
591,591,1789458593851420000,1789458593851396000,19686687000,24000,24000,33368000,33368000,True,True
592,592,1789458593884787000,1789458593884763000,19720054000,24000,24000,33367000,33367000,True,True
593,593,1789458593918155000,1789458593918131000,19753422000,24000,24000,33368000,33368000,True,True
594,594,1789458593951522000,1789458593951498000,19786789000,24000,24000,33367000,33367000,True,True
595,595,1789458593984889000,1789458593984866000,19820156000,23000,23000,33367000,33368000,True,True
596,596,1789458594018260000,1789458594018233000,19853527000,27000,27000,33371000,33367000,True,True
597,597,1789458594051630000,1789458594051602000,19886897000,28000,28000,33370000,33369000,True,True
598,598,1789458594084997000,1789458594084968000,19920264000,29000,29000,33367000,33366000,True,True
599,599,1789458594118364000,1789458594118336000,19953631000,28000,28000,33367000,33368000,True,True
600,600,1789458594151730000,1789458594151703000,19986997000,27000,27000,33366000,33367000,True,True
601,601,1789458594185097000,1789458594185069000,20020364000,28000,28000,33367000,33366000,True,True
602,602,1789458594218462000,1789458594218437000,20053729000,25000,25000,33365000,33368000,True,True
603,603,1789458594251835000,1789458594251807000,20087102000,28000,28000,33373000,33370000,True,True
604,604,1789458594285201000,1789458594285175000,20120468000,26000,26000,33366000,33368000,True,True
605,605,1789458594318569000,1789458594318542000,20153836000,27000,27000,33368000,33367000,True,True
606,606,1789458594351934000,1789458594351910000,20187201000,24000,24000,33365000,33368000,True,True
607,607,1789458594385304000,1789458594385279000,20220571000,25000,25000,33370000,33369000,True,True
608,608,1789458594418671000,1789458594418645000,20253938000,26000,26000,33367000,33366000,True,True
609,609,1789458594452039000,1789458594452013000,20287306000,26000,26000,33368000,33368000,True,True
610,610,1789458594485404000,1789458594485380000,20320671000,24000,24000,33365000,33367000,True,True
611,611,1789458594518772000,1789458594518747000,20354039000,25000,25000,33368000,33367000,True,True
612,612,1789458594552140000,1789458594552115000,20387407000,25000,25000,33368000,33368000,True,True
613,613,1789458594585507000,1789458594585483000,20420774000,24000,24000,33367000,33368000,True,True
614,614,1789458594618873000,1789458594618849000,20454140000,24000,24000,33366000,33366000,True,True
615,615,1789458594652241000,1789458594652218000,20487508000,23000,23000,33368000,33369000,True,True
616,616,1789458594685607000,1789458594685585000,20520874000,22000,22000,33366000,33367000,True,True
617,617,1789458594718974000,1789458594718951000,20554241000,23000,23000,33367000,33366000,True,True
618,618,1789458594752342000,1789458594752319000,20587609000,23000,23000,33368000,33368000,True,True
619,619,1789458594785708000,1789458594785686000,20620975000,22000,22000,33366000,33367000,True,True
620,620,1789458594819076000,1789458594819055000,20654343000,21000,21000,33368000,33369000,True,True
621,621,1789458594852443000,1789458594852422000,20687710000,21000,21000,33367000,33367000,True,True
622,622,1789458594885810000,1789458594885790000,20721077000,20000,20000,33367000,33368000,True,True
623,623,1789458594919176000,1789458594919156000,20754443000,20000,20000,33366000,33366000,True,True
624,624,1789458594952545000,1789458594952525000,20787812000,20000,20000,33369000,33369000,True,True
625,625,1789458594985911000,1789458594985891000,20821178000,20000,20000,33366000,33366000,True,True
626,626,1789458595019278000,1789458595019258000,20854545000,20000,20000,33367000,33367000,True,True
627,627,1789458595052645000,1789458595052625000,20887912000,20000,20000,33367000,33367000,True,True
628,628,1789458595086013000,1789458595085993000,20921280000,20000,20000,33368000,33368000,True,True
629,629,1789458595119379000,1789458595119359000,20954646000,20000,20000,33366000,33366000,True,True
630,630,1789458595152747000,1789458595152726000,20988014000,21000,21000,33368000,33367000,True,True
631,631,1789458595186112000,1789458595186093000,21021379000,19000,19000,33365000,33367000,True,True
632,632,1789458595219484000,1789458595219464000,21054751000,20000,20000,33372000,33371000,True,True
633,633,1789458595252850000,1789458595252831000,21088117000,19000,19000,33366000,33367000,True,True
634,634,1789458595286218000,1789458595286198000,21121485000,20000,20000,33368000,33367000,True,True
635,635,1789458595319585000,1789458595319565000,21154852000,20000,20000,33367000,33367000,True,True
636,636,1789458595352952000,1789458595352933000,21188219000,19000,19000,33367000,33368000,True,True
637,637,1789458595386318000,1789458595386300000,21221585000,18000,18000,33366000,33367000,True,True
638,638,1789458595419686000,1789458595419667000,21254953000,19000,19000,33368000,33367000,True,True
639,639,1789458595453052000,1789458595453034000,21288319000,18000,18000,33366000,33367000,True,True
640,640,1789458595486420000,1789458595486402000,21321687000,18000,18000,33368000,33368000,True,True
641,641,1789458595519786000,1789458595519769000,21355053000,17000,17000,33366000,33367000,True,True
642,642,1789458595553153000,1789458595553136000,21388420000,17000,17000,33367000,33367000,True,True
643,643,1789458595586524000,1789458595586506000,21421791000,18000,18000,33371000,33370000,True,True
644,644,1789458595619893000,1789458595619875000,21455160000,18000,18000,33369000,33369000,True,True
645,645,1789458595653259000,1789458595653243000,21488526000,16000,16000,33366000,33368000,True,True
646,646,1789458595686628000,1789458595686610000,21521895000,18000,18000,33369000,33367000,True,True
647,647,1789458595719994000,1789458595719978000,21555261000,16000,16000,33366000,33368000,True,True
648,648,1789458595753367000,1789458595753348000,21588634000,19000,19000,33373000,33370000,True,True
649,649,1789458595786734000,1789458595786715000,21622001000,19000,19000,33367000,33367000,True,True
650,650,1789458595820101000,1789458595820083000,21655368000,18000,18000,33367000,33368000,True,True
651,651,1789458595853468000,1789458595853451000,21688735000,17000,17000,33367000,33368000,True,True
652,652,1789458595886834000,1789458595886819000,21722101000,15000,15000,33366000,33368000,True,True
653,653,1789458595920208000,1789458595920185000,21755475000,23000,23000,33374000,33366000,True,True
654,654,1789458595953579000,1789458595953553000,21788846000,26000,26000,33371000,33368000,True,True
655,655,1789458595986946000,1789458595986921000,21822213000,25000,25000,33367000,33368000,True,True
656,656,1789458596020314000,1789458596020287000,21855581000,27000,27000,33368000,33366000,True,True
657,657,1789458596053687000,1789458596053655000,21888954000,32000,32000,33373000,33368000,True,True
658,658,1789458596087054000,1789458596087022000,21922321000,32000,32000,33367000,33367000,True,True
659,659,1789458596120423000,1789458596120391000,21955690000,32000,32000,33369000,33369000,True,True
660,660,1789458596153789000,1789458596153758000,21989056000,31000,31000,33366000,33367000,True,True
661,661,1789458596187158000,1789458596187126000,22022425000,32000,32000,33369000,33368000,True,True
662,662,1789458596220525000,1789458596220493000,22055792000,32000,32000,33367000,33367000,True,True
663,663,1789458596253892000,1789458596253861000,22089159000,31000,31000,33367000,33368000,True,True
664,664,1789458596287264000,1789458596287228000,22122531000,36000,36000,33372000,33367000,True,True
665,665,1789458596320632000,1789458596320596000,22155899000,36000,36000,33368000,33368000,True,True
666,666,1789458596354000000,1789458596353963000,22189267000,37000,37000,33368000,33367000,True,True
667,667,1789458596387366000,1789458596387330000,22222633000,36000,36000,33366000,33367000,True,True
668,668,1789458596420735000,1789458596420698000,22256002000,37000,37000,33369000,33368000,True,True
669,669,1789458596454102000,1789458596454065000,22289369000,37000,37000,33367000,33367000,True,True
670,670,1789458596487468000,1789458596487433000,22322735000,35000,35000,33366000,33368000,True,True
671,671,1789458596520837000,1789458596520802000,22356104000,35000,35000,33369000,33369000,True,True
672,672,1789458596554206000,1789458596554170000,22389473000,36000,36000,33369000,33368000,True,True
673,673,1789458596587577000,1789458596587539000,22422844000,38000,38000,33371000,33369000,True,True
674,674,1789458596620943000,1789458596620907000,22456210000,36000,36000,33366000,33368000,True,True
675,675,1789458596654312000,1789458596654275000,22489579000,37000,37000,33369000,33368000,True,True
676,676,1789458596687678000,1789458596687641000,22522945000,37000,37000,33366000,33366000,True,True
677,677,1789458596721045000,1789458596721009000,22556312000,36000,36000,33367000,33368000,True,True
678,678,1789458596754412000,1789458596754376000,22589679000,36000,36000,33367000,33367000,True,True
679,679,1789458596787780000,1789458596787744000,22623047000,36000,36000,33368000,33368000,True,True
680,680,1789458596821145000,1789458596821110000,22656412000,35000,35000,33365000,33366000,True,True
681,681,1789458596854514000,1789458596854478000,22689781000,36000,36000,33369000,33368000,True,True
682,682,1789458596887879000,1789458596887845000,22723146000,34000,34000,33365000,33367000,True,True
683,683,1789458596921248000,1789458596921212000,22756515000,36000,36000,33369000,33367000,True,True
684,684,1789458596954613000,1789458596954579000,22789880000,34000,34000,33365000,33367000,True,True
685,685,1789458596987981000,1789458596987947000,22823248000,34000,34000,33368000,33368000,True,True
686,686,1789458597021349000,1789458597021315000,22856616000,34000,34000,33368000,33368000,True,True
687,687,1789458597054716000,1789458597054681000,22889983000,35000,35000,33367000,33366000,True,True
688,688,1789458597088082000,1789458597088049000,22923349000,33000,33000,33366000,33368000,True,True
689,689,1789458597121450000,1789458597121417000,22956717000,33000,33000,33368000,33368000,True,True
690,690,1789458597154816000,1789458597154785000,22990083000,31000,31000,33366000,33368000,True,True
691,691,1789458597188184000,1789458597188152000,23023451000,32000,32000,33368000,33367000,True,True
692,692,1789458597221551000,1789458597221519000,23056818000,32000,32000,33367000,33367000,True,True
693,693,1789458597254917000,1789458597254886000,23090184000,31000,31000,33366000,33367000,True,True
694,694,1789458597288284000,1789458597288254000,23123551000,30000,30000,33367000,33368000,True,True
695,695,1789458597321652000,1789458597321621000,23156919000,31000,31000,33368000,33367000,True,True
696,696,1789458597355019000,1789458597354989000,23190286000,30000,30000,33367000,33368000,True,True
697,697,1789458597388386000,1789458597388355000,23223653000,31000,31000,33367000,33366000,True,True
698,698,1789458597421754000,1789458597421724000,23257021000,30000,30000,33368000,33369000,True,True
699,699,1789458597455120000,1789458597455091000,23290387000,29000,29000,33366000,33367000,True,True
700,700,1789458597488489000,1789458597488459000,23323756000,30000,30000,33369000,33368000,True,True
701,701,1789458597521854000,1789458597521826000,23357121000,28000,28000,33365000,33367000,True,True
702,702,1789458597555221000,1789458597555194000,23390488000,27000,27000,33367000,33368000,True,True
703,703,1789458597588588000,1789458597588561000,23423855000,27000,27000,33367000,33367000,True,True
704,704,1789458597621956000,1789458597621931000,23457223000,25000,25000,33368000,33370000,True,True
705,705,1789458597655323000,1789458597655296000,23490590000,27000,27000,33367000,33365000,True,True
706,706,1789458597688692000,1789458597688664000,23523959000,28000,28000,33369000,33368000,True,True
707,707,1789458597722059000,1789458597722031000,23557326000,28000,28000,33367000,33367000,True,True
708,708,1789458597755427000,1789458597755399000,23590694000,28000,28000,33368000,33368000,True,True
709,709,1789458597788793000,1789458597788767000,23624060000,26000,26000,33366000,33368000,True,True
710,710,1789458597822161000,1789458597822136000,23657428000,25000,25000,33368000,33369000,True,True
711,711,1789458597855531000,1789458597855504000,23690798000,27000,27000,33370000,33368000,True,True
712,712,1789458597888899000,1789458597888873000,23724166000,26000,26000,33368000,33369000,True,True
713,713,1789458597922265000,1789458597922240000,23757532000,25000,25000,33366000,33367000,True,True
714,714,1789458597955634000,1789458597955607000,23790901000,27000,27000,33369000,33367000,True,True
715,715,1789458597989000000,1789458597988974000,23824267000,26000,26000,33366000,33367000,True,True
716,716,1789458598022367000,1789458598022343000,23857634000,24000,24000,33367000,33369000,True,True
717,717,1789458598055734000,1789458598055709000,23891001000,25000,25000,33367000,33366000,True,True
718,718,1789458598089103000,1789458598089077000,23924370000,26000,26000,33369000,33368000,True,True
719,719,1789458598122470000,1789458598122445000,23957737000,25000,25000,33367000,33368000,True,True
720,720,1789458598155840000,1789458598155814000,23991107000,26000,26000,33370000,33369000,True,True
721,721,1789458598189209000,1789458598189183000,24024476000,26000,26000,33369000,33369000,True,True
722,722,1789458598222576000,1789458598222549000,24057843000,27000,27000,33367000,33366000,True,True
723,723,1789458598255944000,1789458598255917000,24091211000,27000,27000,33368000,33368000,True,True
724,724,1789458598289311000,1789458598289286000,24124578000,25000,25000,33367000,33369000,True,True
725,725,1789458598322683000,1789458598322653000,24157950000,30000,30000,33372000,33367000,True,True
726,726,1789458598356050000,1789458598356021000,24191317000,29000,29000,33367000,33368000,True,True
727,727,1789458598389423000,1789458598389388000,24224690000,35000,35000,33373000,33367000,True,True
728,728,1789458598422792000,1789458598422757000,24258059000,35000,35000,33369000,33369000,True,True
729,729,1789458598456160000,1789458598456125000,24291427000,35000,35000,33368000,33368000,True,True
730,730,1789458598489527000,1789458598489491000,24324794000,36000,36000,33367000,33366000,True,True
731,731,1789458598522895000,1789458598522860000,24358162000,35000,35000,33368000,33369000,True,True
732,732,1789458598556261000,1789458598556227000,24391528000,34000,34000,33366000,33367000,True,True
733,733,1789458598589629000,1789458598589595000,24424896000,34000,34000,33368000,33368000,True,True
734,734,1789458598622996000,1789458598622962000,24458263000,34000,34000,33367000,33367000,True,True
735,735,1789458598656367000,1789458598656331000,24491634000,36000,36000,33371000,33369000,True,True
736,736,1789458598689736000,1789458598689701000,24525003000,35000,35000,33369000,33370000,True,True
737,737,1789458598723103000,1789458598723068000,24558370000,35000,35000,33367000,33367000,True,True
738,738,1789458598756470000,1789458598756436000,24591737000,34000,34000,33367000,33368000,True,True
739,739,1789458598789837000,1789458598789804000,24625104000,33000,33000,33367000,33368000,True,True
740,740,1789458598823204000,1789458598823171000,24658471000,33000,33000,33367000,33367000,True,True
741,741,1789458598856572000,1789458598856539000,24691839000,33000,33000,33368000,33368000,True,True
742,742,1789458598889942000,1789458598889906000,24725209000,36000,36000,33370000,33367000,True,True
743,743,1789458598923310000,1789458598923274000,24758577000,36000,36000,33368000,33368000,True,True
744,744,1789458598956678000,1789458598956641000,24791945000,37000,37000,33368000,33367000,True,True
745,745,1789458598990047000,1789458598990010000,24825314000,37000,37000,33369000,33369000,True,True
746,746,1789458599023417000,1789458599023377000,24858684000,40000,40000,33370000,33367000,True,True
747,747,1789458599056785000,1789458599056746000,24892052000,39000,39000,33368000,33369000,True,True
748,748,1789458599090152000,1789458599090112000,24925419000,40000,40000,33367000,33366000,True,True
749,749,1789458599123520000,1789458599123481000,24958787000,39000,39000,33368000,33369000,True,True
750,750,1789458599156889000,1789458599156851000,24992156000,38000,38000,33369000,33370000,True,True
751,751,1789458599190260000,1789458599190221000,25025527000,39000,39000,33371000,33370000,True,True
752,752,1789458599223631000,1789458599223588000,25058898000,43000,43000,33371000,33367000,True,True
753,753,1789458599257001000,1789458599256958000,25092268000,43000,43000,33370000,33370000,True,True
754,754,1789458599290368000,1789458599290326000,25125635000,42000,42000,33367000,33368000,True,True
755,755,1789458599323736000,1789458599323694000,25159003000,42000,42000,33368000,33368000,True,True
756,756,1789458599357103000,1789458599357062000,25192370000,41000,41000,33367000,33368000,True,True
757,757,1789458599390471000,1789458599390430000,25225738000,41000,41000,33368000,33368000,True,True
758,758,1789458599423840000,1789458599423799000,25259107000,41000,41000,33369000,33369000,True,True
759,759,1789458599457207000,1789458599457166000,25292474000,41000,41000,33367000,33367000,True,True
760,760,1789458599490574000,1789458599490535000,25325841000,39000,39000,33367000,33369000,True,True
761,761,1789458599523942000,1789458599523903000,25359209000,39000,39000,33368000,33368000,True,True
762,762,1789458599557315000,1789458599557270000,25392582000,45000,45000,33373000,33367000,True,True
763,763,1789458599590683000,1789458599590638000,25425950000,45000,45000,33368000,33368000,True,True
764,764,1789458599624051000,1789458599624006000,25459318000,45000,45000,33368000,33368000,True,True
765,765,1789458599657418000,1789458599657375000,25492685000,43000,43000,33367000,33369000,True,True
766,766,1789458599690789000,1789458599690745000,25526056000,44000,44000,33371000,33370000,True,True
767,767,1789458599724157000,1789458599724112000,25559424000,45000,45000,33368000,33367000,True,True
768,768,1789458599757524000,1789458599757481000,25592791000,43000,43000,33367000,33369000,True,True
769,769,1789458599790892000,1789458599790847000,25626159000,45000,45000,33368000,33366000,True,True
770,770,1789458599824259000,1789458599824215000,25659526000,44000,44000,33367000,33368000,True,True
771,771,1789458599857629000,1789458599857584000,25692896000,45000,45000,33370000,33369000,True,True
772,772,1789458599890996000,1789458599890952000,25726263000,44000,44000,33367000,33368000,True,True
773,773,1789458599924363000,1789458599924319000,25759630000,44000,44000,33367000,33367000,True,True
774,774,1789458599957731000,1789458599957689000,25792998000,42000,42000,33368000,33370000,True,True
775,775,1789458599991101000,1789458599991059000,25826368000,42000,42000,33370000,33370000,True,True
776,776,1789458600024468000,1789458600024425000,25859735000,43000,43000,33367000,33366000,True,True
777,777,1789458600057836000,1789458600057795000,25893103000,41000,41000,33368000,33370000,True,True
778,778,1789458600091205000,1789458600091163000,25926472000,42000,42000,33369000,33368000,True,True
779,779,1789458600124573000,1789458600124530000,25959840000,43000,43000,33368000,33367000,True,True
780,780,1789458600157942000,1789458600157898000,25993209000,44000,44000,33369000,33368000,True,True
781,781,1789458600191308000,1789458600191265000,26026575000,43000,43000,33366000,33367000,True,True
782,782,1789458600224677000,1789458600224633000,26059944000,44000,44000,33369000,33368000,True,True
783,783,1789458600258042000,1789458600258001000,26093309000,41000,41000,33365000,33368000,True,True
784,784,1789458600291412000,1789458600291369000,26126679000,43000,43000,33370000,33368000,True,True
785,785,1789458600324779000,1789458600324737000,26160046000,42000,42000,33367000,33368000,True,True
786,786,1789458600358146000,1789458600358104000,26193413000,42000,42000,33367000,33367000,True,True
787,787,1789458600391513000,1789458600391471000,26226780000,42000,42000,33367000,33367000,True,True
788,788,1789458600424881000,1789458600424839000,26260148000,42000,42000,33368000,33368000,True,True
789,789,1789458600458248000,1789458600458207000,26293515000,41000,41000,33367000,33368000,True,True
790,790,1789458600491616000,1789458600491575000,26326883000,41000,41000,33368000,33368000,True,True
791,791,1789458600524983000,1789458600524943000,26360250000,40000,40000,33367000,33368000,True,True
792,792,1789458600558352000,1789458600558311000,26393619000,41000,41000,33369000,33368000,True,True
793,793,1789458600591719000,1789458600591679000,26426986000,40000,40000,33367000,33368000,True,True
794,794,1789458600625088000,1789458600625047000,26460355000,41000,41000,33369000,33368000,True,True
795,795,1789458600658457000,1789458600658417000,26493724000,40000,40000,33369000,33370000,True,True
796,796,1789458600691824000,1789458600691784000,26527091000,40000,40000,33367000,33367000,True,True
797,797,1789458600725191000,1789458600725152000,26560458000,39000,39000,33367000,33368000,True,True
798,798,1789458600758559000,1789458600758520000,26593826000,39000,39000,33368000,33368000,True,True
799,799,1789458600791925000,1789458600791887000,26627192000,38000,38000,33366000,33367000,True,True
800,800,1789458600825294000,1789458600825255000,26660561000,39000,39000,33369000,33368000,True,True
801,801,1789458600858660000,1789458600858623000,26693927000,37000,37000,33366000,33368000,True,True
802,802,1789458600892029000,1789458600891990000,26727296000,39000,39000,33369000,33367000,True,True
803,803,1789458600925395000,1789458600925357000,26760662000,38000,38000,33366000,33367000,True,True
804,804,1789458600958765000,1789458600958727000,26794032000,38000,38000,33370000,33370000,True,True
805,805,1789458600992108000,1789458600992096000,26827375000,12000,12000,33343000,33369000,True,True
806,806,1789458601025501000,1789458601025463000,26860768000,38000,38000,33393000,33367000,True,True
807,807,1789458601058867000,1789458601058831000,26894134000,36000,36000,33366000,33368000,True,True
808,808,1789458601092236000,1789458601092199000,26927503000,37000,37000,33369000,33368000,True,True
809,809,1789458601125603000,1789458601125565000,26960870000,38000,38000,33367000,33366000,True,True
810,810,1789458601158970000,1789458601158935000,26994237000,35000,35000,33367000,33370000,True,True
811,811,1789458601192338000,1789458601192302000,27027605000,36000,36000,33368000,33367000,True,True
812,812,1789458601225706000,1789458601225670000,27060973000,36000,36000,33368000,33368000,True,True
813,813,1789458601259072000,1789458601259037000,27094339000,35000,35000,33366000,33367000,True,True
814,814,1789458601292441000,1789458601292406000,27127708000,35000,35000,33369000,33369000,True,True
815,815,1789458601325810000,1789458601325775000,27161077000,35000,35000,33369000,33369000,True,True
816,816,1789458601359178000,1789458601359141000,27194445000,37000,37000,33368000,33366000,True,True
817,817,1789458601392546000,1789458601392510000,27227813000,36000,36000,33368000,33369000,True,True
818,818,1789458601425914000,1789458601425879000,27261181000,35000,35000,33368000,33369000,True,True
819,819,1789458601459283000,1789458601459247000,27294550000,36000,36000,33369000,33368000,True,True
820,820,1789458601492650000,1789458601492614000,27327917000,36000,36000,33367000,33367000,True,True
821,821,1789458601526019000,1789458601525983000,27361286000,36000,36000,33369000,33369000,True,True
822,822,1789458601559387000,1789458601559351000,27394654000,36000,36000,33368000,33368000,True,True
823,823,1789458601592754000,1789458601592718000,27428021000,36000,36000,33367000,33367000,True,True
824,824,1789458601626122000,1789458601626086000,27461389000,36000,36000,33368000,33368000,True,True
825,825,1789458601659490000,1789458601659454000,27494757000,36000,36000,33368000,33368000,True,True
826,826,1789458601692856000,1789458601692821000,27528123000,35000,35000,33366000,33367000,True,True
827,827,1789458601726227000,1789458601726191000,27561494000,36000,36000,33371000,33370000,True,True
828,828,1789458601759595000,1789458601759560000,27594862000,35000,35000,33368000,33369000,True,True
829,829,1789458601792967000,1789458601792932000,27628234000,35000,35000,33372000,33372000,True,True
830,830,1789458601826334000,1789458601826299000,27661601000,35000,35000,33367000,33367000,True,True
831,831,1789458601859702000,1789458601859667000,27694969000,35000,35000,33368000,33368000,True,True
832,832,1789458601893069000,1789458601893034000,27728336000,35000,35000,33367000,33367000,True,True
833,833,1789458601926436000,1789458601926402000,27761703000,34000,34000,33367000,33368000,True,True
834,834,1789458601959804000,1789458601959769000,27795071000,35000,35000,33368000,33367000,True,True
835,835,1789458601993171000,1789458601993137000,27828438000,34000,34000,33367000,33368000,True,True
836,836,1789458602026538000,1789458602026505000,27861805000,33000,33000,33367000,33368000,True,True
837,837,1789458602059906000,1789458602059872000,27895173000,34000,34000,33368000,33367000,True,True
838,838,1789458602093274000,1789458602093241000,27928541000,33000,33000,33368000,33369000,True,True
839,839,1789458602126641000,1789458602126608000,27961908000,33000,33000,33367000,33367000,True,True
840,840,1789458602160007000,1789458602159975000,27995274000,32000,32000,33366000,33367000,True,True
841,841,1789458602193375000,1789458602193344000,28028642000,31000,31000,33368000,33369000,True,True
842,842,1789458602226743000,1789458602226712000,28062010000,31000,31000,33368000,33368000,True,True
843,843,1789458602260110000,1789458602260079000,28095377000,31000,31000,33367000,33367000,True,True
844,844,1789458602293478000,1789458602293447000,28128745000,31000,31000,33368000,33368000,True,True
845,845,1789458602326845000,1789458602326813000,28162112000,32000,32000,33367000,33366000,True,True
846,846,1789458602360211000,1789458602360181000,28195478000,30000,30000,33366000,33368000,True,True
847,847,1789458602393580000,1789458602393549000,28228847000,31000,31000,33369000,33368000,True,True
848,848,1789458602426948000,1789458602426918000,28262215000,30000,30000,33368000,33369000,True,True
849,849,1789458602460317000,1789458602460287000,28295584000,30000,30000,33369000,33369000,True,True
850,850,1789458602493683000,1789458602493654000,28328950000,29000,29000,33366000,33367000,True,True
851,851,1789458602527051000,1789458602527022000,28362318000,29000,29000,33368000,33368000,True,True
852,852,1789458602560420000,1789458602560389000,28395687000,31000,31000,33369000,33367000,True,True
853,853,1789458602593786000,1789458602593757000,28429053000,29000,29000,33366000,33368000,True,True
854,854,1789458602627154000,1789458602627124000,28462421000,30000,30000,33368000,33367000,True,True
855,855,1789458602660521000,1789458602660493000,28495788000,28000,28000,33367000,33369000,True,True
856,856,1789458602693889000,1789458602693860000,28529156000,29000,29000,33368000,33367000,True,True
857,857,1789458602727257000,1789458602727227000,28562524000,30000,30000,33368000,33367000,True,True
858,858,1789458602760624000,1789458602760596000,28595891000,28000,28000,33367000,33369000,True,True
859,859,1789458602793992000,1789458602793964000,28629259000,28000,28000,33368000,33368000,True,True
860,860,1789458602827358000,1789458602827331000,28662625000,27000,27000,33366000,33367000,True,True
861,861,1789458602860726000,1789458602860699000,28695993000,27000,27000,33368000,33368000,True,True
862,862,1789458602894094000,1789458602894067000,28729361000,27000,27000,33368000,33368000,True,True
863,863,1789458602927460000,1789458602927434000,28762727000,26000,26000,33366000,33367000,True,True
864,864,1789458602960828000,1789458602960801000,28796095000,27000,27000,33368000,33367000,True,True
865,865,1789458602994195000,1789458602994169000,28829462000,26000,26000,33367000,33368000,True,True
866,866,1789458603027564000,1789458603027538000,28862831000,26000,26000,33369000,33369000,True,True
867,867,1789458603060930000,1789458603060903000,28896197000,27000,27000,33366000,33365000,True,True
868,868,1789458603094299000,1789458603094272000,28929566000,27000,27000,33369000,33369000,True,True
869,869,1789458603127670000,1789458603127643000,28962937000,27000,27000,33371000,33371000,True,True
870,870,1789458603161038000,1789458603161011000,28996305000,27000,27000,33368000,33368000,True,True
871,871,1789458603194406000,1789458603194379000,29029673000,27000,27000,33368000,33368000,True,True
872,872,1789458603227776000,1789458603227749000,29063043000,27000,27000,33370000,33370000,True,True
873,873,1789458603261142000,1789458603261117000,29096409000,25000,25000,33366000,33368000,True,True
874,874,1789458603294510000,1789458603294484000,29129777000,26000,26000,33368000,33367000,True,True
875,875,1789458603327878000,1789458603327853000,29163145000,25000,25000,33368000,33369000,True,True
876,876,1789458603361247000,1789458603361221000,29196514000,26000,26000,33369000,33368000,True,True
877,877,1789458603394614000,1789458603394588000,29229881000,26000,26000,33367000,33367000,True,True
878,878,1789458603427981000,1789458603427957000,29263248000,24000,24000,33367000,33369000,True,True
879,879,1789458603461349000,1789458603461324000,29296616000,25000,25000,33368000,33367000,True,True
880,880,1789458603494717000,1789458603494692000,29329984000,25000,25000,33368000,33368000,True,True
881,881,1789458603528087000,1789458603528061000,29363354000,26000,26000,33370000,33369000,True,True
882,882,1789458603561455000,1789458603561429000,29396722000,26000,26000,33368000,33368000,True,True
883,883,1789458603594822000,1789458603594796000,29430089000,26000,26000,33367000,33367000,True,True
884,884,1789458603628191000,1789458603628165000,29463458000,26000,26000,33369000,33369000,True,True
885,885,1789458603661560000,1789458603661534000,29496827000,26000,26000,33369000,33369000,True,True
886,886,1789458603694928000,1789458603694901000,29530195000,27000,27000,33368000,33367000,True,True
887,887,1789458603728296000,1789458603728268000,29563563000,28000,28000,33368000,33367000,True,True
888,888,1789458603761665000,1789458603761639000,29596932000,26000,26000,33369000,33371000,True,True
889,889,1789458603795032000,1789458603795007000,29630299000,25000,25000,33367000,33368000,True,True
890,890,1789458603828400000,1789458603828373000,29663667000,27000,27000,33368000,33366000,True,True
891,891,1789458603861770000,1789458603861744000,29697037000,26000,26000,33370000,33371000,True,True
892,892,1789458603895139000,1789458603895112000,29730406000,27000,27000,33369000,33368000,True,True
893,893,1789458603928506000,1789458603928478000,29763773000,28000,28000,33367000,33366000,True,True
894,894,1789458603961873000,1789458603961847000,29797140000,26000,26000,33367000,33369000,True,True
895,895,1789458603995240000,1789458603995215000,29830507000,25000,25000,33367000,33368000,True,True
896,896,1789458604028609000,1789458604028583000,29863876000,26000,26000,33369000,33368000,True,True
897,897,1789458604061976000,1789458604061950000,29897243000,26000,26000,33367000,33367000,True,True
898,898,1789458604095344000,1789458604095318000,29930611000,26000,26000,33368000,33368000,True,True
899,899,1789458604128712000,1789458604128687000,29963979000,25000,25000,33368000,33369000,True,True
900,900,1789458604162083000,1789458604162056000,29997350000,27000,27000,33371000,33369000,True,True
901,901,1789458604195450000,1789458604195424000,30030717000,26000,26000,33367000,33368000,True,True
902,902,1789458604228821000,1789458604228795000,30064088000,26000,26000,33371000,33371000,True,True
903,903,1789458604262189000,1789458604262163000,30097456000,26000,26000,33368000,33368000,True,True
904,904,1789458604295555000,1789458604295530000,30130822000,25000,25000,33366000,33367000,True,True
905,905,1789458604328924000,1789458604328899000,30164191000,25000,25000,33369000,33369000,True,True
906,906,1789458604362292000,1789458604362267000,30197559000,25000,25000,33368000,33368000,True,True
907,907,1789458604395659000,1789458604395634000,30230926000,25000,25000,33367000,33367000,True,True
908,908,1789458604429028000,1789458604429003000,30264295000,25000,25000,33369000,33369000,True,True
909,909,1789458604462394000,1789458604462369000,30297661000,25000,25000,33366000,33366000,True,True
910,910,1789458604495761000,1789458604495737000,30331028000,24000,24000,33367000,33368000,True,True
911,911,1789458604529128000,1789458604529104000,30364395000,24000,24000,33367000,33367000,True,True
912,912,1789458604562497000,1789458604562473000,30397764000,24000,24000,33369000,33369000,True,True
913,913,1789458604595864000,1789458604595840000,30431131000,24000,24000,33367000,33367000,True,True
914,914,1789458604629232000,1789458604629207000,30464499000,25000,25000,33368000,33367000,True,True
915,915,1789458604662599000,1789458604662575000,30497866000,24000,24000,33367000,33368000,True,True
916,916,1789458604695967000,1789458604695944000,30531234000,23000,23000,33368000,33369000,True,True
917,917,1789458604729334000,1789458604729310000,30564601000,24000,24000,33367000,33366000,True,True
918,918,1789458604762702000,1789458604762678000,30597969000,24000,24000,33368000,33368000,True,True
919,919,1789458604796235000,1789458604796212000,30631502000,23000,23000,33533000,33534000,True,True
920,920,1789458604829602000,1789458604829578000,30664869000,24000,24000,33367000,33366000,True,True
921,921,1789458604862968000,1789458604862945000,30698235000,23000,23000,33366000,33367000,True,True
922,922,1789458604896334000,1789458604896313000,30731601000,21000,21000,33366000,33368000,True,True
923,923,1789458604929702000,1789458604929680000,30764969000,22000,22000,33368000,33367000,True,True
924,924,1789458604963067000,1789458604963046000,30798334000,21000,21000,33365000,33366000,True,True
925,925,1789458604996434000,1789458604996413000,30831701000,21000,21000,33367000,33367000,True,True
926,926,1789458605029801000,1789458605029780000,30865068000,21000,21000,33367000,33367000,True,True
927,927,1789458605063167000,1789458605063145000,30898434000,22000,22000,33366000,33365000,True,True
928,928,1789458605096534000,1789458605096513000,30931801000,21000,21000,33367000,33368000,True,True
929,929,1789458605129902000,1789458605129880000,30965169000,22000,22000,33368000,33367000,True,True
930,930,1789458605163267000,1789458605163246000,30998534000,21000,21000,33365000,33366000,True,True
931,931,1789458605196634000,1789458605196613000,31031901000,21000,21000,33367000,33367000,True,True
932,932,1789458605230000000,1789458605229981000,31065267000,19000,19000,33366000,33368000,True,True
933,933,1789458605263367000,1789458605263347000,31098634000,20000,20000,33367000,33366000,True,True
934,934,1789458605296733000,1789458605296713000,31132000000,20000,20000,33366000,33366000,True,True
935,935,1789458605330458000,1789458605330442000,31165725000,16000,16000,33725000,33729000,True,True
936,936,1789458605363822000,1789458605363811000,31199089000,11000,11000,33364000,33369000,True,True
937,937,1789458605397185000,1789458605397178000,31232452000,7000,7000,33363000,33367000,True,True
938,938,1789458605430550000,1789458605430546000,31265817000,4000,4000,33365000,33368000,True,True
939,939,1789458605463914000,1789458605463915000,31299181000,-1000,1000,33364000,33369000,True,True
940,940,1789458605497288000,1789458605497282000,31332555000,6000,6000,33374000,33367000,True,True
941,941,1789458605530654000,1789458605530648000,31365921000,6000,6000,33366000,33366000,True,True
942,942,1789458605564018000,1789458605564017000,31399285000,1000,1000,33364000,33369000,True,True
943,943,1789458605597383000,1789458605597385000,31432650000,-2000,2000,33365000,33368000,True,True
944,944,1789458605630752000,1789458605630756000,31466019000,-4000,4000,33369000,33371000,True,True
945,945,1789458605664123000,1789458605664127000,31499390000,-4000,4000,33371000,33371000,True,True
946,946,1789458605697494000,1789458605697498000,31532761000,-4000,4000,33371000,33371000,True,True
947,947,1789458605730858000,1789458605730865000,31566125000,-7000,7000,33364000,33367000,True,True
948,948,1789458605764225000,1789458605764232000,31599492000,-7000,7000,33367000,33367000,True,True
949,949,1789458605797591000,1789458605797598000,31632858000,-7000,7000,33366000,33366000,True,True
950,950,1789458605830959000,1789458605830965000,31666226000,-6000,6000,33368000,33367000,True,True
951,951,1789458605864648000,1789458605864653000,31699915000,-5000,5000,33689000,33688000,True,True
952,952,1789458605898012000,1789458605898022000,31733279000,-10000,10000,33364000,33369000,True,True
953,953,1789458605931375000,1789458605931390000,31766642000,-15000,15000,33363000,33368000,True,True
954,954,1789458605964739000,1789458605964758000,31800006000,-19000,19000,33364000,33368000,True,True
955,955,1789458605998100000,1789458605998126000,31833367000,-26000,26000,33361000,33368000,True,True
956,956,1789458606031465000,1789458606031494000,31866732000,-29000,29000,33365000,33368000,True,True
957,957,1789458606064829000,1789458606064858000,31900096000,-29000,29000,33364000,33364000,True,True
958,958,1789458606098195000,1789458606098224000,31933462000,-29000,29000,33366000,33366000,True,True
959,959,1789458606131558000,1789458606131593000,31966825000,-35000,35000,33363000,33369000,True,True
960,960,1789458606164920000,1789458606164961000,32000187000,-41000,41000,33362000,33368000,True,True
961,961,1789458606198284000,1789458606198328000,32033551000,-44000,44000,33364000,33367000,True,True
962,962,1789458606231650000,1789458606231694000,32066917000,-44000,44000,33366000,33366000,True,True
963,963,1789458606265307000,1789458606265350000,32100574000,-43000,43000,33657000,33656000,True,True
964,964,1789458606298674000,1789458606298717000,32133941000,-43000,43000,33367000,33367000,True,True
965,965,1789458606332038000,1789458606332086000,32167305000,-48000,48000,33364000,33369000,True,True
966,966,1789458606365400000,1789458606365450000,32200667000,-50000,50000,33362000,33364000,True,True
967,967,1789458606398766000,1789458606398813000,32234033000,-47000,47000,33366000,33363000,True,True
968,968,1789458606432129000,1789458606432182000,32267396000,-53000,53000,33363000,33369000,True,True
969,969,1789458606465491000,1789458606465550000,32300758000,-59000,59000,33362000,33368000,True,True
970,970,1789458606498852000,1789458606498919000,32334119000,-67000,67000,33361000,33369000,True,True
971,971,1789458606532479000,1789458606532552000,32367746000,-73000,73000,33627000,33633000,True,True
972,972,1789458606565844000,1789458606565919000,32401111000,-75000,75000,33365000,33367000,True,True
973,973,1789458606599208000,1789458606599288000,32434475000,-80000,80000,33364000,33369000,True,True
974,974,1789458606632567000,1789458606632655000,32467834000,-88000,88000,33359000,33367000,True,True
975,975,1789458606665927000,1789458606666024000,32501194000,-97000,97000,33360000,33369000,True,True
976,976,1789458606699287000,1789458606699392000,32534554000,-105000,105000,33360000,33368000,True,True
977,977,1789458606732647000,1789458606732760000,32567914000,-113000,113000,33360000,33368000,True,True
978,978,1789458606766008000,1789458606766125000,32601275000,-117000,117000,33361000,33365000,True,True
979,979,1789458606799603000,1789458606799733000,32634870000,-130000,130000,33595000,33608000,True,True
980,980,1789458606832962000,1789458606833101000,32668229000,-139000,139000,33359000,33368000,True,True
981,981,1789458606866319000,1789458606866469000,32701586000,-150000,150000,33357000,33368000,True,True
982,982,1789458606899678000,1789458606899837000,32734945000,-159000,159000,33359000,33368000,True,True
983,983,1789458606933036000,1789458606933206000,32768303000,-170000,170000,33358000,33369000,True,True
984,984,1789458606966394000,1789458606966573000,32801661000,-179000,179000,33358000,33367000,True,True
985,985,1789458606999753000,1789458606999942000,32835020000,-189000,189000,33359000,33369000,True,True
986,986,1789458607033111000,1789458607033311000,32868378000,-200000,200000,33358000,33369000,True,True
987,987,1789458607066470000,1789458607066679000,32901737000,-209000,209000,33359000,33368000,True,True
988,988,1789458607099828000,1789458607100047000,32935095000,-219000,219000,33358000,33368000,True,True
989,989,1789458607133190000,1789458607133415000,32968457000,-225000,225000,33362000,33368000,True,True
990,990,1789458607166549000,1789458607166783000,33001816000,-234000,234000,33359000,33368000,True,True
991,991,1789458607200120000,1789458607200364000,33035387000,-244000,244000,33571000,33581000,True,True
992,992,1789458607233477000,1789458607233734000,33068744000,-257000,257000,33357000,33370000,True,True
993,993,1789458607266835000,1789458607267101000,33102102000,-266000,266000,33358000,33367000,True,True
994,994,1789458607300192000,1789458607300469000,33135459000,-277000,277000,33357000,33368000,True,True
995,995,1789458607333554000,1789458607333837000,33168821000,-283000,283000,33362000,33368000,True,True
996,996,1789458607366913000,1789458607367206000,33202180000,-293000,293000,33359000,33369000,True,True
997,997,1789458607400273000,1789458607400574000,33235540000,-301000,301000,33360000,33368000,True,True
998,998,1789458607433630000,1789458607433942000,33268897000,-312000,312000,33357000,33368000,True,True
999,999,1789458607466989000,1789458607467310000,33302256000,-321000,321000,33359000,33368000,True,True
1000,1000,1789458607500351000,1789458607500678000,33335618000,-327000,327000,33362000,33368000,True,True
1001,1001,1789458607533710000,1789458607534045000,33368977000,-335000,335000,33359000,33367000,True,True
1002,1002,1789458607567068000,1789458607567415000,33402335000,-347000,347000,33358000,33370000,True,True
1003,1003,1789458607600428000,1789458607600782000,33435695000,-354000,354000,33360000,33367000,True,True
1004,1004,1789458607633790000,1789458607634150000,33469057000,-360000,360000,33362000,33368000,True,True
1005,1005,1789458607667149000,1789458607667519000,33502416000,-370000,370000,33359000,33369000,True,True
1006,1006,1789458607700511000,1789458607700887000,33535778000,-376000,376000,33362000,33368000,True,True
1007,1007,1789458607734061000,1789458607734447000,33569328000,-386000,386000,33550000,33560000,True,True
1008,1008,1789458607767417000,1789458607767815000,33602684000,-398000,398000,33356000,33368000,True,True
1009,1009,1789458607800775000,1789458607801184000,33636042000,-409000,409000,33358000,33369000,True,True
1010,1010,1789458607834133000,1789458607834552000,33669400000,-419000,419000,33358000,33368000,True,True
1011,1011,1789458607867490000,1789458607867919000,33702757000,-429000,429000,33357000,33367000,True,True
1012,1012,1789458607900854000,1789458607901287000,33736121000,-433000,433000,33364000,33368000,True,True
1013,1013,1789458607934216000,1789458607934656000,33769483000,-440000,440000,33362000,33369000,True,True
1014,1014,1789458607967575000,1789458607968024000,33802842000,-449000,449000,33359000,33368000,True,True
1015,1015,1789458608000934000,1789458608001392000,33836201000,-458000,458000,33359000,33368000,True,True
1016,1016,1789458608034291000,1789458608034761000,33869558000,-470000,470000,33357000,33369000,True,True
1017,1017,1789458608067651000,1789458608068129000,33902918000,-478000,478000,33360000,33368000,True,True
1018,1018,1789458608101009000,1789458608101497000,33936276000,-488000,488000,33358000,33368000,True,True
1019,1019,1789458608134571000,1789458608135069000,33969838000,-498000,498000,33562000,33572000,True,True
1020,1020,1789458608167928000,1789458608168437000,34003195000,-509000,509000,33357000,33368000,False,True
1021,1021,1789458608201284000,1789458608201805000,34036551000,-521000,521000,33356000,33368000,False,True
1022,1022,1789458608234647000,1789458608235173000,34069914000,-526000,526000,33363000,33368000,False,True
1023,1023,1789458608268005000,1789458608268542000,34103272000,-537000,537000,33358000,33369000,False,True
1024,1024,1789458608301362000,1789458608301910000,34136629000,-548000,548000,33357000,33368000,False,True
1025,1025,1789458608334718000,1789458608335278000,34169985000,-560000,560000,33356000,33368000,False,True
1026,1026,1789458608368076000,1789458608368646000,34203343000,-570000,570000,33358000,33368000,False,True
1027,1027,1789458608401434000,1789458608402015000,34236701000,-581000,581000,33358000,33369000,False,True
1028,1028,1789458608434790000,1789458608435383000,34270057000,-593000,593000,33356000,33368000,False,True
1029,1029,1789458608468152000,1789458608468750000,34303419000,-598000,598000,33362000,33367000,False,True
1030,1030,1789458608501511000,1789458608502119000,34336778000,-608000,608000,33359000,33369000,False,True
1031,1031,1789458608535047000,1789458608535667000,34370314000,-620000,620000,33536000,33548000,False,True
1032,1032,1789458608568406000,1789458608569036000,34403673000,-630000,630000,33359000,33369000,False,True
1033,1033,1789458608601763000,1789458608602403000,34437030000,-640000,640000,33357000,33367000,False,True
1034,1034,1789458608635122000,1789458608635772000,34470389000,-650000,650000,33359000,33369000,False,True
1035,1035,1789458608668481000,1789458608669140000,34503748000,-659000,659000,33359000,33368000,False,True
1036,1036,1789458608701837000,1789458608702508000,34537104000,-671000,671000,33356000,33368000,False,True
1037,1037,1789458608735193000,1789458608735877000,34570460000,-684000,684000,33356000,33369000,False,True
1038,1038,1789458608768553000,1789458608769244000,34603820000,-691000,691000,33360000,33367000,False,True
1039,1039,1789458608802045000,1789458608802748000,34637312000,-703000,703000,33492000,33504000,False,True
1040,1040,1789458608835400000,1789458608836116000,34670667000,-716000,716000,33355000,33368000,False,True
1041,1041,1789458608868756000,1789458608869484000,34704023000,-728000,728000,33356000,33368000,False,True
1042,1042,1789458608902112000,1789458608902852000,34737379000,-740000,740000,33356000,33368000,False,True
1043,1043,1789458608935471000,1789458608936221000,34770738000,-750000,750000,33359000,33369000,False,True
1044,1044,1789458608968826000,1789458608969589000,34804093000,-763000,763000,33355000,33368000,False,True
1045,1045,1789458609002182000,1789458609002957000,34837449000,-775000,775000,33356000,33368000,False,True
1046,1046,1789458609035539000,1789458609036325000,34870806000,-786000,786000,33357000,33368000,False,True
1047,1047,1789458609068896000,1789458609069693000,34904163000,-797000,797000,33357000,33368000,False,True
1048,1048,1789458609102255000,1789458609103062000,34937522000,-807000,807000,33359000,33369000,False,True
1049,1049,1789458609135612000,1789458609136430000,34970879000,-818000,818000,33357000,33368000,False,True
1050,1050,1789458609168969000,1789458609169799000,35004236000,-830000,830000,33357000,33369000,False,True
1051,1051,1789458609202446000,1789458609203288000,35037713000,-842000,842000,33477000,33489000,False,True
1052,1052,1789458609235801000,1789458609236657000,35071068000,-856000,856000,33355000,33369000,False,True
1053,1053,1789458609269158000,1789458609270026000,35104425000,-868000,868000,33357000,33369000,False,True
1054,1054,1789458609302514000,1789458609303394000,35137781000,-880000,880000,33356000,33368000,False,True
1055,1055,1789458609335871000,1789458609336762000,35171138000,-891000,891000,33357000,33368000,False,True
1056,1056,1789458609369231000,1789458609370130000,35204498000,-899000,899000,33360000,33368000,False,True
1057,1057,1789458609402589000,1789458609403499000,35237856000,-910000,910000,33358000,33369000,False,True
1058,1058,1789458609435946000,1789458609436868000,35271213000,-922000,922000,33357000,33369000,False,True
1059,1059,1789458609469301000,1789458609470235000,35304568000,-934000,934000,33355000,33367000,False,True
1060,1060,1789458609502659000,1789458609503603000,35337926000,-944000,944000,33358000,33368000,False,True
1061,1061,1789458609536018000,1789458609536972000,35371285000,-954000,954000,33359000,33369000,False,True
1062,1062,1789458609569378000,1789458609570340000,35404645000,-962000,962000,33360000,33368000,False,True
1063,1063,1789458609602846000,1789458609603815000,35438113000,-969000,969000,33468000,33475000,False,True
1064,1064,1789458609636203000,1789458609637183000,35471470000,-980000,980000,33357000,33368000,False,True
1065,1065,1789458609669560000,1789458609670553000,35504827000,-993000,993000,33357000,33370000,False,True
1066,1066,1789458609702917000,1789458609703921000,35538184000,-1004000,1004000,33357000,33368000,False,True
1067,1067,1789458609736274000,1789458609737288000,35571541000,-1014000,1014000,33357000,33367000,False,True
1068,1068,1789458609769631000,1789458609770656000,35604898000,-1025000,1025000,33357000,33368000,False,True
1069,1069,1789458609802987000,1789458609804025000,35638254000,-1038000,1038000,33356000,33369000,False,True
1070,1070,1789458609836345000,1789458609837393000,35671612000,-1048000,1048000,33358000,33368000,False,True
1071,1071,1789458609869700000,1789458609870761000,35704967000,-1061000,1061000,33355000,33368000,False,True
1072,1072,1789458609903062000,1789458609904129000,35738329000,-1067000,1067000,33362000,33368000,False,True
1073,1073,1789458609936420000,1789458609937498000,35771687000,-1078000,1078000,33358000,33369000,False,True
1074,1074,1789458609969776000,1789458609970867000,35805043000,-1091000,1091000,33356000,33369000,False,True
1075,1075,1789458610003133000,1789458610004235000,35838400000,-1102000,1102000,33357000,33368000,False,True
1076,1076,1789458610036491000,1789458610037603000,35871758000,-1112000,1112000,33358000,33368000,False,True
1077,1077,1789458610069848000,1789458610070972000,35905115000,-1124000,1124000,33357000,33369000,False,True
1078,1078,1789458610103211000,1789458610104340000,35938478000,-1129000,1129000,33363000,33368000,False,True
1079,1079,1789458610136568000,1789458610137708000,35971835000,-1140000,1140000,33357000,33368000,False,True
1080,1080,1789458610169926000,1789458610171076000,36005193000,-1150000,1150000,33358000,33368000,False,True
1081,1081,1789458610203286000,1789458610204445000,36038553000,-1159000,1159000,33360000,33369000,False,True
1082,1082,1789458610236649000,1789458610237813000,36071916000,-1164000,1164000,33363000,33368000,False,True
1083,1083,1789458610270006000,1789458610271181000,36105273000,-1175000,1175000,33357000,33368000,False,True
1084,1084,1789458610303363000,1789458610304550000,36138630000,-1187000,1187000,33357000,33369000,False,True
1085,1085,1789458610336721000,1789458610337918000,36171988000,-1197000,1197000,33358000,33368000,False,True
1086,1086,1789458610370080000,1789458610371287000,36205347000,-1207000,1207000,33359000,33369000,False,True
1087,1087,1789458610403439000,1789458610404655000,36238706000,-1216000,1216000,33359000,33368000,False,True
1088,1088,1789458610436799000,1789458610438023000,36272066000,-1224000,1224000,33360000,33368000,False,True
1089,1089,1789458610470158000,1789458610471392000,36305425000,-1234000,1234000,33359000,33369000,False,True
1090,1090,1789458610503515000,1789458610504760000,36338782000,-1245000,1245000,33357000,33368000,False,True
1091,1091,1789458610536872000,1789458610538128000,36372139000,-1256000,1256000,33357000,33368000,False,True
1092,1092,1789458610570231000,1789458610571496000,36405498000,-1265000,1265000,33359000,33368000,False,True
1093,1093,1789458610603589000,1789458610604865000,36438856000,-1276000,1276000,33358000,33369000,False,True
1094,1094,1789458610636949000,1789458610638233000,36472216000,-1284000,1284000,33360000,33368000,False,True
1095,1095,1789458610670307000,1789458610671600000,36505574000,-1293000,1293000,33358000,33367000,False,True
1096,1096,1789458610703667000,1789458610704970000,36538934000,-1303000,1303000,33360000,33370000,False,True
1097,1097,1789458610737028000,1789458610738339000,36572295000,-1311000,1311000,33361000,33369000,False,True
1098,1098,1789458610770389000,1789458610771707000,36605656000,-1318000,1318000,33361000,33368000,False,True
1099,1099,1789458610803747000,1789458610805075000,36639014000,-1328000,1328000,33358000,33368000,False,True
1100,1100,1789458610837107000,1789458610838443000,36672374000,-1336000,1336000,33360000,33368000,False,True
1101,1101,1789458610870467000,1789458610871811000,36705734000,-1344000,1344000,33360000,33368000,False,True
1102,1102,1789458610903829000,1789458610905181000,36739096000,-1352000,1352000,33362000,33370000,False,True
1103,1103,1789458610937188000,1789458610938548000,36772455000,-1360000,1360000,33359000,33367000,False,True
1104,1104,1789458610970551000,1789458610971916000,36805818000,-1365000,1365000,33363000,33368000,False,True
1105,1105,1789458611003910000,1789458611005286000,36839177000,-1376000,1376000,33359000,33370000,False,True
1106,1106,1789458611037270000,1789458611038654000,36872537000,-1384000,1384000,33360000,33368000,False,True
1107,1107,1789458611070634000,1789458611072021000,36905901000,-1387000,1387000,33364000,33367000,False,True
1108,1108,1789458611103994000,1789458611105390000,36939261000,-1396000,1396000,33360000,33369000,False,True
1109,1109,1789458611137354000,1789458611138758000,36972621000,-1404000,1404000,33360000,33368000,False,True
1110,1110,1789458611170714000,1789458611172127000,37005981000,-1413000,1413000,33360000,33369000,False,True
1111,1111,1789458611204073000,1789458611205495000,37039340000,-1422000,1422000,33359000,33368000,False,True
1112,1112,1789458611237434000,1789458611238863000,37072701000,-1429000,1429000,33361000,33368000,False,True
1113,1113,1789458611270794000,1789458611272232000,37106061000,-1438000,1438000,33360000,33369000,False,True
1114,1114,1789458611304156000,1789458611305601000,37139423000,-1445000,1445000,33362000,33369000,False,True
1115,1115,1789458611337516000,1789458611338968000,37172783000,-1452000,1452000,33360000,33367000,False,True
1116,1116,1789458611370876000,1789458611372337000,37206143000,-1461000,1461000,33360000,33369000,False,True
1117,1117,1789458611404242000,1789458611405705000,37239509000,-1463000,1463000,33366000,33368000,False,True
1118,1118,1789458611437605000,1789458611439074000,37272872000,-1469000,1469000,33363000,33369000,False,True
1119,1119,1789458611470968000,1789458611472442000,37306235000,-1474000,1474000,33363000,33368000,False,True
1120,1120,1789458611504328000,1789458611505810000,37339595000,-1482000,1482000,33360000,33368000,False,True
1121,1121,1789458611537688000,1789458611539179000,37372955000,-1491000,1491000,33360000,33369000,False,True
1122,1122,1789458611571048000,1789458611572548000,37406315000,-1500000,1500000,33360000,33369000,False,True
1123,1123,1789458611604413000,1789458611605915000,37439680000,-1502000,1502000,33365000,33367000,False,True
1124,1124,1789458611637774000,1789458611639283000,37473041000,-1509000,1509000,33361000,33368000,False,True
1125,1125,1789458611671137000,1789458611672652000,37506404000,-1515000,1515000,33363000,33369000,False,True
1126,1126,1789458611704501000,1789458611706021000,37539768000,-1520000,1520000,33364000,33369000,False,True
1127,1127,1789458611737864000,1789458611739388000,37573131000,-1524000,1524000,33363000,33367000,False,True
1128,1128,1789458611771232000,1789458611772756000,37606499000,-1524000,1524000,33368000,33368000,False,True
1129,1129,1789458611804592000,1789458611806126000,37639859000,-1534000,1534000,33360000,33370000,False,True
1130,1130,1789458611837953000,1789458611839494000,37673220000,-1541000,1541000,33361000,33368000,False,True
1131,1131,1789458611871315000,1789458611872862000,37706582000,-1547000,1547000,33362000,33368000,False,True
1132,1132,1789458611904679000,1789458611906231000,37739946000,-1552000,1552000,33364000,33369000,False,True
1133,1133,1789458611938040000,1789458611939599000,37773307000,-1559000,1559000,33361000,33368000,False,True
1134,1134,1789458611971400000,1789458611972967000,37806667000,-1567000,1567000,33360000,33368000,False,True
1135,1135,1789458612004760000,1789458612006335000,37840027000,-1575000,1575000,33360000,33368000,False,True
1136,1136,1789458612038122000,1789458612039704000,37873389000,-1582000,1582000,33362000,33369000,False,True
1137,1137,1789458612071483000,1789458612073072000,37906750000,-1589000,1589000,33361000,33368000,False,True
1138,1138,1789458612104845000,1789458612106441000,37940112000,-1596000,1596000,33362000,33369000,False,True
1139,1139,1789458612138207000,1789458612139809000,37973474000,-1602000,1602000,33362000,33368000,False,True
1140,1140,1789458612171567000,1789458612173178000,38006834000,-1611000,1611000,33360000,33369000,False,True
1141,1141,1789458612204928000,1789458612206546000,38040195000,-1618000,1618000,33361000,33368000,False,True
1142,1142,1789458612238290000,1789458612239915000,38073557000,-1625000,1625000,33362000,33369000,False,True
1143,1143,1789458612271650000,1789458612273283000,38106917000,-1633000,1633000,33360000,33368000,False,True
1144,1144,1789458612305011000,1789458612306650000,38140278000,-1639000,1639000,33361000,33367000,False,True
1145,1145,1789458612338371000,1789458612340018000,38173638000,-1647000,1647000,33360000,33368000,False,True
1146,1146,1789458612371736000,1789458612373388000,38207003000,-1652000,1652000,33365000,33370000,False,True
1147,1147,1789458612404944000,1789458612406603000,38240211000,-1659000,1659000,33208000,33215000,False,True
1148,1148,1789458612438311000,1789458612439972000,38273578000,-1661000,1661000,33367000,33369000,False,True
1149,1149,1789458612471673000,1789458612473339000,38306940000,-1666000,1666000,33362000,33367000,False,True
1150,1150,1789458612505035000,1789458612506708000,38340302000,-1673000,1673000,33362000,33369000,False,True
1151,1151,1789458612538028000,1789458612539705000,38373295000,-1677000,1677000,32993000,32997000,False,True
1152,1152,1789458612571395000,1789458612573075000,38406662000,-1680000,1680000,33367000,33370000,False,True
1153,1153,1789458612604765000,1789458612606444000,38440032000,-1679000,1679000,33370000,33369000,False,True
1154,1154,1789458612638129000,1789458612639812000,38473396000,-1683000,1683000,33364000,33368000,False,True
1155,1155,1789458612670815000,1789458612672497000,38506082000,-1682000,1682000,32686000,32685000,False,True
1156,1156,1789458612704184000,1789458612705866000,38539451000,-1682000,1682000,33369000,33369000,False,True
1157,1157,1789458612737555000,1789458612739234000,38572822000,-1679000,1679000,33371000,33368000,False,True
1158,1158,1789458612770924000,1789458612772602000,38606191000,-1678000,1678000,33369000,33368000,False,True
1159,1159,1789458612803891000,1789458612805566000,38639158000,-1675000,1675000,32967000,32964000,False,True
1160,1160,1789458612837262000,1789458612838934000,38672529000,-1672000,1672000,33371000,33368000,False,True
1161,1161,1789458612870635000,1789458612872303000,38705902000,-1668000,1668000,33373000,33369000,False,True
1162,1162,1789458612904008000,1789458612905671000,38739275000,-1663000,1663000,33373000,33368000,False,True
1163,1163,1789458612936980000,1789458612938637000,38772247000,-1657000,1657000,32972000,32966000,False,True
1164,1164,1789458612970360000,1789458612972005000,38805627000,-1645000,1645000,33380000,33368000,False,True
1165,1165,1789458613003733000,1789458613005374000,38839000000,-1641000,1641000,33373000,33369000,False,True
1166,1166,1789458613037108000,1789458613038742000,38872375000,-1634000,1634000,33375000,33368000,False,True
1167,1167,1789458613070021000,1789458613071645000,38905288000,-1624000,1624000,32913000,32903000,False,True
1168,1168,1789458613103402000,1789458613105015000,38938669000,-1613000,1613000,33381000,33370000,False,True
1169,1169,1789458613136779000,1789458613138381000,38972046000,-1602000,1602000,33377000,33366000,False,True
1170,1170,1789458613170159000,1789458613171751000,39005426000,-1592000,1592000,33380000,33370000,False,True
1171,1171,1789458613203214000,1789458613204794000,39038481000,-1580000,1580000,33055000,33043000,False,True
1172,1172,1789458613236596000,1789458613238165000,39071863000,-1569000,1569000,33382000,33371000,False,True
1173,1173,1789458613269979000,1789458613271537000,39105246000,-1558000,1558000,33383000,33372000,False,True
1174,1174,1789458613303358000,1789458613304906000,39138625000,-1548000,1548000,33379000,33369000,False,True
1175,1175,1789458613336735000,1789458613338271000,39172002000,-1536000,1536000,33377000,33365000,False,True
1176,1176,1789458613370115000,1789458613371643000,39205382000,-1528000,1528000,33380000,33372000,False,True
1177,1177,1789458613403495000,1789458613405012000,39238762000,-1517000,1517000,33380000,33369000,False,True
1178,1178,1789458613436877000,1789458613438383000,39272144000,-1506000,1506000,33382000,33371000,False,True
1179,1179,1789458613470259000,1789458613471754000,39305526000,-1495000,1495000,33382000,33371000,False,True
1180,1180,1789458613503642000,1789458613505126000,39338909000,-1484000,1484000,33383000,33372000,False,True
1181,1181,1789458613537021000,1789458613538495000,39372288000,-1474000,1474000,33379000,33369000,False,True
1182,1182,1789458613570401000,1789458613571866000,39405668000,-1465000,1465000,33380000,33371000,False,True
1183,1183,1789458613603779000,1789458613605233000,39439046000,-1454000,1454000,33378000,33367000,False,True
1184,1184,1789458613637158000,1789458613638602000,39472425000,-1444000,1444000,33379000,33369000,False,True
1185,1185,1789458613670538000,1789458613671972000,39505805000,-1434000,1434000,33380000,33370000,False,True
1186,1186,1789458613703917000,1789458613705342000,39539184000,-1425000,1425000,33379000,33370000,False,True
1187,1187,1789458613737296000,1789458613738710000,39572563000,-1414000,1414000,33379000,33368000,False,True
1188,1188,1789458613770675000,1789458613772079000,39605942000,-1404000,1404000,33379000,33369000,False,True
1189,1189,1789458613804056000,1789458613805452000,39639323000,-1396000,1396000,33381000,33373000,False,True
1190,1190,1789458613837436000,1789458613838822000,39672703000,-1386000,1386000,33380000,33370000,False,True
1191,1191,1789458613870813000,1789458613872190000,39706080000,-1377000,1377000,33377000,33368000,False,True
1192,1192,1789458613904190000,1789458613905558000,39739457000,-1368000,1368000,33377000,33368000,False,True
1193,1193,1789458613937570000,1789458613938928000,39772837000,-1358000,1358000,33380000,33370000,False,True
1194,1194,1789458613970949000,1789458613972297000,39806216000,-1348000,1348000,33379000,33369000,False,True
1195,1195,1789458614004326000,1789458614005664000,39839593000,-1338000,1338000,33377000,33367000,False,True
1196,1196,1789458614037705000,1789458614039033000,39872972000,-1328000,1328000,33379000,33369000,False,True
1197,1197,1789458614071081000,1789458614072402000,39906348000,-1321000,1321000,33376000,33369000,False,True
1198,1198,1789458614104459000,1789458614105771000,39939726000,-1312000,1312000,33378000,33369000,False,True
1199,1199,1789458614137837000,1789458614139139000,39973104000,-1302000,1302000,33378000,33368000,False,True
1200,1200,1789458614171219000,1789458614172512000,40006486000,-1293000,1293000,33382000,33373000,False,True
1201,1201,1789458614204596000,1789458614205881000,40039863000,-1285000,1285000,33377000,33369000,False,True
1202,1202,1789458614237979000,1789458614239249000,40073246000,-1270000,1270000,33383000,33368000,False,True
1203,1203,1789458614271355000,1789458614272615000,40106622000,-1260000,1260000,33376000,33366000,False,True
1204,1204,1789458614304732000,1789458614305985000,40139999000,-1253000,1253000,33377000,33370000,False,True
1205,1205,1789458614338109000,1789458614339354000,40173376000,-1245000,1245000,33377000,33369000,False,True
1206,1206,1789458614371486000,1789458614372722000,40206753000,-1236000,1236000,33377000,33368000,False,True
1207,1207,1789458614404862000,1789458614406090000,40240129000,-1228000,1228000,33376000,33368000,False,True
1208,1208,1789458614438239000,1789458614439459000,40273506000,-1220000,1220000,33377000,33369000,False,True
1209,1209,1789458614471617000,1789458614472828000,40306884000,-1211000,1211000,33378000,33369000,False,True
1210,1210,1789458614504992000,1789458614506196000,40340259000,-1204000,1204000,33375000,33368000,False,True
1211,1211,1789458614538370000,1789458614539566000,40373637000,-1196000,1196000,33378000,33370000,False,True
1212,1212,1789458614571747000,1789458614572933000,40407014000,-1186000,1186000,33377000,33367000,False,True
1213,1213,1789458614605124000,1789458614606302000,40440391000,-1178000,1178000,33377000,33369000,False,True
1214,1214,1789458614638497000,1789458614639669000,40473764000,-1172000,1172000,33373000,33367000,False,True
1215,1215,1789458614671876000,1789458614673039000,40507143000,-1163000,1163000,33379000,33370000,False,True
1216,1216,1789458614705252000,1789458614706407000,40540519000,-1155000,1155000,33376000,33368000,False,True
1217,1217,1789458614738630000,1789458614739778000,40573897000,-1148000,1148000,33378000,33371000,False,True
1218,1218,1789458614772005000,1789458614773146000,40607272000,-1141000,1141000,33375000,33368000,False,True
1219,1219,1789458614805382000,1789458614806514000,40640649000,-1132000,1132000,33377000,33368000,False,True
1220,1220,1789458614838757000,1789458614839882000,40674024000,-1125000,1125000,33375000,33368000,False,True
1221,1221,1789458614872133000,1789458614873253000,40707400000,-1120000,1120000,33376000,33371000,False,True
1222,1222,1789458614905511000,1789458614906621000,40740778000,-1110000,1110000,33378000,33368000,False,True
1223,1223,1789458614938889000,1789458614939991000,40774156000,-1102000,1102000,33378000,33370000,False,True
1224,1224,1789458614972268000,1789458614973363000,40807535000,-1095000,1095000,33379000,33372000,False,True
1225,1225,1789458615005644000,1789458615006732000,40840911000,-1088000,1088000,33376000,33369000,False,True
1226,1226,1789458615039023000,1789458615040102000,40874290000,-1079000,1079000,33379000,33370000,False,True
1227,1227,1789458615072399000,1789458615073471000,40907666000,-1072000,1072000,33376000,33369000,False,True
1228,1228,1789458615105774000,1789458615106839000,40941041000,-1065000,1065000,33375000,33368000,False,True
1229,1229,1789458615139152000,1789458615140210000,40974419000,-1058000,1058000,33378000,33371000,False,True
1230,1230,1789458615172526000,1789458615173577000,41007793000,-1051000,1051000,33374000,33367000,False,True
1231,1231,1789458615205903000,1789458615206946000,41041170000,-1043000,1043000,33377000,33369000,False,True
1232,1232,1789458615239279000,1789458615240314000,41074546000,-1035000,1035000,33376000,33368000,False,True
1233,1233,1789458615272654000,1789458615273683000,41107921000,-1029000,1029000,33375000,33369000,False,True
1234,1234,1789458615306030000,1789458615307052000,41141297000,-1022000,1022000,33376000,33369000,False,True
1235,1235,1789458615339408000,1789458615340423000,41174675000,-1015000,1015000,33378000,33371000,False,True
1236,1236,1789458615372783000,1789458615373791000,41208050000,-1008000,1008000,33375000,33368000,False,True
1237,1237,1789458615406158000,1789458615407160000,41241425000,-1002000,1002000,33375000,33369000,False,True
1238,1238,1789458615439536000,1789458615440528000,41274803000,-992000,992000,33378000,33368000,False,True
1239,1239,1789458615472910000,1789458615473898000,41308177000,-988000,988000,33374000,33370000,False,True
1240,1240,1789458615506286000,1789458615507266000,41341553000,-980000,980000,33376000,33368000,False,True
1241,1241,1789458615539661000,1789458615540635000,41374928000,-974000,974000,33375000,33369000,False,True
1242,1242,1789458615573035000,1789458615574002000,41408302000,-967000,967000,33374000,33367000,False,True
1243,1243,1789458615606410000,1789458615607370000,41441677000,-960000,960000,33375000,33368000,False,True
1244,1244,1789458615639785000,1789458615640739000,41475052000,-954000,954000,33375000,33369000,False,True
1245,1245,1789458615673161000,1789458615674108000,41508428000,-947000,947000,33376000,33369000,False,True
1246,1246,1789458615706534000,1789458615707476000,41541801000,-942000,942000,33373000,33368000,False,True
1247,1247,1789458615739909000,1789458615740844000,41575176000,-935000,935000,33375000,33368000,False,True
1248,1248,1789458615773284000,1789458615774213000,41608551000,-929000,929000,33375000,33369000,False,True
1249,1249,1789458615806659000,1789458615807581000,41641926000,-922000,922000,33375000,33368000,False,True
1250,1250,1789458615840034000,1789458615840950000,41675301000,-916000,916000,33375000,33369000,False,True
1251,1251,1789458615873412000,1789458615874323000,41708679000,-911000,911000,33378000,33373000,False,True
1252,1252,1789458615906786000,1789458615907692000,41742053000,-906000,906000,33374000,33369000,False,True
1253,1253,1789458615940162000,1789458615941059000,41775429000,-897000,897000,33376000,33367000,False,True
1254,1254,1789458615973534000,1789458615974426000,41808801000,-892000,892000,33372000,33367000,False,True
1255,1255,1789458616006909000,1789458616007796000,41842176000,-887000,887000,33375000,33370000,False,True
1256,1256,1789458616040285000,1789458616041164000,41875552000,-879000,879000,33376000,33368000,False,True
1257,1257,1789458616073659000,1789458616074533000,41908926000,-874000,874000,33374000,33369000,False,True
1258,1258,1789458616107033000,1789458616107901000,41942300000,-868000,868000,33374000,33368000,False,True
1259,1259,1789458616140408000,1789458616141269000,41975675000,-861000,861000,33375000,33368000,False,True
1260,1260,1789458616173785000,1789458616174642000,42009052000,-857000,857000,33377000,33373000,False,True
1261,1261,1789458616207160000,1789458616208010000,42042427000,-850000,850000,33375000,33368000,False,True
1262,1262,1789458616240535000,1789458616241380000,42075802000,-845000,845000,33375000,33370000,False,True
1263,1263,1789458616273912000,1789458616274748000,42109179000,-836000,836000,33377000,33368000,False,True
1264,1264,1789458616307289000,1789458616308121000,42142556000,-832000,832000,33377000,33373000,False,True
1265,1265,1789458616340663000,1789458616341490000,42175930000,-827000,827000,33374000,33369000,False,True
1266,1266,1789458616374042000,1789458616374857000,42209309000,-815000,815000,33379000,33367000,False,True
1267,1267,1789458616407417000,1789458616408226000,42242684000,-809000,809000,33375000,33369000,False,True
1268,1268,1789458616440791000,1789458616441594000,42276058000,-803000,803000,33374000,33368000,False,True
1269,1269,1789458616474165000,1789458616474962000,42309432000,-797000,797000,33374000,33368000,False,True
1270,1270,1789458616507538000,1789458616508330000,42342805000,-792000,792000,33373000,33368000,False,True
1271,1271,1789458616540914000,1789458616541700000,42376181000,-786000,786000,33376000,33370000,False,True
1272,1272,1789458616574294000,1789458616575069000,42409561000,-775000,775000,33380000,33369000,False,True
1273,1273,1789458616607667000,1789458616608437000,42442934000,-770000,770000,33373000,33368000,False,True
1274,1274,1789458616641041000,1789458616641805000,42476308000,-764000,764000,33374000,33368000,False,True
1275,1275,1789458616674421000,1789458616675173000,42509688000,-752000,752000,33380000,33368000,False,True
1276,1276,1789458616707794000,1789458616708542000,42543061000,-748000,748000,33373000,33369000,False,True
1277,1277,1789458616741168000,1789458616741910000,42576435000,-742000,742000,33374000,33368000,False,True
1278,1278,1789458616774541000,1789458616775277000,42609808000,-736000,736000,33373000,33367000,False,True
1279,1279,1789458616807914000,1789458616808647000,42643181000,-733000,733000,33373000,33370000,False,True
1280,1280,1789458616841288000,1789458616842015000,42676555000,-727000,727000,33374000,33368000,False,True
1281,1281,1789458616874661000,1789458616875383000,42709928000,-722000,722000,33373000,33368000,False,True
1282,1282,1789458616908033000,1789458616908751000,42743300000,-718000,718000,33372000,33368000,False,True
1283,1283,1789458616941407000,1789458616942120000,42776674000,-713000,713000,33374000,33369000,False,True
1284,1284,1789458616974780000,1789458616975489000,42810047000,-709000,709000,33373000,33369000,False,True
1285,1285,1789458617008153000,1789458617008856000,42843420000,-703000,703000,33373000,33367000,False,True
1286,1286,1789458617041526000,1789458617042224000,42876793000,-698000,698000,33373000,33368000,False,True
1287,1287,1789458617074898000,1789458617075593000,42910165000,-695000,695000,33372000,33369000,False,True
1288,1288,1789458617108272000,1789458617108961000,42943539000,-689000,689000,33374000,33368000,False,True
1289,1289,1789458617141645000,1789458617142331000,42976912000,-686000,686000,33373000,33370000,False,True
1290,1290,1789458617175017000,1789458617175697000,43010284000,-680000,680000,33372000,33366000,False,True
1291,1291,1789458617208390000,1789458617209066000,43043657000,-676000,676000,33373000,33369000,False,True
1292,1292,1789458617241763000,1789458617242434000,43077030000,-671000,671000,33373000,33368000,False,True
1293,1293,1789458617275136000,1789458617275803000,43110403000,-667000,667000,33373000,33369000,False,True
1294,1294,1789458617308508000,1789458617309170000,43143775000,-662000,662000,33372000,33367000,False,True
1295,1295,1789458617341881000,1789458617342539000,43177148000,-658000,658000,33373000,33369000,False,True
1296,1296,1789458617375254000,1789458617375907000,43210521000,-653000,653000,33373000,33368000,False,True
1297,1297,1789458617408627000,1789458617409276000,43243894000,-649000,649000,33373000,33369000,False,True
1298,1298,1789458617441999000,1789458617442644000,43277266000,-645000,645000,33372000,33368000,False,True
1299,1299,1789458617475371000,1789458617476012000,43310638000,-641000,641000,33372000,33368000,False,True
1300,1300,1789458617508745000,1789458617509381000,43344012000,-636000,636000,33374000,33369000,False,True
1301,1301,1789458617542118000,1789458617542750000,43377385000,-632000,632000,33373000,33369000,False,True
1302,1302,1789458617575489000,1789458617576117000,43410756000,-628000,628000,33371000,33367000,False,True
1303,1303,1789458617608862000,1789458617609485000,43444129000,-623000,623000,33373000,33368000,False,True
1304,1304,1789458617642235000,1789458617642855000,43477502000,-620000,620000,33373000,33370000,False,True
1305,1305,1789458617675608000,1789458617676224000,43510875000,-616000,616000,33373000,33369000,False,True
1306,1306,1789458617708979000,1789458617709590000,43544246000,-611000,611000,33371000,33366000,False,True
1307,1307,1789458617742352000,1789458617742959000,43577619000,-607000,607000,33373000,33369000,False,True
1308,1308,1789458617775724000,1789458617776328000,43610991000,-604000,604000,33372000,33369000,False,True
1309,1309,1789458617809097000,1789458617809696000,43644364000,-599000,599000,33373000,33368000,False,True
1310,1310,1789458617842469000,1789458617843064000,43677736000,-595000,595000,33372000,33368000,False,True
1311,1311,1789458617875840000,1789458617876434000,43711107000,-594000,594000,33371000,33370000,False,True
1312,1312,1789458617909214000,1789458617909802000,43744481000,-588000,588000,33374000,33368000,False,True
1313,1313,1789458617942586000,1789458617943171000,43777853000,-585000,585000,33372000,33369000,False,True
1314,1314,1789458617975957000,1789458617976539000,43811224000,-582000,582000,33371000,33368000,False,True
1315,1315,1789458618009330000,1789458618009908000,43844597000,-578000,578000,33373000,33369000,False,True
1316,1316,1789458618042702000,1789458618043277000,43877969000,-575000,575000,33372000,33369000,False,True
1317,1317,1789458618076074000,1789458618076644000,43911341000,-570000,570000,33372000,33367000,False,True
1318,1318,1789458618109447000,1789458618110014000,43944714000,-567000,567000,33373000,33370000,False,True
1319,1319,1789458618142823000,1789458618143384000,43978090000,-561000,561000,33376000,33370000,False,True
1320,1320,1789458618176195000,1789458618176752000,44011462000,-557000,557000,33372000,33368000,False,True
1321,1321,1789458618209570000,1789458618210123000,44044837000,-553000,553000,33375000,33371000,False,True
1322,1322,1789458618242943000,1789458618243492000,44078210000,-549000,549000,33373000,33369000,False,True
1323,1323,1789458618276318000,1789458618276864000,44111585000,-546000,546000,33375000,33372000,False,True
1324,1324,1789458618309691000,1789458618310233000,44144958000,-542000,542000,33373000,33369000,False,True
1325,1325,1789458618343064000,1789458618343601000,44178331000,-537000,537000,33373000,33368000,False,True
1326,1326,1789458618376435000,1789458618376968000,44211702000,-533000,533000,33371000,33367000,False,True
1327,1327,1789458618409807000,1789458618410337000,44245074000,-530000,530000,33372000,33369000,False,True
1328,1328,1789458618443178000,1789458618443707000,44278445000,-529000,529000,33371000,33370000,False,True
1329,1329,1789458618476556000,1789458618477075000,44311823000,-519000,519000,33378000,33368000,False,True
1330,1330,1789458618509930000,1789458618510446000,44345197000,-516000,516000,33374000,33371000,False,True
1331,1331,1789458618543303000,1789458618543815000,44378570000,-512000,512000,33373000,33369000,False,True
1332,1332,1789458618576676000,1789458618577183000,44411943000,-507000,507000,33373000,33368000,False,True
1333,1333,1789458618610049000,1789458618610552000,44445316000,-503000,503000,33373000,33369000,False,True
1334,1334,1789458618643422000,1789458618643921000,44478689000,-499000,499000,33373000,33369000,True,True
1335,1335,1789458618676794000,1789458618677291000,44512061000,-497000,497000,33372000,33370000,True,True
1336,1336,1789458618710167000,1789458618710660000,44545434000,-493000,493000,33373000,33369000,True,True
1337,1337,1789458618743539000,1789458618744029000,44578806000,-490000,490000,33372000,33369000,True,True
1338,1338,1789458618776910000,1789458618777396000,44612177000,-486000,486000,33371000,33367000,True,True
1339,1339,1789458618810281000,1789458618810764000,44645548000,-483000,483000,33371000,33368000,True,True
1340,1340,1789458618843653000,1789458618844134000,44678920000,-481000,481000,33372000,33370000,True,True
1341,1341,1789458618877027000,1789458618877503000,44712294000,-476000,476000,33374000,33369000,True,True
1342,1342,1789458618910399000,1789458618910871000,44745666000,-472000,472000,33372000,33368000,True,True
1343,1343,1789458618943771000,1789458618944240000,44779038000,-469000,469000,33372000,33369000,True,True
1344,1344,1789458618977145000,1789458618977611000,44812412000,-466000,466000,33374000,33371000,True,True
1345,1345,1789458619010518000,1789458619010979000,44845785000,-461000,461000,33373000,33368000,True,True
1346,1346,1789458619043888000,1789458619044349000,44879155000,-461000,461000,33370000,33370000,True,True
1347,1347,1789458619077260000,1789458619077717000,44912527000,-457000,457000,33372000,33368000,True,True
1348,1348,1789458619110632000,1789458619111085000,44945899000,-453000,453000,33372000,33368000,True,True
1349,1349,1789458619144003000,1789458619144453000,44979270000,-450000,450000,33371000,33368000,True,True
1350,1350,1789458619177373000,1789458619177822000,45012640000,-449000,449000,33370000,33369000,True,True
1351,1351,1789458619210748000,1789458619211193000,45046015000,-445000,445000,33375000,33371000,True,True
1352,1352,1789458619244119000,1789458619244561000,45079386000,-442000,442000,33371000,33368000,True,True
1353,1353,1789458619277491000,1789458619277930000,45112758000,-439000,439000,33372000,33369000,True,True
1354,1354,1789458619310864000,1789458619311299000,45146131000,-435000,435000,33373000,33369000,True,True
1355,1355,1789458619344243000,1789458619344666000,45179510000,-423000,423000,33379000,33367000,True,True
1356,1356,1789458619377615000,1789458619378035000,45212882000,-420000,420000,33372000,33369000,True,True
1357,1357,1789458619410989000,1789458619411407000,45246256000,-418000,418000,33374000,33372000,True,True
1358,1358,1789458619444359000,1789458619444774000,45279626000,-415000,415000,33370000,33367000,True,True
1359,1359,1789458619477734000,1789458619478146000,45313001000,-412000,412000,33375000,33372000,True,True
1360,1360,1789458619511105000,1789458619511515000,45346372000,-410000,410000,33371000,33369000,True,True
1361,1361,1789458619544475000,1789458619544882000,45379742000,-407000,407000,33370000,33367000,True,True
1362,1362,1789458619577847000,1789458619578252000,45413114000,-405000,405000,33372000,33370000,True,True
1363,1363,1789458619611220000,1789458619611620000,45446487000,-400000,400000,33373000,33368000,True,True
1364,1364,1789458619644591000,1789458619644990000,45479858000,-399000,399000,33371000,33370000,True,True
1365,1365,1789458619677961000,1789458619678357000,45513228000,-396000,396000,33370000,33367000,True,True
1366,1366,1789458619711332000,1789458619711725000,45546599000,-393000,393000,33371000,33368000,True,True
1367,1367,1789458619744703000,1789458619745095000,45579970000,-392000,392000,33371000,33370000,True,True
1368,1368,1789458619778072000,1789458619778461000,45613339000,-389000,389000,33369000,33366000,True,True
1369,1369,1789458619811444000,1789458619811830000,45646711000,-386000,386000,33372000,33369000,True,True
1370,1370,1789458619844815000,1789458619845198000,45680082000,-383000,383000,33371000,33368000,True,True
1371,1371,1789458619878186000,1789458619878567000,45713453000,-381000,381000,33371000,33369000,True,True
1372,1372,1789458619911557000,1789458619911936000,45746824000,-379000,379000,33371000,33369000,True,True
1373,1373,1789458619944927000,1789458619945304000,45780194000,-377000,377000,33370000,33368000,True,True
1374,1374,1789458619978299000,1789458619978672000,45813566000,-373000,373000,33372000,33368000,True,True
1375,1375,1789458620011671000,1789458620012042000,45846938000,-371000,371000,33372000,33370000,True,True
1376,1376,1789458620045042000,1789458620045412000,45880309000,-370000,370000,33371000,33370000,True,True
1377,1377,1789458620078413000,1789458620078779000,45913680000,-366000,366000,33371000,33367000,True,True
1378,1378,1789458620111784000,1789458620112148000,45947051000,-364000,364000,33371000,33369000,True,True
1379,1379,1789458620145155000,1789458620145516000,45980422000,-361000,361000,33371000,33368000,True,True
1380,1380,1789458620178525000,1789458620178885000,46013792000,-360000,360000,33370000,33369000,True,True
1381,1381,1789458620211895000,1789458620212253000,46047162000,-358000,358000,33370000,33368000,True,True
1382,1382,1789458620245267000,1789458620245621000,46080534000,-354000,354000,33372000,33368000,True,True
1383,1383,1789458620278637000,1789458620278989000,46113904000,-352000,352000,33370000,33368000,True,True
1384,1384,1789458620312008000,1789458620312358000,46147275000,-350000,350000,33371000,33369000,True,True
1385,1385,1789458620345380000,1789458620345727000,46180647000,-347000,347000,33372000,33369000,True,True
1386,1386,1789458620378751000,1789458620379096000,46214018000,-345000,345000,33371000,33369000,True,True
1387,1387,1789458620412122000,1789458620412464000,46247389000,-342000,342000,33371000,33368000,True,True
1388,1388,1789458620445492000,1789458620445833000,46280759000,-341000,341000,33370000,33369000,True,True
1389,1389,1789458620478863000,1789458620479201000,46314130000,-338000,338000,33371000,33368000,True,True
1390,1390,1789458620512234000,1789458620512570000,46347501000,-336000,336000,33371000,33369000,True,True
1391,1391,1789458620545605000,1789458620545938000,46380872000,-333000,333000,33371000,33368000,True,True
1392,1392,1789458620578976000,1789458620579307000,46414243000,-331000,331000,33371000,33369000,True,True
1393,1393,1789458620612346000,1789458620612675000,46447613000,-329000,329000,33370000,33368000,True,True
1394,1394,1789458620645718000,1789458620646045000,46480985000,-327000,327000,33372000,33370000,True,True
1395,1395,1789458620679087000,1789458620679411000,46514354000,-324000,324000,33369000,33366000,True,True
1396,1396,1789458620712458000,1789458620712781000,46547725000,-323000,323000,33371000,33370000,True,True
1397,1397,1789458620745830000,1789458620746149000,46581097000,-319000,319000,33372000,33368000,True,True
1398,1398,1789458620779199000,1789458620779518000,46614466000,-319000,319000,33369000,33369000,True,True
1399,1399,1789458620812570000,1789458620812887000,46647837000,-317000,317000,33371000,33369000,True,True
1400,1400,1789458620845941000,1789458620846255000,46681208000,-314000,314000,33371000,33368000,True,True
1401,1401,1789458620879312000,1789458620879624000,46714579000,-312000,312000,33371000,33369000,True,True
1402,1402,1789458620912684000,1789458620912994000,46747951000,-310000,310000,33372000,33370000,True,True
1403,1403,1789458620946055000,1789458620946362000,46781322000,-307000,307000,33371000,33368000,True,True
1404,1404,1789458620979428000,1789458620979732000,46814695000,-304000,304000,33373000,33370000,True,True
1405,1405,1789458621012798000,1789458621013101000,46848065000,-303000,303000,33370000,33369000,True,True
1406,1406,1789458621046169000,1789458621046470000,46881436000,-301000,301000,33371000,33369000,True,True
1407,1407,1789458621079543000,1789458621079842000,46914810000,-299000,299000,33374000,33372000,True,True
1408,1408,1789458621112918000,1789458621113211000,46948185000,-293000,293000,33375000,33369000,True,True
1409,1409,1789458621146288000,1789458621146580000,46981555000,-292000,292000,33370000,33369000,True,True
1410,1410,1789458621179659000,1789458621179948000,47014926000,-289000,289000,33371000,33368000,True,True
1411,1411,1789458621213028000,1789458621213315000,47048295000,-287000,287000,33369000,33367000,True,True
1412,1412,1789458621246400000,1789458621246685000,47081667000,-285000,285000,33372000,33370000,True,True
1413,1413,1789458621279771000,1789458621280054000,47115038000,-283000,283000,33371000,33369000,True,True
1414,1414,1789458621313142000,1789458621313422000,47148409000,-280000,280000,33371000,33368000,True,True
1415,1415,1789458621346511000,1789458621346790000,47181778000,-279000,279000,33369000,33368000,True,True
1416,1416,1789458621379887000,1789458621380158000,47215154000,-271000,271000,33376000,33368000,True,True
1417,1417,1789458621413258000,1789458621413528000,47248525000,-270000,270000,33371000,33370000,True,True
1418,1418,1789458621446629000,1789458621446897000,47281896000,-268000,268000,33371000,33369000,True,True
1419,1419,1789458621480002000,1789458621480269000,47315269000,-267000,267000,33373000,33372000,True,True
1420,1420,1789458621513374000,1789458621513638000,47348641000,-264000,264000,33372000,33369000,True,True
1421,1421,1789458621546746000,1789458621547007000,47382013000,-261000,261000,33372000,33369000,True,True
1422,1422,1789458621580119000,1789458621580379000,47415386000,-260000,260000,33373000,33372000,True,True
1423,1423,1789458621613493000,1789458621613749000,47448760000,-256000,256000,33374000,33370000,True,True
1424,1424,1789458621646864000,1789458621647120000,47482131000,-256000,256000,33371000,33371000,True,True
1425,1425,1789458621680237000,1789458621680489000,47515504000,-252000,252000,33373000,33369000,True,True
1426,1426,1789458621713613000,1789458621713858000,47548880000,-245000,245000,33376000,33369000,True,True
1427,1427,1789458621746986000,1789458621747229000,47582253000,-243000,243000,33373000,33371000,True,True
1428,1428,1789458621780356000,1789458621780597000,47615623000,-241000,241000,33370000,33368000,True,True
1429,1429,1789458621813727000,1789458621813966000,47648994000,-239000,239000,33371000,33369000,True,True
1430,1430,1789458621847096000,1789458621847334000,47682363000,-238000,238000,33369000,33368000,True,True
1431,1431,1789458621880465000,1789458621880702000,47715732000,-237000,237000,33369000,33368000,True,True
1432,1432,1789458621913836000,1789458621914071000,47749103000,-235000,235000,33371000,33369000,True,True
1433,1433,1789458621947207000,1789458621947440000,47782474000,-233000,233000,33371000,33369000,True,True
1434,1434,1789458621980577000,1789458621980809000,47815844000,-232000,232000,33370000,33369000,True,True
1435,1435,1789458622013946000,1789458622014176000,47849213000,-230000,230000,33369000,33367000,True,True
1436,1436,1789458622047316000,1789458622047546000,47882583000,-230000,230000,33370000,33370000,True,True
1437,1437,1789458622080688000,1789458622080916000,47915955000,-228000,228000,33372000,33370000,True,True
1438,1438,1789458622114063000,1789458622114284000,47949330000,-221000,221000,33375000,33368000,True,True
1439,1439,1789458622147433000,1789458622147651000,47982700000,-218000,218000,33370000,33367000,True,True
1440,1440,1789458622180812000,1789458622181020000,48016079000,-208000,208000,33379000,33369000,True,True
1441,1441,1789458622214180000,1789458622214388000,48049447000,-208000,208000,33368000,33368000,True,True
1442,1442,1789458622247552000,1789458622247758000,48082819000,-206000,206000,33372000,33370000,True,True
1443,1443,1789458622280921000,1789458622281126000,48116188000,-205000,205000,33369000,33368000,True,True
1444,1444,1789458622314292000,1789458622314494000,48149559000,-202000,202000,33371000,33368000,True,True
1445,1445,1789458622347660000,1789458622347861000,48182927000,-201000,201000,33368000,33367000,True,True
1446,1446,1789458622381029000,1789458622381232000,48216296000,-203000,203000,33369000,33371000,True,True
1447,1447,1789458622414399000,1789458622414599000,48249666000,-200000,200000,33370000,33367000,True,True
1448,1448,1789458622447769000,1789458622447967000,48283036000,-198000,198000,33370000,33368000,True,True
1449,1449,1789458622481139000,1789458622481337000,48316406000,-198000,198000,33370000,33370000,True,True
1450,1450,1789458622514508000,1789458622514706000,48349775000,-198000,198000,33369000,33369000,True,True
1451,1451,1789458622547878000,1789458622548073000,48383145000,-195000,195000,33370000,33367000,True,True
1452,1452,1789458622581249000,1789458622581444000,48416516000,-195000,195000,33371000,33371000,True,True
1453,1453,1789458622614619000,1789458622614811000,48449886000,-192000,192000,33370000,33367000,True,True
1454,1454,1789458622647990000,1789458622648181000,48483257000,-191000,191000,33371000,33370000,True,True
1455,1455,1789458622681361000,1789458622681551000,48516628000,-190000,190000,33371000,33370000,True,True
1456,1456,1789458622714732000,1789458622714920000,48549999000,-188000,188000,33371000,33369000,True,True
1457,1457,1789458622748102000,1789458622748287000,48583369000,-185000,185000,33370000,33367000,True,True
1458,1458,1789458622781471000,1789458622781656000,48616738000,-185000,185000,33369000,33369000,True,True
1459,1459,1789458622814842000,1789458622815025000,48650109000,-183000,183000,33371000,33369000,True,True
1460,1460,1789458622848211000,1789458622848393000,48683478000,-182000,182000,33369000,33368000,True,True
1461,1461,1789458622881580000,1789458622881761000,48716847000,-181000,181000,33369000,33368000,True,True
1462,1462,1789458622914953000,1789458622915131000,48750220000,-178000,178000,33373000,33370000,True,True
1463,1463,1789458622948322000,1789458622948501000,48783589000,-179000,179000,33369000,33370000,True,True
1464,1464,1789458622981692000,1789458622981870000,48816959000,-178000,178000,33370000,33369000,True,True
1465,1465,1789458623015061000,1789458623015237000,48850328000,-176000,176000,33369000,33367000,True,True
1466,1466,1789458623048431000,1789458623048607000,48883698000,-176000,176000,33370000,33370000,True,True
1467,1467,1789458623081803000,1789458623081976000,48917070000,-173000,173000,33372000,33369000,True,True
1468,1468,1789458623115172000,1789458623115344000,48950439000,-172000,172000,33369000,33368000,True,True
1469,1469,1789458623148544000,1789458623148714000,48983811000,-170000,170000,33372000,33370000,True,True
1470,1470,1789458623181915000,1789458623182083000,49017182000,-168000,168000,33371000,33369000,True,True
1471,1471,1789458623215283000,1789458623215451000,49050550000,-168000,168000,33368000,33368000,True,True
1472,1472,1789458623248654000,1789458623248820000,49083921000,-166000,166000,33371000,33369000,True,True
1473,1473,1789458623282023000,1789458623282188000,49117290000,-165000,165000,33369000,33368000,True,True
1474,1474,1789458623315393000,1789458623315558000,49150660000,-165000,165000,33370000,33370000,True,True
1475,1475,1789458623348763000,1789458623348926000,49184030000,-163000,163000,33370000,33368000,True,True
1476,1476,1789458623382133000,1789458623382294000,49217400000,-161000,161000,33370000,33368000,True,True
1477,1477,1789458623415504000,1789458623415664000,49250771000,-160000,160000,33371000,33370000,True,True
1478,1478,1789458623448874000,1789458623449032000,49284141000,-158000,158000,33370000,33368000,True,True
1479,1479,1789458623482245000,1789458623482401000,49317512000,-156000,156000,33371000,33369000,True,True
1480,1480,1789458623515614000,1789458623515770000,49350881000,-156000,156000,33369000,33369000,True,True
1481,1481,1789458623548985000,1789458623549139000,49384252000,-154000,154000,33371000,33369000,True,True
1482,1482,1789458623582355000,1789458623582509000,49417622000,-154000,154000,33370000,33370000,True,True
1483,1483,1789458623615725000,1789458623615877000,49450992000,-152000,152000,33370000,33368000,True,True
1484,1484,1789458623649099000,1789458623649246000,49484366000,-147000,147000,33374000,33369000,True,True
1485,1485,1789458623682473000,1789458623682617000,49517740000,-144000,144000,33374000,33371000,True,True
1486,1486,1789458623715847000,1789458623715986000,49551114000,-139000,139000,33374000,33369000,True,True
1487,1487,1789458623749221000,1789458623749359000,49584488000,-138000,138000,33374000,33373000,True,True
1488,1488,1789458623782591000,1789458623782729000,49617858000,-138000,138000,33370000,33370000,True,True
1489,1489,1789458623815961000,1789458623816097000,49651228000,-136000,136000,33370000,33368000,True,True
1490,1490,1789458623849336000,1789458623849466000,49684603000,-130000,130000,33375000,33369000,True,True
1491,1491,1789458623882707000,1789458623882835000,49717974000,-128000,128000,33371000,33369000,True,True
1492,1492,1789458623916079000,1789458623916204000,49751346000,-125000,125000,33372000,33369000,True,True
1493,1493,1789458623949448000,1789458623949574000,49784715000,-126000,126000,33369000,33370000,True,True
1494,1494,1789458623982818000,1789458623982943000,49818085000,-125000,125000,33370000,33369000,True,True
1495,1495,1789458624016186000,1789458624016310000,49851453000,-124000,124000,33368000,33367000,True,True
1496,1496,1789458624049555000,1789458624049679000,49884822000,-124000,124000,33369000,33369000,True,True
1497,1497,1789458624082930000,1789458624083048000,49918197000,-118000,118000,33375000,33369000,True,True
1498,1498,1789458624116299000,1789458624116415000,49951566000,-116000,116000,33369000,33367000,True,True
1499,1499,1789458624149671000,1789458624149785000,49984938000,-114000,114000,33372000,33370000,True,True
1500,1500,1789458624183040000,1789458624183154000,50018307000,-114000,114000,33369000,33369000,True,True
1501,1501,1789458624216410000,1789458624216523000,50051677000,-113000,113000,33370000,33369000,True,True
1502,1502,1789458624249782000,1789458624249893000,50085049000,-111000,111000,33372000,33370000,True,True
1503,1503,1789458624283152000,1789458624283262000,50118419000,-110000,110000,33370000,33369000,True,True
1504,1504,1789458624316523000,1789458624316632000,50151790000,-109000,109000,33371000,33370000,True,True
1505,1505,1789458624349892000,1789458624349999000,50185159000,-107000,107000,33369000,33367000,True,True
1506,1506,1789458624383262000,1789458624383370000,50218529000,-108000,108000,33370000,33371000,True,True
1507,1507,1789458624416631000,1789458624416738000,50251898000,-107000,107000,33369000,33368000,True,True
1508,1508,1789458624450007000,1789458624450106000,50285274000,-99000,99000,33376000,33368000,True,True
1509,1509,1789458624483376000,1789458624483475000,50318643000,-99000,99000,33369000,33369000,True,True
1510,1510,1789458624516746000,1789458624516844000,50352013000,-98000,98000,33370000,33369000,True,True
1511,1511,1789458624550115000,1789458624550212000,50385382000,-97000,97000,33369000,33368000,True,True
1512,1512,1789458624583484000,1789458624583581000,50418751000,-97000,97000,33369000,33369000,True,True
1513,1513,1789458624616853000,1789458624616949000,50452120000,-96000,96000,33369000,33368000,True,True
1514,1514,1789458624650223000,1789458624650318000,50485490000,-95000,95000,33370000,33369000,True,True
1515,1515,1789458624683593000,1789458624683688000,50518860000,-95000,95000,33370000,33370000,True,True
1516,1516,1789458624716962000,1789458624717055000,50552229000,-93000,93000,33369000,33367000,True,True
1517,1517,1789458624750332000,1789458624750425000,50585599000,-93000,93000,33370000,33370000,True,True
1518,1518,1789458624783701000,1789458624783792000,50618968000,-91000,91000,33369000,33367000,True,True
1519,1519,1789458624817070000,1789458624817161000,50652337000,-91000,91000,33369000,33369000,True,True
1520,1520,1789458624850440000,1789458624850531000,50685707000,-91000,91000,33370000,33370000,True,True
1521,1521,1789458624883807000,1789458624883898000,50719074000,-91000,91000,33367000,33367000,True,True
1522,1522,1789458624917177000,1789458624917267000,50752444000,-90000,90000,33370000,33369000,True,True
1523,1523,1789458624950547000,1789458624950636000,50785814000,-89000,89000,33370000,33369000,True,True
1524,1524,1789458624983917000,1789458624984005000,50819184000,-88000,88000,33370000,33369000,True,True
1525,1525,1789458625017285000,1789458625017372000,50852552000,-87000,87000,33368000,33367000,True,True
1526,1526,1789458625050655000,1789458625050741000,50885922000,-86000,86000,33370000,33369000,True,True
1527,1527,1789458625084026000,1789458625084112000,50919293000,-86000,86000,33371000,33371000,True,True
1528,1528,1789458625117394000,1789458625117480000,50952661000,-86000,86000,33368000,33368000,True,True
1529,1529,1789458625150764000,1789458625150848000,50986031000,-84000,84000,33370000,33368000,True,True
1530,1530,1789458625184132000,1789458625184218000,51019399000,-86000,86000,33368000,33370000,True,True
1531,1531,1789458625217501000,1789458625217584000,51052768000,-83000,83000,33369000,33366000,True,True
1532,1532,1789458625250869000,1789458625250954000,51086136000,-85000,85000,33368000,33370000,True,True
1533,1533,1789458625284241000,1789458625284325000,51119508000,-84000,84000,33372000,33371000,True,True
1534,1534,1789458625317611000,1789458625317694000,51152878000,-83000,83000,33370000,33369000,True,True
1535,1535,1789458625350978000,1789458625351062000,51186245000,-84000,84000,33367000,33368000,True,True
1536,1536,1789458625384350000,1789458625384431000,51219617000,-81000,81000,33372000,33369000,True,True
1537,1537,1789458625417721000,1789458625417802000,51252988000,-81000,81000,33371000,33371000,True,True
1538,1538,1789458625451092000,1789458625451172000,51286359000,-80000,80000,33371000,33370000,True,True
1539,1539,1789458625484460000,1789458625484542000,51319727000,-82000,82000,33368000,33370000,True,True
1540,1540,1789458625517829000,1789458625517911000,51353096000,-82000,82000,33369000,33369000,True,True
1541,1541,1789458625551198000,1789458625551278000,51386465000,-80000,80000,33369000,33367000,True,True
1542,1542,1789458625584567000,1789458625584646000,51419834000,-79000,79000,33369000,33368000,True,True
1543,1543,1789458625617937000,1789458625618015000,51453204000,-78000,78000,33370000,33369000,True,True
1544,1544,1789458625651313000,1789458625651385000,51486580000,-72000,72000,33376000,33370000,True,True
1545,1545,1789458625684681000,1789458625684752000,51519948000,-71000,71000,33368000,33367000,True,True
1546,1546,1789458625718050000,1789458625718121000,51553317000,-71000,71000,33369000,33369000,True,True
1547,1547,1789458625751420000,1789458625751491000,51586687000,-71000,71000,33370000,33370000,True,True
1548,1548,1789458625784789000,1789458625784860000,51620056000,-71000,71000,33369000,33369000,True,True
1549,1549,1789458625818165000,1789458625818228000,51653432000,-63000,63000,33376000,33368000,True,True
1550,1550,1789458625851534000,1789458625851597000,51686801000,-63000,63000,33369000,33369000,True,True
1551,1551,1789458625884906000,1789458625884968000,51720173000,-62000,62000,33372000,33371000,True,True
1552,1552,1789458625918275000,1789458625918337000,51753542000,-62000,62000,33369000,33369000,True,True
1553,1553,1789458625951648000,1789458625951707000,51786915000,-59000,59000,33373000,33370000,True,True
1554,1554,1789458625985019000,1789458625985077000,51820286000,-58000,58000,33371000,33370000,True,True
1555,1555,1789458626018387000,1789458626018445000,51853654000,-58000,58000,33368000,33368000,True,True
1556,1556,1789458626051756000,1789458626051814000,51887023000,-58000,58000,33369000,33369000,True,True
1557,1557,1789458626085127000,1789458626085183000,51920394000,-56000,56000,33371000,33369000,True,True
1558,1558,1789458626118494000,1789458626118550000,51953761000,-56000,56000,33367000,33367000,True,True
1559,1559,1789458626151864000,1789458626151920000,51987131000,-56000,56000,33370000,33370000,True,True
1560,1560,1789458626185238000,1789458626185289000,52020505000,-51000,51000,33374000,33369000,True,True
1561,1561,1789458626218606000,1789458626218656000,52053873000,-50000,50000,33368000,33367000,True,True
1562,1562,1789458626251975000,1789458626252025000,52087242000,-50000,50000,33369000,33369000,True,True
1563,1563,1789458626285344000,1789458626285394000,52120611000,-50000,50000,33369000,33369000,True,True
1564,1564,1789458626318714000,1789458626318762000,52153981000,-48000,48000,33370000,33368000,True,True
1565,1565,1789458626352081000,1789458626352131000,52187348000,-50000,50000,33367000,33369000,True,True
1566,1566,1789458626385450000,1789458626385499000,52220717000,-49000,49000,33369000,33368000,True,True
1567,1567,1789458626418818000,1789458626418868000,52254085000,-50000,50000,33368000,33369000,True,True
1568,1568,1789458626452188000,1789458626452236000,52287455000,-48000,48000,33370000,33368000,True,True
1569,1569,1789458626485559000,1789458626485605000,52320826000,-46000,46000,33371000,33369000,True,True
1570,1570,1789458626518927000,1789458626518974000,52354194000,-47000,47000,33368000,33369000,True,True
1571,1571,1789458626552296000,1789458626552342000,52387563000,-46000,46000,33369000,33368000,True,True
1572,1572,1789458626585664000,1789458626585710000,52420931000,-46000,46000,33368000,33368000,True,True
1573,1573,1789458626619035000,1789458626619078000,52454302000,-43000,43000,33371000,33368000,True,True
1574,1574,1789458626652408000,1789458626652451000,52487675000,-43000,43000,33373000,33373000,True,True
1575,1575,1789458626685776000,1789458626685819000,52521043000,-43000,43000,33368000,33368000,True,True
1576,1576,1789458626719146000,1789458626719189000,52554413000,-43000,43000,33370000,33370000,True,True
1577,1577,1789458626752516000,1789458626752557000,52587783000,-41000,41000,33370000,33368000,True,True
1578,1578,1789458626785882000,1789458626785926000,52621149000,-44000,44000,33366000,33369000,True,True
1579,1579,1789458626819253000,1789458626819293000,52654520000,-40000,40000,33371000,33367000,True,True
1580,1580,1789458626852623000,1789458626852664000,52687890000,-41000,41000,33370000,33371000,True,True
1581,1581,1789458626885991000,1789458626886032000,52721258000,-41000,41000,33368000,33368000,True,True
1582,1582,1789458626919360000,1789458626919400000,52754627000,-40000,40000,33369000,33368000,True,True
1583,1583,1789458626952729000,1789458626952769000,52787996000,-40000,40000,33369000,33369000,True,True
1584,1584,1789458626986098000,1789458626986137000,52821365000,-39000,39000,33369000,33368000,True,True
1585,1585,1789458627019466000,1789458627019506000,52854733000,-40000,40000,33368000,33369000,True,True
1586,1586,1789458627052838000,1789458627052877000,52888105000,-39000,39000,33372000,33371000,True,True
1587,1587,1789458627086207000,1789458627086246000,52921474000,-39000,39000,33369000,33369000,True,True
1588,1588,1789458627119578000,1789458627119617000,52954845000,-39000,39000,33371000,33371000,True,True
1589,1589,1789458627152947000,1789458627152985000,52988214000,-38000,38000,33369000,33368000,True,True
1590,1590,1789458627186316000,1789458627186354000,53021583000,-38000,38000,33369000,33369000,True,True
1591,1591,1789458627219685000,1789458627219724000,53054952000,-39000,39000,33369000,33370000,True,True
1592,1592,1789458627253056000,1789458627253092000,53088323000,-36000,36000,33371000,33368000,True,True
1593,1593,1789458627286424000,1789458627286460000,53121691000,-36000,36000,33368000,33368000,True,True
1594,1594,1789458627319793000,1789458627319830000,53155060000,-37000,37000,33369000,33370000,True,True
1595,1595,1789458627353170000,1789458627353198000,53188437000,-28000,28000,33377000,33368000,True,True
1596,1596,1789458627386538000,1789458627386567000,53221805000,-29000,29000,33368000,33369000,True,True
1597,1597,1789458627419908000,1789458627419936000,53255175000,-28000,28000,33370000,33369000,True,True
1598,1598,1789458627453277000,1789458627453304000,53288544000,-27000,27000,33369000,33368000,True,True
1599,1599,1789458627486645000,1789458627486673000,53321912000,-28000,28000,33368000,33369000,True,True
1600,1600,1789458627520016000,1789458627520043000,53355283000,-27000,27000,33371000,33370000,True,True
1601,1601,1789458627553384000,1789458627553411000,53388651000,-27000,27000,33368000,33368000,True,True
1602,1602,1789458627586754000,1789458627586781000,53422021000,-27000,27000,33370000,33370000,True,True
1603,1603,1789458627620122000,1789458627620148000,53455389000,-26000,26000,33368000,33367000,True,True
1604,1604,1789458627653493000,1789458627653518000,53488760000,-25000,25000,33371000,33370000,True,True
1605,1605,1789458627686860000,1789458627686886000,53522127000,-26000,26000,33367000,33368000,True,True
1606,1606,1789458627720230000,1789458627720255000,53555497000,-25000,25000,33370000,33369000,True,True
1607,1607,1789458627753598000,1789458627753622000,53588865000,-24000,24000,33368000,33367000,True,True
1608,1608,1789458627786969000,1789458627786993000,53622236000,-24000,24000,33371000,33371000,True,True
1609,1609,1789458627820340000,1789458627820363000,53655607000,-23000,23000,33371000,33370000,True,True
1610,1610,1789458627853707000,1789458627853732000,53688974000,-25000,25000,33367000,33369000,True,True
1611,1611,1789458627887076000,1789458627887100000,53722343000,-24000,24000,33369000,33368000,True,True
1612,1612,1789458627920444000,1789458627920468000,53755711000,-24000,24000,33368000,33368000,True,True
1613,1613,1789458627953813000,1789458627953837000,53789080000,-24000,24000,33369000,33369000,True,True
1614,1614,1789458627987183000,1789458627987208000,53822450000,-25000,25000,33370000,33371000,True,True
1615,1615,1789458628020552000,1789458628020575000,53855819000,-23000,23000,33369000,33367000,True,True
1616,1616,1789458628053921000,1789458628053944000,53889188000,-23000,23000,33369000,33369000,True,True
1617,1617,1789458628087291000,1789458628087313000,53922558000,-22000,22000,33370000,33369000,True,True
1618,1618,1789458628120661000,1789458628120684000,53955928000,-23000,23000,33370000,33371000,True,True
1619,1619,1789458628154031000,1789458628154052000,53989298000,-21000,21000,33370000,33368000,True,True
1620,1620,1789458628187400000,1789458628187421000,54022667000,-21000,21000,33369000,33369000,True,True
1621,1621,1789458628220768000,1789458628220789000,54056035000,-21000,21000,33368000,33368000,True,True
1622,1622,1789458628254142000,1789458628254158000,54089409000,-16000,16000,33374000,33369000,True,True
1623,1623,1789458628287513000,1789458628287529000,54122780000,-16000,16000,33371000,33371000,True,True
1624,1624,1789458628320883000,1789458628320898000,54156150000,-15000,15000,33370000,33369000,True,True
1625,1625,1789458628354257000,1789458628354266000,54189524000,-9000,9000,33374000,33368000,True,True
1626,1626,1789458628387625000,1789458628387634000,54222892000,-9000,9000,33368000,33368000,True,True
1627,1627,1789458628420994000,1789458628421003000,54256261000,-9000,9000,33369000,33369000,True,True
1628,1628,1789458628454361000,1789458628454371000,54289628000,-10000,10000,33367000,33368000,True,True
1629,1629,1789458628487730000,1789458628487740000,54322997000,-10000,10000,33369000,33369000,True,True
1630,1630,1789458628521100000,1789458628521110000,54356367000,-10000,10000,33370000,33370000,True,True
1631,1631,1789458628554470000,1789458628554479000,54389737000,-9000,9000,33370000,33369000,True,True
1632,1632,1789458628587844000,1789458628587852000,54423111000,-8000,8000,33374000,33373000,True,True
1633,1633,1789458628621214000,1789458628621221000,54456481000,-7000,7000,33370000,33369000,True,True
1634,1634,1789458628654582000,1789458628654589000,54489849000,-7000,7000,33368000,33368000,True,True
1635,1635,1789458628687950000,1789458628687958000,54523217000,-8000,8000,33368000,33369000,True,True
1636,1636,1789458628721319000,1789458628721327000,54556586000,-8000,8000,33369000,33369000,True,True
1637,1637,1789458628754690000,1789458628754697000,54589957000,-7000,7000,33371000,33370000,True,True
1638,1638,1789458628788058000,1789458628788066000,54623325000,-8000,8000,33368000,33369000,True,True
1639,1639,1789458628821427000,1789458628821433000,54656694000,-6000,6000,33369000,33367000,True,True
1640,1640,1789458628854798000,1789458628854804000,54690065000,-6000,6000,33371000,33371000,True,True
1641,1641,1789458628888167000,1789458628888174000,54723434000,-7000,7000,33369000,33370000,True,True
1642,1642,1789458628921536000,1789458628921543000,54756803000,-7000,7000,33369000,33369000,True,True
1643,1643,1789458628954905000,1789458628954911000,54790172000,-6000,6000,33369000,33368000,True,True
1644,1644,1789458628988273000,1789458628988281000,54823540000,-8000,8000,33368000,33370000,True,True
1645,1645,1789458629021642000,1789458629021648000,54856909000,-6000,6000,33369000,33367000,True,True
1646,1646,1789458629055012000,1789458629055017000,54890279000,-5000,5000,33370000,33369000,True,True
1647,1647,1789458629088382000,1789458629088387000,54923649000,-5000,5000,33370000,33370000,True,True
1648,1648,1789458629121750000,1789458629121755000,54957017000,-5000,5000,33368000,33368000,True,True
1649,1649,1789458629155120000,1789458629155123000,54990387000,-3000,3000,33370000,33368000,True,True
1650,1650,1789458629188489000,1789458629188493000,55023756000,-4000,4000,33369000,33370000,True,True
1651,1651,1789458629221858000,1789458629221862000,55057125000,-4000,4000,33369000,33369000,True,True
1652,1652,1789458629255226000,1789458629255229000,55090493000,-3000,3000,33368000,33367000,True,True
1653,1653,1789458629288596000,1789458629288600000,55123863000,-4000,4000,33370000,33371000,True,True
1654,1654,1789458629321966000,1789458629321970000,55157233000,-4000,4000,33370000,33370000,True,True
1655,1655,1789458629355336000,1789458629355339000,55190603000,-3000,3000,33370000,33369000,True,True
1656,1656,1789458629388704000,1789458629388709000,55223971000,-5000,5000,33368000,33370000,True,True
1657,1657,1789458629422072000,1789458629422075000,55257339000,-3000,3000,33368000,33366000,True,True
1658,1658,1789458629455442000,1789458629455445000,55290709000,-3000,3000,33370000,33370000,True,True
1659,1659,1789458629488810000,1789458629488815000,55324077000,-5000,5000,33368000,33370000,True,True
1660,1660,1789458629522178000,1789458629522182000,55357445000,-4000,4000,33368000,33367000,True,True
1661,1661,1789458629555547000,1789458629555551000,55390814000,-4000,4000,33369000,33369000,True,True
1662,1662,1789458629588916000,1789458629588920000,55424183000,-4000,4000,33369000,33369000,True,True
1663,1663,1789458629622283000,1789458629622287000,55457550000,-4000,4000,33367000,33367000,True,True
1664,1664,1789458629655652000,1789458629655656000,55490919000,-4000,4000,33369000,33369000,True,True
1665,1665,1789458629689023000,1789458629689027000,55524290000,-4000,4000,33371000,33371000,True,True
1666,1666,1789458629722392000,1789458629722397000,55557659000,-5000,5000,33369000,33370000,True,True
1667,1667,1789458629755762000,1789458629755766000,55591029000,-4000,4000,33370000,33369000,True,True
1668,1668,1789458629789131000,1789458629789135000,55624398000,-4000,4000,33369000,33369000,True,True
1669,1669,1789458629822499000,1789458629822502000,55657766000,-3000,3000,33368000,33367000,True,True
1670,1670,1789458629855869000,1789458629855872000,55691136000,-3000,3000,33370000,33370000,True,True
1671,1671,1789458629889238000,1789458629889242000,55724505000,-4000,4000,33369000,33370000,True,True
1672,1672,1789458629922605000,1789458629922609000,55757872000,-4000,4000,33367000,33367000,True,True
1673,1673,1789458629955976000,1789458629955979000,55791243000,-3000,3000,33371000,33370000,True,True
1674,1674,1789458629989345000,1789458629989349000,55824612000,-4000,4000,33369000,33370000,True,True
1675,1675,1789458630022713000,1789458630022716000,55857980000,-3000,3000,33368000,33367000,True,True
1676,1676,1789458630056082000,1789458630056085000,55891349000,-3000,3000,33369000,33369000,True,True
1677,1677,1789458630089450000,1789458630089453000,55924717000,-3000,3000,33368000,33368000,True,True
1678,1678,1789458630122819000,1789458630122822000,55958086000,-3000,3000,33369000,33369000,True,True
1679,1679,1789458630156188000,1789458630156190000,55991455000,-2000,2000,33369000,33368000,True,True
1680,1680,1789458630189556000,1789458630189558000,56024823000,-2000,2000,33368000,33368000,True,True
1681,1681,1789458630222925000,1789458630222926000,56058192000,-1000,1000,33369000,33368000,True,True
1682,1682,1789458630256293000,1789458630256296000,56091560000,-3000,3000,33368000,33370000,True,True
1683,1683,1789458630289661000,1789458630289664000,56124928000,-3000,3000,33368000,33368000,True,True
1684,1684,1789458630323029000,1789458630323031000,56158296000,-2000,2000,33368000,33367000,True,True
1685,1685,1789458630356400000,1789458630356401000,56191667000,-1000,1000,33371000,33370000,True,True
1686,1686,1789458630389767000,1789458630389769000,56225034000,-2000,2000,33367000,33368000,True,True
1687,1687,1789458630423136000,1789458630423138000,56258403000,-2000,2000,33369000,33369000,True,True
1688,1688,1789458630456504000,1789458630456506000,56291771000,-2000,2000,33368000,33368000,True,True
1689,1689,1789458630489875000,1789458630489877000,56325142000,-2000,2000,33371000,33371000,True,True
1690,1690,1789458630523242000,1789458630523244000,56358509000,-2000,2000,33367000,33367000,True,True
1691,1691,1789458630556610000,1789458630556614000,56391877000,-4000,4000,33368000,33370000,True,True
1692,1692,1789458630589978000,1789458630589981000,56425245000,-3000,3000,33368000,33367000,True,True
1693,1693,1789458630623349000,1789458630623353000,56458616000,-4000,4000,33371000,33372000,True,True
1694,1694,1789458630656719000,1789458630656722000,56491986000,-3000,3000,33370000,33369000,True,True
1695,1695,1789458630690092000,1789458630690093000,56525359000,-1000,1000,33373000,33371000,True,True
1696,1696,1789458630723463000,1789458630723465000,56558730000,-2000,2000,33371000,33372000,True,True
1697,1697,1789458630756832000,1789458630756834000,56592099000,-2000,2000,33369000,33369000,True,True
1698,1698,1789458630790201000,1789458630790202000,56625468000,-1000,1000,33369000,33368000,True,True
1699,1699,1789458630823573000,1789458630823573000,56658840000,0,0,33372000,33371000,True,True
1700,1700,1789458630856941000,1789458630856942000,56692208000,-1000,1000,33368000,33369000,True,True
1701,1701,1789458630890309000,1789458630890310000,56725576000,-1000,1000,33368000,33368000,True,True
1702,1702,1789458630923678000,1789458630923679000,56758945000,-1000,1000,33369000,33369000,True,True
1703,1703,1789458630957046000,1789458630957048000,56792313000,-2000,2000,33368000,33369000,True,True
1704,1704,1789458630990416000,1789458630990416000,56825683000,0,0,33370000,33368000,True,True
1705,1705,1789458631023789000,1789458631023789000,56859056000,0,0,33373000,33373000,True,True
1706,1706,1789458631057156000,1789458631057157000,56892423000,-1000,1000,33367000,33368000,True,True
1707,1707,1789458631090526000,1789458631090526000,56925793000,0,0,33370000,33369000,True,True
1708,1708,1789458631123895000,1789458631123894000,56959162000,1000,1000,33369000,33368000,True,True
1709,1709,1789458631157261000,1789458631157262000,56992528000,-1000,1000,33366000,33368000,True,True
1710,1710,1789458631190634000,1789458631190634000,57025901000,0,0,33373000,33372000,True,True
1711,1711,1789458631224004000,1789458631224004000,57059271000,0,0,33370000,33370000,True,True
1712,1712,1789458631257372000,1789458631257373000,57092639000,-1000,1000,33368000,33369000,True,True
1713,1713,1789458631290742000,1789458631290740000,57126009000,2000,2000,33370000,33367000,True,True
1714,1714,1789458631324110000,1789458631324109000,57159377000,1000,1000,33368000,33369000,True,True
1715,1715,1789458631357482000,1789458631357480000,57192749000,2000,2000,33372000,33371000,True,True
1716,1716,1789458631390849000,1789458631390848000,57226116000,1000,1000,33367000,33368000,True,True
1717,1717,1789458631424218000,1789458631424218000,57259485000,0,0,33369000,33370000,True,True
1718,1718,1789458631457586000,1789458631457585000,57292853000,1000,1000,33368000,33367000,True,True
1719,1719,1789458631490955000,1789458631490955000,57326222000,0,0,33369000,33370000,True,True
1720,1720,1789458631524324000,1789458631524324000,57359591000,0,0,33369000,33369000,True,True
1721,1721,1789458631557696000,1789458631557697000,57392963000,-1000,1000,33372000,33373000,True,True
1722,1722,1789458631591066000,1789458631591065000,57426333000,1000,1000,33370000,33368000,True,True
1723,1723,1789458631624436000,1789458631624435000,57459703000,1000,1000,33370000,33370000,True,True
1724,1724,1789458631657803000,1789458631657802000,57493070000,1000,1000,33367000,33367000,True,True
1725,1725,1789458631691172000,1789458631691171000,57526439000,1000,1000,33369000,33369000,True,True
1726,1726,1789458631724541000,1789458631724541000,57559808000,0,0,33369000,33370000,True,True
1727,1727,1789458631757908000,1789458631757908000,57593175000,0,0,33367000,33367000,True,True
1728,1728,1789458631791276000,1789458631791277000,57626543000,-1000,1000,33368000,33369000,True,True
1729,1729,1789458631824644000,1789458631824645000,57659911000,-1000,1000,33368000,33368000,True,True
1730,1730,1789458631858013000,1789458631858013000,57693280000,0,0,33369000,33368000,True,True
1731,1731,1789458631891382000,1789458631891383000,57726649000,-1000,1000,33369000,33370000,True,True
1732,1732,1789458631924749000,1789458631924749000,57760016000,0,0,33367000,33366000,True,True
1733,1733,1789458631958118000,1789458631958119000,57793385000,-1000,1000,33369000,33370000,True,True
1734,1734,1789458631991486000,1789458631991487000,57826753000,-1000,1000,33368000,33368000,True,True
1735,1735,1789458632024855000,1789458632024856000,57860122000,-1000,1000,33369000,33369000,True,True
1736,1736,1789458632058223000,1789458632058224000,57893490000,-1000,1000,33368000,33368000,True,True
1737,1737,1789458632091593000,1789458632091593000,57926860000,0,0,33370000,33369000,True,True
1738,1738,1789458632124959000,1789458632124961000,57960226000,-2000,2000,33366000,33368000,True,True
1739,1739,1789458632158328000,1789458632158330000,57993595000,-2000,2000,33369000,33369000,True,True
1740,1740,1789458632191696000,1789458632191698000,58026963000,-2000,2000,33368000,33368000,True,True
1741,1741,1789458632225064000,1789458632225066000,58060331000,-2000,2000,33368000,33368000,True,True
1742,1742,1789458632258433000,1789458632258435000,58093700000,-2000,2000,33369000,33369000,True,True
1743,1743,1789458632291801000,1789458632291804000,58127068000,-3000,3000,33368000,33369000,True,True
1744,1744,1789458632325170000,1789458632325172000,58160437000,-2000,2000,33369000,33368000,True,True
1745,1745,1789458632358538000,1789458632358541000,58193805000,-3000,3000,33368000,33369000,True,True
1746,1746,1789458632391907000,1789458632391909000,58227174000,-2000,2000,33369000,33368000,True,True
1747,1747,1789458632425275000,1789458632425278000,58260542000,-3000,3000,33368000,33369000,True,True
1748,1748,1789458632458644000,1789458632458646000,58293911000,-2000,2000,33369000,33368000,True,True
1749,1749,1789458632492012000,1789458632492016000,58327279000,-4000,4000,33368000,33370000,True,True
1750,1750,1789458632525381000,1789458632525383000,58360648000,-2000,2000,33369000,33367000,True,True
1751,1751,1789458632558750000,1789458632558752000,58394017000,-2000,2000,33369000,33369000,True,True
1752,1752,1789458632592117000,1789458632592119000,58427384000,-2000,2000,33367000,33367000,True,True
1753,1753,1789458632625486000,1789458632625489000,58460753000,-3000,3000,33369000,33370000,True,True
1754,1754,1789458632658855000,1789458632658857000,58494122000,-2000,2000,33369000,33368000,True,True
1755,1755,1789458632692223000,1789458632692225000,58527490000,-2000,2000,33368000,33368000,True,True
1756,1756,1789458632725591000,1789458632725595000,58560858000,-4000,4000,33368000,33370000,True,True
1757,1757,1789458632758961000,1789458632758964000,58594228000,-3000,3000,33370000,33369000,True,True
1758,1758,1789458632792328000,1789458632792331000,58627595000,-3000,3000,33367000,33367000,True,True
1759,1759,1789458632825698000,1789458632825701000,58660965000,-3000,3000,33370000,33370000,True,True
1760,1760,1789458632859067000,1789458632859069000,58694334000,-2000,2000,33369000,33368000,True,True
1761,1761,1789458632892434000,1789458632892438000,58727701000,-4000,4000,33367000,33369000,True,True
1762,1762,1789458632925804000,1789458632925805000,58761071000,-1000,1000,33370000,33367000,True,True
1763,1763,1789458632959172000,1789458632959175000,58794439000,-3000,3000,33368000,33370000,True,True
1764,1764,1789458632992541000,1789458632992544000,58827808000,-3000,3000,33369000,33369000,True,True
1765,1765,1789458633025909000,1789458633025912000,58861176000,-3000,3000,33368000,33368000,True,True
1766,1766,1789458633059278000,1789458633059281000,58894545000,-3000,3000,33369000,33369000,True,True
1767,1767,1789458633092646000,1789458633092649000,58927913000,-3000,3000,33368000,33368000,True,True
1768,1768,1789458633126019000,1789458633126021000,58961286000,-2000,2000,33373000,33372000,True,True
1769,1769,1789458633159387000,1789458633159390000,58994654000,-3000,3000,33368000,33369000,True,True
1770,1770,1789458633192755000,1789458633192757000,59028022000,-2000,2000,33368000,33367000,True,True
1771,1771,1789458633226124000,1789458633226128000,59061391000,-4000,4000,33369000,33371000,True,True
1772,1772,1789458633259493000,1789458633259495000,59094760000,-2000,2000,33369000,33367000,True,True
1773,1773,1789458633292861000,1789458633292863000,59128128000,-2000,2000,33368000,33368000,True,True
1774,1774,1789458633326229000,1789458633326231000,59161496000,-2000,2000,33368000,33368000,True,True
1775,1775,1789458633359598000,1789458633359601000,59194865000,-3000,3000,33369000,33370000,True,True
1776,1776,1789458633392966000,1789458633392969000,59228233000,-3000,3000,33368000,33368000,True,True
1777,1777,1789458633426335000,1789458633426338000,59261602000,-3000,3000,33369000,33369000,True,True
1778,1778,1789458633459707000,1789458633459707000,59294974000,0,0,33372000,33369000,True,True
1779,1779,1789458633493078000,1789458633493077000,59328345000,1000,1000,33371000,33370000,True,True
1780,1780,1789458633526449000,1789458633526448000,59361716000,1000,1000,33371000,33371000,True,True
1781,1781,1789458633559824000,1789458633559817000,59395091000,7000,7000,33375000,33369000,True,True
1782,1782,1789458633593193000,1789458633593187000,59428460000,6000,6000,33369000,33370000,True,True
1783,1783,1789458633626562000,1789458633626555000,59461829000,7000,7000,33369000,33368000,True,True
1784,1784,1789458633659933000,1789458633659926000,59495200000,7000,7000,33371000,33371000,True,True
1785,1785,1789458633693308000,1789458633693295000,59528575000,13000,13000,33375000,33369000,True,True
1786,1786,1789458633726677000,1789458633726665000,59561944000,12000,12000,33369000,33370000,True,True
1787,1787,1789458633760051000,1789458633760033000,59595318000,18000,18000,33374000,33368000,True,True
1788,1788,1789458633793420000,1789458633793402000,59628687000,18000,18000,33369000,33369000,True,True
1789,1789,1789458633826789000,1789458633826770000,59662056000,19000,19000,33369000,33368000,True,True
1790,1790,1789458633860157000,1789458633860139000,59695424000,18000,18000,33368000,33369000,True,True
1791,1791,1789458633893526000,1789458633893509000,59728793000,17000,17000,33369000,33370000,True,True
1792,1792,1789458633926893000,1789458633926877000,59762160000,16000,16000,33367000,33368000,True,True
1793,1793,1789458633960261000,1789458633960245000,59795528000,16000,16000,33368000,33368000,True,True
1794,1794,1789458633993630000,1789458633993614000,59828897000,16000,16000,33369000,33369000,True,True
1795,1795,1789458634027002000,1789458634026985000,59862269000,17000,17000,33372000,33371000,True,True
1796,1796,1789458634060370000,1789458634060352000,59895637000,18000,18000,33368000,33367000,True,True
1797,1797,1789458634093743000,1789458634093725000,59929010000,18000,18000,33373000,33373000,True,True
1798,1798,1789458634127111000,1789458634127094000,59962378000,17000,17000,33368000,33369000,True,True
1799,1799,1789458634160480000,1789458634160462000,59995747000,18000,18000,33369000,33368000,True,True
1800,1800,1789458634193849000,1789458634193831000,60029116000,18000,18000,33369000,33369000,True,True
1801,1801,1789458634227218000,1789458634227199000,60062485000,19000,19000,33369000,33368000,True,True
1802,1802,1789458634260587000,1789458634260569000,60095854000,18000,18000,33369000,33370000,True,True
1803,1803,1789458634293960000,1789458634293938000,60129227000,22000,22000,33373000,33369000,True,True
1804,1804,1789458634327328000,1789458634327306000,60162595000,22000,22000,33368000,33368000,True,True
1805,1805,1789458634360696000,1789458634360674000,60195963000,22000,22000,33368000,33368000,True,True
1806,1806,1789458634394065000,1789458634394045000,60229332000,20000,20000,33369000,33371000,True,True
1807,1807,1789458634427434000,1789458634427412000,60262701000,22000,22000,33369000,33367000,True,True
1808,1808,1789458634460804000,1789458634460780000,60296071000,24000,24000,33370000,33368000,True,True
1809,1809,1789458634494172000,1789458634494149000,60329439000,23000,23000,33368000,33369000,True,True
1810,1810,1789458634527540000,1789458634527518000,60362807000,22000,22000,33368000,33369000,True,True
1811,1811,1789458634560910000,1789458634560887000,60396177000,23000,23000,33370000,33369000,True,True
1812,1812,1789458634594278000,1789458634594256000,60429545000,22000,22000,33368000,33369000,True,True
1813,1813,1789458634627646000,1789458634627623000,60462913000,23000,23000,33368000,33367000,True,True
1814,1814,1789458634661015000,1789458634660992000,60496282000,23000,23000,33369000,33369000,True,True
1815,1815,1789458634694384000,1789458634694361000,60529651000,23000,23000,33369000,33369000,True,True
1816,1816,1789458634727751000,1789458634727729000,60563018000,22000,22000,33367000,33368000,True,True
1817,1817,1789458634761121000,1789458634761099000,60596388000,22000,22000,33370000,33370000,True,True
1818,1818,1789458634794489000,1789458634794467000,60629756000,22000,22000,33368000,33368000,True,True
1819,1819,1789458634827858000,1789458634827836000,60663125000,22000,22000,33369000,33369000,True,True
1820,1820,1789458634861226000,1789458634861205000,60696493000,21000,21000,33368000,33369000,True,True
1821,1821,1789458634894594000,1789458634894574000,60729861000,20000,20000,33368000,33369000,True,True
1822,1822,1789458634927962000,1789458634927942000,60763229000,20000,20000,33368000,33368000,True,True
1823,1823,1789458634961331000,1789458634961310000,60796598000,21000,21000,33369000,33368000,True,True
1824,1824,1789458634994701000,1789458634994681000,60829968000,20000,20000,33370000,33371000,True,True
1825,1825,1789458635028070000,1789458635028050000,60863337000,20000,20000,33369000,33369000,True,True
1826,1826,1789458635061439000,1789458635061418000,60896706000,21000,21000,33369000,33368000,True,True
1827,1827,1789458635094807000,1789458635094787000,60930074000,20000,20000,33368000,33369000,True,True
1828,1828,1789458635128175000,1789458635128156000,60963442000,19000,19000,33368000,33369000,True,True
1829,1829,1789458635161545000,1789458635161526000,60996812000,19000,19000,33370000,33370000,True,True
1830,1830,1789458635194913000,1789458635194894000,61030180000,19000,19000,33368000,33368000,True,True
1831,1831,1789458635228282000,1789458635228263000,61063549000,19000,19000,33369000,33369000,True,True
1832,1832,1789458635261650000,1789458635261631000,61096917000,19000,19000,33368000,33368000,True,True
1833,1833,1789458635295018000,1789458635295000000,61130285000,18000,18000,33368000,33369000,True,True
1834,1834,1789458635328388000,1789458635328370000,61163655000,18000,18000,33370000,33370000,True,True
1835,1835,1789458635361756000,1789458635361737000,61197023000,19000,19000,33368000,33367000,True,True
1836,1836,1789458635395124000,1789458635395106000,61230391000,18000,18000,33368000,33369000,True,True
1837,1837,1789458635428494000,1789458635428475000,61263761000,19000,19000,33370000,33369000,True,True
1838,1838,1789458635461863000,1789458635461845000,61297130000,18000,18000,33369000,33370000,True,True
1839,1839,1789458635495230000,1789458635495212000,61330497000,18000,18000,33367000,33367000,True,True
1840,1840,1789458635528599000,1789458635528582000,61363866000,17000,17000,33369000,33370000,True,True
1841,1841,1789458635561968000,1789458635561950000,61397235000,18000,18000,33369000,33368000,True,True
1842,1842,1789458635595337000,1789458635595318000,61430604000,19000,19000,33369000,33368000,True,True
1843,1843,1789458635628706000,1789458635628688000,61463973000,18000,18000,33369000,33370000,True,True
1844,1844,1789458635662075000,1789458635662057000,61497342000,18000,18000,33369000,33369000,True,True
1845,1845,1789458635695444000,1789458635695425000,61530711000,19000,19000,33369000,33368000,True,True
1846,1846,1789458635728815000,1789458635728796000,61564082000,19000,19000,33371000,33371000,True,True
1847,1847,1789458635762183000,1789458635762165000,61597450000,18000,18000,33368000,33369000,True,True
1848,1848,1789458635795556000,1789458635795537000,61630823000,19000,19000,33373000,33372000,True,True
1849,1849,1789458635828927000,1789458635828908000,61664194000,19000,19000,33371000,33371000,True,True
1850,1850,1789458635862303000,1789458635862277000,61697570000,26000,26000,33376000,33369000,True,True
1851,1851,1789458635895677000,1789458635895647000,61730944000,30000,30000,33374000,33370000,True,True
1852,1852,1789458635929048000,1789458635929017000,61764315000,31000,31000,33371000,33370000,True,True
1853,1853,1789458635962416000,1789458635962386000,61797683000,30000,30000,33368000,33369000,True,True
1854,1854,1789458635995785000,1789458635995754000,61831052000,31000,31000,33369000,33368000,True,True
1855,1855,1789458636029156000,1789458636029125000,61864423000,31000,31000,33371000,33371000,True,True
1856,1856,1789458636062527000,1789458636062495000,61897794000,32000,32000,33371000,33370000,True,True
1857,1857,1789458636095897000,1789458636095865000,61931164000,32000,32000,33370000,33370000,True,True
1858,1858,1789458636129270000,1789458636129237000,61964537000,33000,33000,33373000,33372000,True,True
1859,1859,1789458636162638000,1789458636162606000,61997905000,32000,32000,33368000,33369000,True,True
1860,1860,1789458636196008000,1789458636195975000,62031275000,33000,33000,33370000,33369000,True,True
1861,1861,1789458636229381000,1789458636229348000,62064648000,33000,33000,33373000,33373000,True,True
1862,1862,1789458636262749000,1789458636262717000,62098016000,32000,32000,33368000,33369000,True,True
1863,1863,1789458636296118000,1789458636296086000,62131385000,32000,32000,33369000,33369000,True,True
1864,1864,1789458636329486000,1789458636329454000,62164753000,32000,32000,33368000,33368000,True,True
1865,1865,1789458636362859000,1789458636362824000,62198126000,35000,35000,33373000,33370000,True,True
1866,1866,1789458636396233000,1789458636396193000,62231500000,40000,40000,33374000,33369000,True,True
1867,1867,1789458636429603000,1789458636429562000,62264870000,41000,41000,33370000,33369000,True,True
1868,1868,1789458636462972000,1789458636462931000,62298239000,41000,41000,33369000,33369000,True,True
1869,1869,1789458636496341000,1789458636496301000,62331608000,40000,40000,33369000,33370000,True,True
1870,1870,1789458636529710000,1789458636529669000,62364977000,41000,41000,33369000,33368000,True,True
1871,1871,1789458636563079000,1789458636563037000,62398346000,42000,42000,33369000,33368000,True,True
1872,1872,1789458636596447000,1789458636596408000,62431714000,39000,39000,33368000,33371000,True,True
1873,1873,1789458636629815000,1789458636629776000,62465082000,39000,39000,33368000,33368000,True,True
1874,1874,1789458636663185000,1789458636663146000,62498452000,39000,39000,33370000,33370000,True,True
1875,1875,1789458636696556000,1789458636696516000,62531823000,40000,40000,33371000,33370000,True,True
1876,1876,1789458636729924000,1789458636729885000,62565191000,39000,39000,33368000,33369000,True,True
1877,1877,1789458636763295000,1789458636763257000,62598562000,38000,38000,33371000,33372000,True,True
1878,1878,1789458636796664000,1789458636796625000,62631931000,39000,39000,33369000,33368000,True,True
1879,1879,1789458636830032000,1789458636829993000,62665299000,39000,39000,33368000,33368000,True,True
1880,1880,1789458636863403000,1789458636863364000,62698670000,39000,39000,33371000,33371000,True,True
1881,1881,1789458636896771000,1789458636896733000,62732038000,38000,38000,33368000,33369000,True,True
1882,1882,1789458636930139000,1789458636930101000,62765406000,38000,38000,33368000,33368000,True,True
1883,1883,1789458636963507000,1789458636963469000,62798774000,38000,38000,33368000,33368000,True,True
1884,1884,1789458636996876000,1789458636996839000,62832143000,37000,37000,33369000,33370000,True,True
1885,1885,1789458637030245000,1789458637030209000,62865512000,36000,36000,33369000,33370000,True,True
1886,1886,1789458637063616000,1789458637063577000,62898883000,39000,39000,33371000,33368000,True,True
1887,1887,1789458637096983000,1789458637096946000,62932250000,37000,37000,33367000,33369000,True,True
1888,1888,1789458637130351000,1789458637130315000,62965618000,36000,36000,33368000,33369000,True,True
1889,1889,1789458637163721000,1789458637163684000,62998988000,37000,37000,33370000,33369000,True,True
1890,1890,1789458637197092000,1789458637197055000,63032359000,37000,37000,33371000,33371000,True,True
1891,1891,1789458637230465000,1789458637230423000,63065732000,42000,42000,33373000,33368000,True,True
1892,1892,1789458637263834000,1789458637263792000,63099101000,42000,42000,33369000,33369000,True,True
1893,1893,1789458637297203000,1789458637297161000,63132470000,42000,42000,33369000,33369000,True,True
1894,1894,1789458637330571000,1789458637330531000,63165838000,40000,40000,33368000,33370000,True,True
1895,1895,1789458637363940000,1789458637363899000,63199207000,41000,41000,33369000,33368000,True,True
1896,1896,1789458637397315000,1789458637397267000,63232582000,48000,48000,33375000,33368000,True,True
1897,1897,1789458637430684000,1789458637430637000,63265951000,47000,47000,33369000,33370000,True,True
1898,1898,1789458637464054000,1789458637464006000,63299321000,48000,48000,33370000,33369000,True,True
1899,1899,1789458637497423000,1789458637497375000,63332690000,48000,48000,33369000,33369000,True,True
1900,1900,1789458637530792000,1789458637530745000,63366059000,47000,47000,33369000,33370000,True,True
1901,1901,1789458637564160000,1789458637564114000,63399427000,46000,46000,33368000,33369000,True,True
1902,1902,1789458637597528000,1789458637597482000,63432795000,46000,46000,33368000,33368000,True,True
1903,1903,1789458637630897000,1789458637630851000,63466164000,46000,46000,33369000,33369000,True,True
1904,1904,1789458637664268000,1789458637664222000,63499535000,46000,46000,33371000,33371000,True,True
1905,1905,1789458637697636000,1789458637697590000,63532903000,46000,46000,33368000,33368000,True,True
1906,1906,1789458637731005000,1789458637730959000,63566272000,46000,46000,33369000,33369000,True,True
1907,1907,1789458637764375000,1789458637764329000,63599642000,46000,46000,33370000,33370000,True,True
1908,1908,1789458637797743000,1789458637797697000,63633010000,46000,46000,33368000,33368000,True,True
1909,1909,1789458637831112000,1789458637831066000,63666379000,46000,46000,33369000,33369000,True,True
1910,1910,1789458637864481000,1789458637864436000,63699748000,45000,45000,33369000,33370000,True,True
1911,1911,1789458637897849000,1789458637897805000,63733116000,44000,44000,33368000,33369000,True,True
1912,1912,1789458637931217000,1789458637931174000,63766484000,43000,43000,33368000,33369000,True,True
1913,1913,1789458637964587000,1789458637964543000,63799854000,44000,44000,33370000,33369000,True,True
1914,1914,1789458637997961000,1789458637997911000,63833228000,50000,50000,33374000,33368000,True,True
1915,1915,1789458638031330000,1789458638031281000,63866597000,49000,49000,33369000,33370000,True,True
1916,1916,1789458638064696000,1789458638064650000,63899963000,46000,46000,33366000,33369000,True,True
1917,1917,1789458638098066000,1789458638098018000,63933333000,48000,48000,33370000,33368000,True,True
1918,1918,1789458638131435000,1789458638131387000,63966702000,48000,48000,33369000,33369000,True,True
1919,1919,1789458638164803000,1789458638164756000,64000070000,47000,47000,33368000,33369000,True,True
1920,1920,1789458638198172000,1789458638198126000,64033439000,46000,46000,33369000,33370000,True,True
1921,1921,1789458638231540000,1789458638231494000,64066807000,46000,46000,33368000,33368000,True,True
1922,1922,1789458638264909000,1789458638264863000,64100176000,46000,46000,33369000,33369000,True,True
1923,1923,1789458638298279000,1789458638298233000,64133546000,46000,46000,33370000,33370000,True,True
1924,1924,1789458638331648000,1789458638331602000,64166915000,46000,46000,33369000,33369000,True,True
1925,1925,1789458638365018000,1789458638364973000,64200285000,45000,45000,33370000,33371000,True,True
1926,1926,1789458638398389000,1789458638398343000,64233656000,46000,46000,33371000,33370000,True,True
1927,1927,1789458638431761000,1789458638431714000,64267028000,47000,47000,33372000,33371000,True,True
1928,1928,1789458638465128000,1789458638465083000,64300395000,45000,45000,33367000,33369000,True,True
1929,1929,1789458638498496000,1789458638498451000,64333763000,45000,45000,33368000,33368000,True,True
1930,1930,1789458638531866000,1789458638531821000,64367133000,45000,45000,33370000,33370000,True,True
1931,1931,1789458638565240000,1789458638565190000,64400507000,50000,50000,33374000,33369000,True,True
1932,1932,1789458638598610000,1789458638598560000,64433877000,50000,50000,33370000,33370000,True,True
1933,1933,1789458638631983000,1789458638631930000,64467250000,53000,53000,33373000,33370000,True,True
1934,1934,1789458638665354000,1789458638665300000,64500621000,54000,54000,33371000,33370000,True,True
1935,1935,1789458638698723000,1789458638698670000,64533990000,53000,53000,33369000,33370000,True,True
1936,1936,1789458638732091000,1789458638732039000,64567358000,52000,52000,33368000,33369000,True,True
1937,1937,1789458638765467000,1789458638765408000,64600734000,59000,59000,33376000,33369000,True,True
1938,1938,1789458638798835000,1789458638798776000,64634102000,59000,59000,33368000,33368000,True,True
1939,1939,1789458638832205000,1789458638832146000,64667472000,59000,59000,33370000,33370000,True,True
1940,1940,1789458638865575000,1789458638865517000,64700842000,58000,58000,33370000,33371000,True,True
1941,1941,1789458638898944000,1789458638898886000,64734211000,58000,58000,33369000,33369000,True,True
1942,1942,1789458638932312000,1789458638932254000,64767579000,58000,58000,33368000,33368000,True,True
1943,1943,1789458638965682000,1789458638965624000,64800949000,58000,58000,33370000,33370000,True,True
1944,1944,1789458638999050000,1789458638998993000,64834317000,57000,57000,33368000,33369000,True,True
1945,1945,1789458639032418000,1789458639032361000,64867685000,57000,57000,33368000,33368000,True,True
1946,1946,1789458639065788000,1789458639065731000,64901055000,57000,57000,33370000,33370000,True,True
1947,1947,1789458639099156000,1789458639099100000,64934423000,56000,56000,33368000,33369000,True,True
1948,1948,1789458639132526000,1789458639132470000,64967793000,56000,56000,33370000,33370000,True,True
1949,1949,1789458639165896000,1789458639165839000,65001163000,57000,57000,33370000,33369000,True,True
1950,1950,1789458639199265000,1789458639199210000,65034532000,55000,55000,33369000,33371000,True,True
1951,1951,1789458639232634000,1789458639232579000,65067901000,55000,55000,33369000,33369000,True,True
1952,1952,1789458639266003000,1789458639265946000,65101270000,57000,57000,33369000,33367000,True,True
1953,1953,1789458639299373000,1789458639299317000,65134640000,56000,56000,33370000,33371000,True,True
1954,1954,1789458639332740000,1789458639332685000,65168007000,55000,55000,33367000,33368000,True,True
1955,1955,1789458639366110000,1789458639366055000,65201377000,55000,55000,33370000,33370000,True,True
1956,1956,1789458639399478000,1789458639399424000,65234745000,54000,54000,33368000,33369000,True,True
1957,1957,1789458639432848000,1789458639432793000,65268115000,55000,55000,33370000,33369000,True,True
1958,1958,1789458639466218000,1789458639466165000,65301485000,53000,53000,33370000,33372000,True,True
1959,1959,1789458639499587000,1789458639499533000,65334854000,54000,54000,33369000,33368000,True,True
1960,1960,1789458639532954000,1789458639532901000,65368221000,53000,53000,33367000,33368000,True,True
1961,1961,1789458639566324000,1789458639566271000,65401591000,53000,53000,33370000,33370000,True,True
1962,1962,1789458639599693000,1789458639599640000,65434960000,53000,53000,33369000,33369000,True,True
1963,1963,1789458639633066000,1789458639633012000,65468333000,54000,54000,33373000,33372000,True,True
1964,1964,1789458639666440000,1789458639666381000,65501707000,59000,59000,33374000,33369000,True,True
1965,1965,1789458639699808000,1789458639699751000,65535075000,57000,57000,33368000,33370000,True,True
1966,1966,1789458639733176000,1789458639733120000,65568443000,56000,56000,33368000,33369000,True,True
1967,1967,1789458639766544000,1789458639766489000,65601811000,55000,55000,33368000,33369000,True,True
1968,1968,1789458639799913000,1789458639799857000,65635180000,56000,56000,33369000,33368000,True,True
1969,1969,1789458639833282000,1789458639833227000,65668549000,55000,55000,33369000,33370000,True,True
1970,1970,1789458639866650000,1789458639866595000,65701917000,55000,55000,33368000,33368000,True,True
1971,1971,1789458639900019000,1789458639899964000,65735286000,55000,55000,33369000,33369000,True,True
1972,1972,1789458639933392000,1789458639933334000,65768659000,58000,58000,33373000,33370000,True,True
1973,1973,1789458639966761000,1789458639966703000,65802028000,58000,58000,33369000,33369000,True,True
1974,1974,1789458640000131000,1789458640000073000,65835398000,58000,58000,33370000,33370000,True,True
1975,1975,1789458640033506000,1789458640033441000,65868773000,65000,65000,33375000,33368000,True,True
1976,1976,1789458640066874000,1789458640066812000,65902141000,62000,62000,33368000,33371000,True,True
1977,1977,1789458640100244000,1789458640100181000,65935511000,63000,63000,33370000,33369000,True,True
1978,1978,1789458640133615000,1789458640133551000,65968882000,64000,64000,33371000,33370000,True,True
1979,1979,1789458640166982000,1789458640166921000,66002249000,61000,61000,33367000,33370000,True,True
1980,1980,1789458640200356000,1789458640200290000,66035623000,66000,66000,33374000,33369000,True,True
1981,1981,1789458640233726000,1789458640233659000,66068993000,67000,67000,33370000,33369000,True,True
1982,1982,1789458640267094000,1789458640267028000,66102361000,66000,66000,33368000,33369000,True,True
1983,1983,1789458640300463000,1789458640300397000,66135730000,66000,66000,33369000,33369000,True,True
1984,1984,1789458640333830000,1789458640333765000,66169097000,65000,65000,33367000,33368000,True,True
1985,1985,1789458640367200000,1789458640367135000,66202467000,65000,65000,33370000,33370000,True,True
1986,1986,1789458640400574000,1789458640400504000,66235841000,70000,70000,33374000,33369000,True,True
1987,1987,1789458640433943000,1789458640433873000,66269210000,70000,70000,33369000,33369000,True,True
1988,1988,1789458640467313000,1789458640467244000,66302580000,69000,69000,33370000,33371000,True,True
1989,1989,1789458640500682000,1789458640500612000,66335949000,70000,70000,33369000,33368000,True,True
1990,1990,1789458640534049000,1789458640533982000,66369316000,67000,67000,33367000,33370000,True,True
1991,1991,1789458640567420000,1789458640567350000,66402687000,70000,70000,33371000,33368000,True,True
1992,1992,1789458640600787000,1789458640600719000,66436054000,68000,68000,33367000,33369000,True,True
1993,1993,1789458640634158000,1789458640634089000,66469425000,69000,69000,33371000,33370000,True,True
1994,1994,1789458640667527000,1789458640667459000,66502794000,68000,68000,33369000,33370000,True,True
1995,1995,1789458640700895000,1789458640700828000,66536162000,67000,67000,33368000,33369000,True,True
1996,1996,1789458640734265000,1789458640734197000,66569532000,68000,68000,33370000,33369000,True,True
1997,1997,1789458640767633000,1789458640767566000,66602900000,67000,67000,33368000,33369000,True,True
1998,1998,1789458640801003000,1789458640800936000,66636270000,67000,67000,33370000,33370000,True,True
1999,1999,1789458640834373000,1789458640834306000,66669640000,67000,67000,33370000,33370000,True,True
2000,2000,1789458640867743000,1789458640867676000,66703010000,67000,67000,33370000,33370000,True,True
2001,2001,1789458640901110000,1789458640901043000,66736377000,67000,67000,33367000,33367000,True,True
2002,2002,1789458640934479000,1789458640934412000,66769746000,67000,67000,33369000,33369000,True,True
2003,2003,1789458640967849000,1789458640967783000,66803116000,66000,66000,33370000,33371000,True,True
2004,2004,1789458641001218000,1789458641001153000,66836485000,65000,65000,33369000,33370000,True,True
2005,2005,1789458641034589000,1789458641034524000,66869856000,65000,65000,33371000,33371000,True,True
2006,2006,1789458641067958000,1789458641067893000,66903225000,65000,65000,33369000,33369000,True,True
2007,2007,1789458641101327000,1789458641101261000,66936594000,66000,66000,33369000,33368000,True,True
2008,2008,1789458641134697000,1789458641134631000,66969964000,66000,66000,33370000,33370000,True,True
2009,2009,1789458641168065000,1789458641168001000,67003332000,64000,64000,33368000,33370000,True,True
2010,2010,1789458641201438000,1789458641201370000,67036705000,68000,68000,33373000,33369000,True,True
2011,2011,1789458641234806000,1789458641234738000,67070073000,68000,68000,33368000,33368000,True,True
2012,2012,1789458641268176000,1789458641268107000,67103443000,69000,69000,33370000,33369000,True,True
2013,2013,1789458641301547000,1789458641301479000,67136814000,68000,68000,33371000,33372000,True,True
2014,2014,1789458641334921000,1789458641334847000,67170188000,74000,74000,33374000,33368000,True,True
2015,2015,1789458641368291000,1789458641368217000,67203558000,74000,74000,33370000,33370000,True,True
2016,2016,1789458641401661000,1789458641401586000,67236928000,75000,75000,33370000,33369000,True,True
2017,2017,1789458641435028000,1789458641434955000,67270295000,73000,73000,33367000,33369000,True,True
2018,2018,1789458641468397000,1789458641468324000,67303664000,73000,73000,33369000,33369000,True,True
2019,2019,1789458641501768000,1789458641501694000,67337035000,74000,74000,33371000,33370000,True,True
2020,2020,1789458641535138000,1789458641535064000,67370405000,74000,74000,33370000,33370000,True,True
2021,2021,1789458641568506000,1789458641568434000,67403773000,72000,72000,33368000,33370000,True,True
2022,2022,1789458641601874000,1789458641601802000,67437141000,72000,72000,33368000,33368000,True,True
2023,2023,1789458641635245000,1789458641635172000,67470512000,73000,73000,33371000,33370000,True,True
2024,2024,1789458641668616000,1789458641668544000,67503883000,72000,72000,33371000,33372000,True,True
2025,2025,1789458641701985000,1789458641701913000,67537252000,72000,72000,33369000,33369000,True,True
2026,2026,1789458641735356000,1789458641735285000,67570623000,71000,71000,33371000,33372000,True,True
2027,2027,1789458641768733000,1789458641768655000,67604000000,78000,78000,33377000,33370000,True,True
2028,2028,1789458641802101000,1789458641802024000,67637368000,77000,77000,33368000,33369000,True,True
2029,2029,1789458641835470000,1789458641835393000,67670737000,77000,77000,33369000,33369000,True,True
2030,2030,1789458641868838000,1789458641868762000,67704105000,76000,76000,33368000,33369000,True,True
2031,2031,1789458641902206000,1789458641902131000,67737473000,75000,75000,33368000,33369000,True,True
2032,2032,1789458641935575000,1789458641935499000,67770842000,76000,76000,33369000,33368000,True,True
2033,2033,1789458641968943000,1789458641968868000,67804210000,75000,75000,33368000,33369000,True,True
2034,2034,1789458642002312000,1789458642002238000,67837579000,74000,74000,33369000,33370000,True,True
2035,2035,1789458642035682000,1789458642035608000,67870949000,74000,74000,33370000,33370000,True,True
2036,2036,1789458642069049000,1789458642068976000,67904316000,73000,73000,33367000,33368000,True,True
2037,2037,1789458642102418000,1789458642102346000,67937685000,72000,72000,33369000,33370000,True,True
2038,2038,1789458642135786000,1789458642135715000,67971053000,71000,71000,33368000,33369000,True,True
2039,2039,1789458642169154000,1789458642169083000,68004421000,71000,71000,33368000,33368000,True,True
2040,2040,1789458642202522000,1789458642202453000,68037789000,69000,69000,33368000,33370000,True,True
2041,2041,1789458642235891000,1789458642235821000,68071158000,70000,70000,33369000,33368000,True,True
2042,2042,1789458642269259000,1789458642269189000,68104526000,70000,70000,33368000,33368000,True,True
2043,2043,1789458642302628000,1789458642302559000,68137895000,69000,69000,33369000,33370000,True,True
2044,2044,1789458642336000000,1789458642335927000,68171267000,73000,73000,33372000,33368000,True,True
2045,2045,1789458642369369000,1789458642369296000,68204636000,73000,73000,33369000,33369000,True,True
2046,2046,1789458642402739000,1789458642402666000,68238006000,73000,73000,33370000,33370000,True,True
2047,2047,1789458642436111000,1789458642436035000,68271378000,76000,76000,33372000,33369000,True,True
2048,2048,1789458642469484000,1789458642469404000,68304751000,80000,80000,33373000,33369000,True,True
2049,2049,1789458642502854000,1789458642502774000,68338121000,80000,80000,33370000,33370000,True,True
2050,2050,1789458642536220000,1789458642536142000,68371487000,78000,78000,33366000,33368000,True,True
2051,2051,1789458642569590000,1789458642569512000,68404857000,78000,78000,33370000,33370000,True,True
2052,2052,1789458642602959000,1789458642602881000,68438226000,78000,78000,33369000,33369000,True,True
2053,2053,1789458642636329000,1789458642636252000,68471596000,77000,77000,33370000,33371000,True,True
2054,2054,1789458642669697000,1789458642669622000,68504964000,75000,75000,33368000,33370000,True,True
2055,2055,1789458642703066000,1789458642702991000,68538333000,75000,75000,33369000,33369000,True,True
2056,2056,1789458642736435000,1789458642736360000,68571702000,75000,75000,33369000,33369000,True,True
2057,2057,1789458642769805000,1789458642769729000,68605072000,76000,76000,33370000,33369000,True,True
2058,2058,1789458642803173000,1789458642803098000,68638440000,75000,75000,33368000,33369000,True,True
2059,2059,1789458642836542000,1789458642836468000,68671809000,74000,74000,33369000,33370000,True,True
2060,2060,1789458642869911000,1789458642869838000,68705178000,73000,73000,33369000,33370000,True,True
2061,2061,1789458642903278000,1789458642903207000,68738545000,71000,71000,33367000,33369000,True,True
2062,2062,1789458642936648000,1789458642936575000,68771915000,73000,73000,33370000,33368000,True,True
2063,2063,1789458642970022000,1789458642969944000,68805289000,78000,78000,33374000,33369000,True,True
2064,2064,1789458643003391000,1789458643003313000,68838658000,78000,78000,33369000,33369000,True,True
2065,2065,1789458643036759000,1789458643036683000,68872026000,76000,76000,33368000,33370000,True,True
2066,2066,1789458643070128000,1789458643070052000,68905395000,76000,76000,33369000,33369000,True,True
2067,2067,1789458643103496000,1789458643103421000,68938763000,75000,75000,33368000,33369000,True,True
2068,2068,1789458643136871000,1789458643136789000,68972138000,82000,82000,33375000,33368000,True,True
2069,2069,1789458643170239000,1789458643170159000,69005506000,80000,80000,33368000,33370000,True,True
2070,2070,1789458643203609000,1789458643203530000,69038876000,79000,79000,33370000,33371000,True,True
2071,2071,1789458643236981000,1789458643236901000,69072248000,80000,80000,33372000,33371000,True,True
2072,2072,1789458643270353000,1789458643270273000,69105620000,80000,80000,33372000,33372000,True,True
2073,2073,1789458643303721000,1789458643303641000,69138988000,80000,80000,33368000,33368000,True,True
2074,2074,1789458643337089000,1789458643337010000,69172356000,79000,79000,33368000,33369000,True,True
2075,2075,1789458643370458000,1789458643370380000,69205725000,78000,78000,33369000,33370000,True,True
2076,2076,1789458643403828000,1789458643403749000,69239095000,79000,79000,33370000,33369000,True,True
2077,2077,1789458643437197000,1789458643437119000,69272464000,78000,78000,33369000,33370000,True,True
2078,2078,1789458643470566000,1789458643470489000,69305833000,77000,77000,33369000,33370000,True,True
2079,2079,1789458643503941000,1789458643503859000,69339208000,82000,82000,33375000,33370000,True,True
2080,2080,1789458643537310000,1789458643537230000,69372577000,80000,80000,33369000,33371000,True,True
2081,2081,1789458643570679000,1789458643570598000,69405946000,81000,81000,33369000,33368000,True,True
2082,2082,1789458643604046000,1789458643603968000,69439313000,78000,78000,33367000,33370000,True,True
2083,2083,1789458643637415000,1789458643637336000,69472682000,79000,79000,33369000,33368000,True,True
2084,2084,1789458643670785000,1789458643670707000,69506052000,78000,78000,33370000,33371000,True,True
2085,2085,1789458643704153000,1789458643704074000,69539420000,79000,79000,33368000,33367000,True,True
2086,2086,1789458643737524000,1789458643737446000,69572791000,78000,78000,33371000,33372000,True,True
2087,2087,1789458643770891000,1789458643770814000,69606158000,77000,77000,33367000,33368000,True,True
2088,2088,1789458643804260000,1789458643804182000,69639527000,78000,78000,33369000,33368000,True,True
2089,2089,1789458643837629000,1789458643837552000,69672896000,77000,77000,33369000,33370000,True,True
2090,2090,1789458643870999000,1789458643870922000,69706266000,77000,77000,33370000,33370000,True,True
2091,2091,1789458643904368000,1789458643904291000,69739635000,77000,77000,33369000,33369000,True,True
2092,2092,1789458643937739000,1789458643937662000,69773006000,77000,77000,33371000,33371000,True,True
2093,2093,1789458643971109000,1789458643971033000,69806376000,76000,76000,33370000,33371000,True,True
2094,2094,1789458644004479000,1789458644004402000,69839746000,77000,77000,33370000,33369000,True,True
2095,2095,1789458644037848000,1789458644037771000,69873115000,77000,77000,33369000,33369000,True,True
2096,2096,1789458644071222000,1789458644071141000,69906489000,81000,81000,33374000,33370000,True,True
2097,2097,1789458644104591000,1789458644104510000,69939858000,81000,81000,33369000,33369000,True,True
2098,2098,1789458644137960000,1789458644137881000,69973227000,79000,79000,33369000,33371000,True,True
2099,2099,1789458644171328000,1789458644171250000,70006595000,78000,78000,33368000,33369000,True,True
2100,2100,1789458644204701000,1789458644204619000,70039968000,82000,82000,33373000,33369000,True,True
2101,2101,1789458644238070000,1789458644237989000,70073337000,81000,81000,33369000,33370000,True,True
2102,2102,1789458644271440000,1789458644271358000,70106707000,82000,82000,33370000,33369000,True,True
2103,2103,1789458644304810000,1789458644304730000,70140077000,80000,80000,33370000,33372000,True,True
2104,2104,1789458644338177000,1789458644338098000,70173444000,79000,79000,33367000,33368000,True,True
2105,2105,1789458644371547000,1789458644371468000,70206814000,79000,79000,33370000,33370000,True,True
2106,2106,1789458644404917000,1789458644404838000,70240184000,79000,79000,33370000,33370000,True,True
2107,2107,1789458644438287000,1789458644438208000,70273554000,79000,79000,33370000,33370000,True,True
2108,2108,1789458644471656000,1789458644471578000,70306923000,78000,78000,33369000,33370000,True,True
2109,2109,1789458644505024000,1789458644504947000,70340291000,77000,77000,33368000,33369000,True,True
2110,2110,1789458644538393000,1789458644538317000,70373660000,76000,76000,33369000,33370000,True,True
2111,2111,1789458644571762000,1789458644571686000,70407029000,76000,76000,33369000,33369000,True,True
2112,2112,1789458644605130000,1789458644605056000,70440397000,74000,74000,33368000,33370000,True,True
2113,2113,1789458644638499000,1789458644638425000,70473766000,74000,74000,33369000,33369000,True,True
2114,2114,1789458644671868000,1789458644671794000,70507135000,74000,74000,33369000,33369000,True,True
2115,2115,1789458644705236000,1789458644705164000,70540503000,72000,72000,33368000,33370000,True,True
2116,2116,1789458644738605000,1789458644738533000,70573872000,72000,72000,33369000,33369000,True,True
2117,2117,1789458644771974000,1789458644771902000,70607241000,72000,72000,33369000,33369000,True,True
2118,2118,1789458644805342000,1789458644805271000,70640609000,71000,71000,33368000,33369000,True,True
2119,2119,1789458644838711000,1789458644838641000,70673978000,70000,70000,33369000,33370000,True,True
2120,2120,1789458644872080000,1789458644872010000,70707347000,70000,70000,33369000,33369000,True,True
2121,2121,1789458644905448000,1789458644905379000,70740715000,69000,69000,33368000,33369000,True,True
2122,2122,1789458644938819000,1789458644938750000,70774086000,69000,69000,33371000,33371000,True,True
2123,2123,1789458644972187000,1789458644972119000,70807454000,68000,68000,33368000,33369000,True,True
2124,2124,1789458645005556000,1789458645005489000,70840823000,67000,67000,33369000,33370000,True,True
2125,2125,1789458645038926000,1789458645038859000,70874193000,67000,67000,33370000,33370000,True,True
2126,2126,1789458645072294000,1789458645072227000,70907561000,67000,67000,33368000,33368000,True,True
2127,2127,1789458645105664000,1789458645105598000,70940931000,66000,66000,33370000,33371000,True,True
2128,2128,1789458645139033000,1789458645138967000,70974300000,66000,66000,33369000,33369000,True,True
2129,2129,1789458645172401000,1789458645172335000,71007668000,66000,66000,33368000,33368000,True,True
2130,2130,1789458645205769000,1789458645205705000,71041036000,64000,64000,33368000,33370000,True,True
2131,2131,1789458645239138000,1789458645239073000,71074405000,65000,65000,33369000,33368000,True,True
2132,2132,1789458645272507000,1789458645272443000,71107774000,64000,64000,33369000,33370000,True,True
2133,2133,1789458645305877000,1789458645305813000,71141144000,64000,64000,33370000,33370000,True,True
2134,2134,1789458645339246000,1789458645339182000,71174513000,64000,64000,33369000,33369000,True,True
2135,2135,1789458645372614000,1789458645372553000,71207881000,61000,61000,33368000,33371000,True,True
2136,2136,1789458645405984000,1789458645405921000,71241251000,63000,63000,33370000,33368000,True,True
2137,2137,1789458645439352000,1789458645439289000,71274619000,63000,63000,33368000,33368000,True,True
2138,2138,1789458645472721000,1789458645472660000,71307988000,61000,61000,33369000,33371000,True,True
2139,2139,1789458645506091000,1789458645506030000,71341358000,61000,61000,33370000,33370000,True,True
2140,2140,1789458645539466000,1789458645539399000,71374733000,67000,67000,33375000,33369000,True,True
2141,2141,1789458645572835000,1789458645572768000,71408102000,67000,67000,33369000,33369000,True,True
2142,2142,1789458645606203000,1789458645606138000,71441470000,65000,65000,33368000,33370000,True,True
2143,2143,1789458645639572000,1789458645639508000,71474839000,64000,64000,33369000,33370000,True,True
2144,2144,1789458645672943000,1789458645672879000,71508210000,64000,64000,33371000,33371000,True,True
2145,2145,1789458645706311000,1789458645706247000,71541578000,64000,64000,33368000,33368000,True,True
2146,2146,1789458645739681000,1789458645739616000,71574948000,65000,65000,33370000,33369000,True,True
2147,2147,1789458645773050000,1789458645772986000,71608317000,64000,64000,33369000,33370000,True,True
2148,2148,1789458645806418000,1789458645806355000,71641685000,63000,63000,33368000,33369000,True,True
2149,2149,1789458645839787000,1789458645839725000,71675054000,62000,62000,33369000,33370000,True,True
2150,2150,1789458645873157000,1789458645873094000,71708424000,63000,63000,33370000,33369000,True,True
2151,2151,1789458645906526000,1789458645906463000,71741793000,63000,63000,33369000,33369000,True,True
2152,2152,1789458645939895000,1789458645939832000,71775162000,63000,63000,33369000,33369000,True,True
2153,2153,1789458645973263000,1789458645973200000,71808530000,63000,63000,33368000,33368000,True,True
2154,2154,1789458646006632000,1789458646006569000,71841899000,63000,63000,33369000,33369000,True,True
2155,2155,1789458646040000000,1789458646039939000,71875267000,61000,61000,33368000,33370000,True,True
2156,2156,1789458646073368000,1789458646073308000,71908635000,60000,60000,33368000,33369000,True,True
2157,2157,1789458646106738000,1789458646106677000,71942005000,61000,61000,33370000,33369000,True,True
2158,2158,1789458646140107000,1789458646140046000,71975374000,61000,61000,33369000,33369000,True,True
2159,2159,1789458646173475000,1789458646173416000,72008742000,59000,59000,33368000,33370000,True,True
2160,2160,1789458646206844000,1789458646206786000,72042111000,58000,58000,33369000,33370000,True,True
2161,2161,1789458646240215000,1789458646240155000,72075482000,60000,60000,33371000,33369000,True,True
2162,2162,1789458646273582000,1789458646273525000,72108849000,57000,57000,33367000,33370000,True,True
2163,2163,1789458646306951000,1789458646306894000,72142218000,57000,57000,33369000,33369000,True,True
2164,2164,1789458646340326000,1789458646340262000,72175593000,64000,64000,33375000,33368000,True,True
2165,2165,1789458646373696000,1789458646373631000,72208963000,65000,65000,33370000,33369000,True,True
2166,2166,1789458646407066000,1789458646407002000,72242333000,64000,64000,33370000,33371000,True,True
2167,2167,1789458646440436000,1789458646440371000,72275703000,65000,65000,33370000,33369000,True,True
2168,2168,1789458646473805000,1789458646473741000,72309072000,64000,64000,33369000,33370000,True,True
2169,2169,1789458646507174000,1789458646507109000,72342441000,65000,65000,33369000,33368000,True,True
2170,2170,1789458646540542000,1789458646540480000,72375809000,62000,62000,33368000,33371000,True,True
2171,2171,1789458646573912000,1789458646573851000,72409179000,61000,61000,33370000,33371000,True,True
2172,2172,1789458646607282000,1789458646607219000,72442549000,63000,63000,33370000,33368000,True,True
2173,2173,1789458646640650000,1789458646640588000,72475917000,62000,62000,33368000,33369000,True,True
2174,2174,1789458646674019000,1789458646673957000,72509286000,62000,62000,33369000,33369000,True,True
2175,2175,1789458646707386000,1789458646707326000,72542653000,60000,60000,33367000,33369000,True,True
2176,2176,1789458646740762000,1789458646740696000,72576029000,66000,66000,33376000,33370000,True,True
2177,2177,1789458646774131000,1789458646774065000,72609398000,66000,66000,33369000,33369000,True,True
2178,2178,1789458646807499000,1789458646807434000,72642766000,65000,65000,33368000,33369000,True,True
2179,2179,1789458646840867000,1789458646840802000,72676134000,65000,65000,33368000,33368000,True,True
2180,2180,1789458646874237000,1789458646874172000,72709504000,65000,65000,33370000,33370000,True,True
2181,2181,1789458646907605000,1789458646907541000,72742872000,64000,64000,33368000,33369000,True,True
2182,2182,1789458646940974000,1789458646940910000,72776241000,64000,64000,33369000,33369000,True,True
2183,2183,1789458646974341000,1789458646974278000,72809608000,63000,63000,33367000,33368000,True,True
2184,2184,1789458647007710000,1789458647007648000,72842977000,62000,62000,33369000,33370000,True,True
2185,2185,1789458647041079000,1789458647041018000,72876346000,61000,61000,33369000,33370000,True,True
2186,2186,1789458647074448000,1789458647074386000,72909715000,62000,62000,33369000,33368000,True,True
2187,2187,1789458647107817000,1789458647107756000,72943084000,61000,61000,33369000,33370000,True,True
2188,2188,1789458647141185000,1789458647141126000,72976452000,59000,59000,33368000,33370000,True,True
2189,2189,1789458647174554000,1789458647174494000,73009821000,60000,60000,33369000,33368000,True,True
2190,2190,1789458647207923000,1789458647207864000,73043190000,59000,59000,33369000,33370000,True,True
2191,2191,1789458647241292000,1789458647241233000,73076559000,59000,59000,33369000,33369000,True,True
2192,2192,1789458647274660000,1789458647274602000,73109927000,58000,58000,33368000,33369000,True,True
2193,2193,1789458647308028000,1789458647307972000,73143295000,56000,56000,33368000,33370000,True,True
2194,2194,1789458647341397000,1789458647341340000,73176664000,57000,57000,33369000,33368000,True,True
2195,2195,1789458647374766000,1789458647374710000,73210033000,56000,56000,33369000,33370000,True,True
2196,2196,1789458647408135000,1789458647408079000,73243402000,56000,56000,33369000,33369000,True,True
2197,2197,1789458647441503000,1789458647441448000,73276770000,55000,55000,33368000,33369000,True,True
2198,2198,1789458647474873000,1789458647474816000,73310140000,57000,57000,33370000,33368000,True,True
2199,2199,1789458647508242000,1789458647508187000,73343509000,55000,55000,33369000,33371000,True,True
2200,2200,1789458647541609000,1789458647541555000,73376876000,54000,54000,33367000,33368000,True,True
2201,2201,1789458647574978000,1789458647574924000,73410245000,54000,54000,33369000,33369000,True,True
2202,2202,1789458647608347000,1789458647608294000,73443614000,53000,53000,33369000,33370000,True,True
2203,2203,1789458647641716000,1789458647641663000,73476983000,53000,53000,33369000,33369000,True,True
2204,2204,1789458647675085000,1789458647675032000,73510352000,53000,53000,33369000,33369000,True,True
2205,2205,1789458647708452000,1789458647708400000,73543719000,52000,52000,33367000,33368000,True,True
2206,2206,1789458647741822000,1789458647741769000,73577089000,53000,53000,33370000,33369000,True,True
2207,2207,1789458647775191000,1789458647775139000,73610458000,52000,52000,33369000,33370000,True,True
2208,2208,1789458647808559000,1789458647808509000,73643826000,50000,50000,33368000,33370000,True,True
2209,2209,1789458647841927000,1789458647841877000,73677194000,50000,50000,33368000,33368000,True,True
2210,2210,1789458647875297000,1789458647875247000,73710564000,50000,50000,33370000,33370000,True,True
2211,2211,1789458647908665000,1789458647908616000,73743932000,49000,49000,33368000,33369000,True,True
2212,2212,1789458647942034000,1789458647941986000,73777301000,48000,48000,33369000,33370000,True,True
2213,2213,1789458647975401000,1789458647975354000,73810668000,47000,47000,33367000,33368000,True,True
2214,2214,1789458648008771000,1789458648008724000,73844038000,47000,47000,33370000,33370000,True,True
2215,2215,1789458648042140000,1789458648042093000,73877407000,47000,47000,33369000,33369000,True,True
2216,2216,1789458648075507000,1789458648075462000,73910774000,45000,45000,33367000,33369000,True,True
2217,2217,1789458648108877000,1789458648108832000,73944144000,45000,45000,33370000,33370000,True,True
2218,2218,1789458648142247000,1789458648142202000,73977514000,45000,45000,33370000,33370000,True,True
2219,2219,1789458648175617000,1789458648175572000,74010884000,45000,45000,33370000,33370000,True,True
2220,2220,1789458648208987000,1789458648208942000,74044254000,45000,45000,33370000,33370000,True,True
2221,2221,1789458648242357000,1789458648242312000,74077624000,45000,45000,33370000,33370000,True,True
2222,2222,1789458648275726000,1789458648275681000,74110993000,45000,45000,33369000,33369000,True,True
2223,2223,1789458648309097000,1789458648309051000,74144364000,46000,46000,33371000,33370000,True,True
2224,2224,1789458648342465000,1789458648342419000,74177732000,46000,46000,33368000,33368000,True,True
2225,2225,1789458648375833000,1789458648375789000,74211100000,44000,44000,33368000,33370000,True,True
2226,2226,1789458648409203000,1789458648409159000,74244470000,44000,44000,33370000,33370000,True,True
2227,2227,1789458648442572000,1789458648442528000,74277839000,44000,44000,33369000,33369000,True,True
2228,2228,1789458648475941000,1789458648475898000,74311208000,43000,43000,33369000,33370000,True,True
2229,2229,1789458648509310000,1789458648509267000,74344577000,43000,43000,33369000,33369000,True,True
2230,2230,1789458648542680000,1789458648542636000,74377947000,44000,44000,33370000,33369000,True,True
2231,2231,1789458648576049000,1789458648576005000,74411316000,44000,44000,33369000,33369000,True,True
2232,2232,1789458648609422000,1789458648609376000,74444689000,46000,46000,33373000,33371000,True,True
2233,2233,1789458648642790000,1789458648642745000,74478057000,45000,45000,33368000,33369000,True,True
2234,2234,1789458648676162000,1789458648676115000,74511429000,47000,47000,33372000,33370000,True,True
2235,2235,1789458648709530000,1789458648709484000,74544797000,46000,46000,33368000,33369000,True,True
2236,2236,1789458648742900000,1789458648742854000,74578167000,46000,46000,33370000,33370000,True,True
2237,2237,1789458648776257000,1789458648776224000,74611524000,33000,33000,33357000,33370000,True,True
2238,2238,1789458648809642000,1789458648809593000,74644909000,49000,49000,33385000,33369000,True,True
2239,2239,1789458648843011000,1789458648842962000,74678278000,49000,49000,33369000,33369000,True,True
2240,2240,1789458648876381000,1789458648876333000,74711648000,48000,48000,33370000,33371000,True,True
2241,2241,1789458648909749000,1789458648909702000,74745016000,47000,47000,33368000,33369000,True,True
2242,2242,1789458648943124000,1789458648943071000,74778391000,53000,53000,33375000,33369000,True,True
2243,2243,1789458648976493000,1789458648976442000,74811760000,51000,51000,33369000,33371000,True,True
2244,2244,1789458649009862000,1789458649009810000,74845129000,52000,52000,33369000,33368000,True,True
2245,2245,1789458649043231000,1789458649043180000,74878498000,51000,51000,33369000,33370000,True,True
2246,2246,1789458649076600000,1789458649076549000,74911867000,51000,51000,33369000,33369000,True,True
2247,2247,1789458649109971000,1789458649109921000,74945238000,50000,50000,33371000,33372000,True,True
2248,2248,1789458649143347000,1789458649143291000,74978614000,56000,56000,33376000,33370000,True,True
2249,2249,1789458649176715000,1789458649176659000,75011982000,56000,56000,33368000,33368000,True,True
2250,2250,1789458649210085000,1789458649210028000,75045352000,57000,57000,33370000,33369000,True,True
2251,2251,1789458649243457000,1789458649243397000,75078724000,60000,60000,33372000,33369000,True,True
2252,2252,1789458649276825000,1789458649276766000,75112092000,59000,59000,33368000,33369000,True,True
2253,2253,1789458649310194000,1789458649310136000,75145461000,58000,58000,33369000,33370000,True,True
2254,2254,1789458649343563000,1789458649343505000,75178830000,58000,58000,33369000,33369000,True,True
2255,2255,1789458649376932000,1789458649376874000,75212199000,58000,58000,33369000,33369000,True,True
2256,2256,1789458649410302000,1789458649410244000,75245569000,58000,58000,33370000,33370000,True,True
2257,2257,1789458649443669000,1789458649443613000,75278936000,56000,56000,33367000,33369000,True,True
2258,2258,1789458649477039000,1789458649476983000,75312306000,56000,56000,33370000,33370000,True,True
2259,2259,1789458649510407000,1789458649510351000,75345674000,56000,56000,33368000,33368000,True,True
2260,2260,1789458649543777000,1789458649543721000,75379044000,56000,56000,33370000,33370000,True,True
2261,2261,1789458649577145000,1789458649577091000,75412412000,54000,54000,33368000,33370000,True,True
2262,2262,1789458649610513000,1789458649610459000,75445780000,54000,54000,33368000,33368000,True,True
2263,2263,1789458649643884000,1789458649643829000,75479151000,55000,55000,33371000,33370000,True,True
2264,2264,1789458649677251000,1789458649677198000,75512518000,53000,53000,33367000,33369000,True,True
2265,2265,1789458649710622000,1789458649710569000,75545889000,53000,53000,33371000,33371000,True,True
2266,2266,1789458649743993000,1789458649743940000,75579260000,53000,53000,33371000,33371000,True,True
2267,2267,1789458649777360000,1789458649777309000,75612627000,51000,51000,33367000,33369000,True,True
2268,2268,1789458649810730000,1789458649810677000,75645997000,53000,53000,33370000,33368000,True,True
2269,2269,1789458649844099000,1789458649844046000,75679366000,53000,53000,33369000,33369000,True,True
2270,2270,1789458649877467000,1789458649877416000,75712734000,51000,51000,33368000,33370000,True,True
2271,2271,1789458649910838000,1789458649910787000,75746105000,51000,51000,33371000,33371000,True,True
2272,2272,1789458649944208000,1789458649944157000,75779475000,51000,51000,33370000,33370000,True,True
2273,2273,1789458649977577000,1789458649977527000,75812844000,50000,50000,33369000,33370000,True,True
2274,2274,1789458650010945000,1789458650010895000,75846212000,50000,50000,33368000,33368000,True,True
2275,2275,1789458650044315000,1789458650044265000,75879582000,50000,50000,33370000,33370000,True,True
2276,2276,1789458650077683000,1789458650077634000,75912950000,49000,49000,33368000,33369000,True,True
2277,2277,1789458650111051000,1789458650111002000,75946318000,49000,49000,33368000,33368000,True,True
2278,2278,1789458650144420000,1789458650144372000,75979687000,48000,48000,33369000,33370000,True,True
2279,2279,1789458650177789000,1789458650177741000,76013056000,48000,48000,33369000,33369000,True,True
2280,2280,1789458650211159000,1789458650211111000,76046426000,48000,48000,33370000,33370000,True,True
2281,2281,1789458650244527000,1789458650244480000,76079794000,47000,47000,33368000,33369000,True,True
2282,2282,1789458650277897000,1789458650277850000,76113164000,47000,47000,33370000,33370000,True,True
2283,2283,1789458650311266000,1789458650311220000,76146533000,46000,46000,33369000,33370000,True,True
2284,2284,1789458650344634000,1789458650344588000,76179901000,46000,46000,33368000,33368000,True,True
2285,2285,1789458650378003000,1789458650377957000,76213270000,46000,46000,33369000,33369000,True,True
2286,2286,1789458650411372000,1789458650411327000,76246639000,45000,45000,33369000,33370000,True,True
2287,2287,1789458650444741000,1789458650444696000,76280008000,45000,45000,33369000,33369000,True,True
2288,2288,1789458650478113000,1789458650478067000,76313380000,46000,46000,33372000,33371000,True,True
2289,2289,1789458650511480000,1789458650511436000,76346747000,44000,44000,33367000,33369000,True,True
2290,2290,1789458650544850000,1789458650544806000,76380117000,44000,44000,33370000,33370000,True,True
2291,2291,1789458650578218000,1789458650578175000,76413485000,43000,43000,33368000,33369000,True,True
2292,2292,1789458650611588000,1789458650611544000,76446855000,44000,44000,33370000,33369000,True,True
2293,2293,1789458650644959000,1789458650644915000,76480226000,44000,44000,33371000,33371000,True,True
2294,2294,1789458650678327000,1789458650678283000,76513594000,44000,44000,33368000,33368000,True,True
2295,2295,1789458650711697000,1789458650711653000,76546964000,44000,44000,33370000,33370000,True,True
2296,2296,1789458650745064000,1789458650745022000,76580331000,42000,42000,33367000,33369000,True,True
2297,2297,1789458650778438000,1789458650778391000,76613705000,47000,47000,33374000,33369000,True,True
2298,2298,1789458650811808000,1789458650811761000,76647075000,47000,47000,33370000,33370000,True,True
2299,2299,1789458650845177000,1789458650845130000,76680444000,47000,47000,33369000,33369000,True,True
2300,2300,1789458650878547000,1789458650878503000,76713814000,44000,44000,33370000,33373000,True,True
2301,2301,1789458650911915000,1789458650911871000,76747182000,44000,44000,33368000,33368000,True,True
2302,2302,1789458650945288000,1789458650945242000,76780555000,46000,46000,33373000,33371000,True,True
2303,2303,1789458650978658000,1789458650978611000,76813925000,47000,47000,33370000,33369000,True,True
2304,2304,1789458651012027000,1789458651011980000,76847294000,47000,47000,33369000,33369000,True,True
2305,2305,1789458651045397000,1789458651045350000,76880664000,47000,47000,33370000,33370000,True,True
2306,2306,1789458651078766000,1789458651078719000,76914033000,47000,47000,33369000,33369000,True,True
2307,2307,1789458651112136000,1789458651112088000,76947403000,48000,48000,33370000,33369000,True,True
2308,2308,1789458651145507000,1789458651145459000,76980774000,48000,48000,33371000,33371000,True,True
2309,2309,1789458651178877000,1789458651178829000,77014144000,48000,48000,33370000,33370000,True,True
2310,2310,1789458651212246000,1789458651212199000,77047513000,47000,47000,33369000,33370000,True,True
2311,2311,1789458651245615000,1789458651245568000,77080882000,47000,47000,33369000,33369000,True,True
2312,2312,1789458651278988000,1789458651278937000,77114255000,51000,51000,33373000,33369000,True,True
2313,2313,1789458651312359000,1789458651312306000,77147626000,53000,53000,33371000,33369000,True,True
2314,2314,1789458651345730000,1789458651345676000,77180997000,54000,54000,33371000,33370000,True,True
2315,2315,1789458651379100000,1789458651379046000,77214367000,54000,54000,33370000,33370000,True,True
2316,2316,1789458651412467000,1789458651412415000,77247734000,52000,52000,33367000,33369000,True,True
2317,2317,1789458651445839000,1789458651445786000,77281106000,53000,53000,33372000,33371000,True,True
2318,2318,1789458651479206000,1789458651479155000,77314473000,51000,51000,33367000,33369000,True,True
2319,2319,1789458651512581000,1789458651512525000,77347848000,56000,56000,33375000,33370000,True,True
2320,2320,1789458651545950000,1789458651545895000,77381217000,55000,55000,33369000,33370000,True,True
2321,2321,1789458651579319000,1789458651579263000,77414586000,56000,56000,33369000,33368000,True,True
2322,2322,1789458651612690000,1789458651612636000,77447957000,54000,54000,33371000,33373000,True,True
2323,2323,1789458651646059000,1789458651646005000,77481326000,54000,54000,33369000,33369000,True,True
2324,2324,1789458651679429000,1789458651679374000,77514696000,55000,55000,33370000,33369000,True,True
2325,2325,1789458651712798000,1789458651712744000,77548065000,54000,54000,33369000,33370000,True,True
2326,2326,1789458651746166000,1789458651746113000,77581433000,53000,53000,33368000,33369000,True,True
2327,2327,1789458651779539000,1789458651779482000,77614806000,57000,57000,33373000,33369000,True,True
2328,2328,1789458651812910000,1789458651812854000,77648177000,56000,56000,33371000,33372000,True,True
2329,2329,1789458651846279000,1789458651846223000,77681546000,56000,56000,33369000,33369000,True,True
2330,2330,1789458651879649000,1789458651879594000,77714916000,55000,55000,33370000,33371000,True,True
2331,2331,1789458651913020000,1789458651912964000,77748287000,56000,56000,33371000,33370000,True,True
2332,2332,1789458651946389000,1789458651946334000,77781656000,55000,55000,33369000,33370000,True,True
2333,2333,1789458651979761000,1789458651979704000,77815028000,57000,57000,33372000,33370000,True,True
2334,2334,1789458652013130000,1789458652013074000,77848397000,56000,56000,33369000,33370000,True,True
2335,2335,1789458652046500000,1789458652046444000,77881767000,56000,56000,33370000,33370000,True,True
2336,2336,1789458652079868000,1789458652079813000,77915135000,55000,55000,33368000,33369000,True,True
2337,2337,1789458652113240000,1789458652113182000,77948507000,58000,58000,33372000,33369000,True,True
2338,2338,1789458652146609000,1789458652146551000,77981876000,58000,58000,33369000,33369000,True,True
2339,2339,1789458652179980000,1789458652179921000,78015247000,59000,59000,33371000,33370000,True,True
2340,2340,1789458652213348000,1789458652213290000,78048615000,58000,58000,33368000,33369000,True,True
2341,2341,1789458652246717000,1789458652246660000,78081984000,57000,57000,33369000,33370000,True,True
2342,2342,1789458652280087000,1789458652280030000,78115354000,57000,57000,33370000,33370000,True,True
2343,2343,1789458652313460000,1789458652313399000,78148727000,61000,61000,33373000,33369000,True,True
2344,2344,1789458652346829000,1789458652346768000,78182096000,61000,61000,33369000,33369000,True,True
2345,2345,1789458652380198000,1789458652380138000,78215465000,60000,60000,33369000,33370000,True,True
2346,2346,1789458652413567000,1789458652413508000,78248834000,59000,59000,33369000,33370000,True,True
2347,2347,1789458652446937000,1789458652446878000,78282204000,59000,59000,33370000,33370000,True,True
2348,2348,1789458652480305000,1789458652480246000,78315572000,59000,59000,33368000,33368000,True,True
2349,2349,1789458652513674000,1789458652513616000,78348941000,58000,58000,33369000,33370000,True,True
2350,2350,1789458652547043000,1789458652546984000,78382310000,59000,59000,33369000,33368000,True,True
2351,2351,1789458652580411000,1789458652580356000,78415678000,55000,55000,33368000,33372000,True,True
2352,2352,1789458652613783000,1789458652613724000,78449050000,59000,59000,33372000,33368000,True,True
2353,2353,1789458652647152000,1789458652647093000,78482419000,59000,59000,33369000,33369000,True,True
2354,2354,1789458652680521000,1789458652680463000,78515788000,58000,58000,33369000,33370000,True,True
2355,2355,1789458652713889000,1789458652713832000,78549156000,57000,57000,33368000,33369000,True,True
2356,2356,1789458652747259000,1789458652747202000,78582526000,57000,57000,33370000,33370000,True,True
2357,2357,1789458652780629000,1789458652780572000,78615896000,57000,57000,33370000,33370000,True,True
2358,2358,1789458652813999000,1789458652813941000,78649266000,58000,58000,33370000,33369000,True,True
2359,2359,1789458652847367000,1789458652847310000,78682634000,57000,57000,33368000,33369000,True,True
2360,2360,1789458652880735000,1789458652880679000,78716002000,56000,56000,33368000,33369000,True,True
2361,2361,1789458652914105000,1789458652914049000,78749372000,56000,56000,33370000,33370000,True,True
2362,2362,1789458652947474000,1789458652947419000,78782741000,55000,55000,33369000,33370000,True,True
2363,2363,1789458652980844000,1789458652980788000,78816111000,56000,56000,33370000,33369000,True,True
2364,2364,1789458653014213000,1789458653014158000,78849480000,55000,55000,33369000,33370000,True,True
2365,2365,1789458653047581000,1789458653047527000,78882848000,54000,54000,33368000,33369000,True,True
2366,2366,1789458653080952000,1789458653080897000,78916219000,55000,55000,33371000,33370000,True,True
2367,2367,1789458653114322000,1789458653114267000,78949589000,55000,55000,33370000,33370000,True,True
2368,2368,1789458653147690000,1789458653147636000,78982957000,54000,54000,33368000,33369000,True,True
2369,2369,1789458653181063000,1789458653181008000,79016330000,55000,55000,33373000,33372000,True,True
2370,2370,1789458653214435000,1789458653214376000,79049702000,59000,59000,33372000,33368000,True,True
2371,2371,1789458653247807000,1789458653247748000,79083074000,59000,59000,33372000,33372000,True,True
2372,2372,1789458653281175000,1789458653281117000,79116442000,58000,58000,33368000,33369000,True,True
2373,2373,1789458653314544000,1789458653314487000,79149811000,57000,57000,33369000,33370000,True,True
2374,2374,1789458653347912000,1789458653347857000,79183179000,55000,55000,33368000,33370000,True,True
2375,2375,1789458653381281000,1789458653381226000,79216548000,55000,55000,33369000,33369000,True,True
2376,2376,1789458653414653000,1789458653414598000,79249920000,55000,55000,33372000,33372000,True,True
2377,2377,1789458653448022000,1789458653447966000,79283289000,56000,56000,33369000,33368000,True,True
2378,2378,1789458653481395000,1789458653481337000,79316662000,58000,58000,33373000,33371000,True,True
2379,2379,1789458653514765000,1789458653514706000,79350032000,59000,59000,33370000,33369000,True,True
2380,2380,1789458653548133000,1789458653548076000,79383400000,57000,57000,33368000,33370000,True,True
2381,2381,1789458653581504000,1789458653581447000,79416771000,57000,57000,33371000,33371000,True,True
2382,2382,1789458653614873000,1789458653614815000,79450140000,58000,58000,33369000,33368000,True,True
2383,2383,1789458653648245000,1789458653648186000,79483512000,59000,59000,33372000,33371000,True,True
2384,2384,1789458653681615000,1789458653681556000,79516882000,59000,59000,33370000,33370000,True,True
2385,2385,1789458653714989000,1789458653714925000,79550256000,64000,64000,33374000,33369000,True,True
2386,2386,1789458653748359000,1789458653748295000,79583626000,64000,64000,33370000,33370000,True,True
2387,2387,1789458653781728000,1789458653781664000,79616995000,64000,64000,33369000,33369000,True,True
2388,2388,1789458653815097000,1789458653815034000,79650364000,63000,63000,33369000,33370000,True,True
2389,2389,1789458653848467000,1789458653848404000,79683734000,63000,63000,33370000,33370000,True,True
2390,2390,1789458653881839000,1789458653881773000,79717106000,66000,66000,33372000,33369000,True,True
2391,2391,1789458653915209000,1789458653915143000,79750476000,66000,66000,33370000,33370000,True,True
2392,2392,1789458653948578000,1789458653948512000,79783845000,66000,66000,33369000,33369000,True,True
2393,2393,1789458653981948000,1789458653981882000,79817215000,66000,66000,33370000,33370000,True,True
2394,2394,1789458654015317000,1789458654015252000,79850584000,65000,65000,33369000,33370000,True,True
2395,2395,1789458654048686000,1789458654048621000,79883953000,65000,65000,33369000,33369000,True,True
2396,2396,1789458654082057000,1789458654081991000,79917324000,66000,66000,33371000,33370000,True,True
2397,2397,1789458654115427000,1789458654115360000,79950694000,67000,67000,33370000,33369000,True,True
2398,2398,1789458654148801000,1789458654148730000,79984068000,71000,71000,33374000,33370000,True,True
2399,2399,1789458654182175000,1789458654182099000,80017442000,76000,76000,33374000,33369000,True,True
2400,2400,1789458654215544000,1789458654215470000,80050811000,74000,74000,33369000,33371000,True,True
2401,2401,1789458654248915000,1789458654248840000,80084182000,75000,75000,33371000,33370000,True,True
2402,2402,1789458654282286000,1789458654282211000,80117553000,75000,75000,33371000,33371000,True,True
2403,2403,1789458654315657000,1789458654315583000,80150924000,74000,74000,33371000,33372000,True,True
2404,2404,1789458654349027000,1789458654348953000,80184294000,74000,74000,33370000,33370000,True,True
2405,2405,1789458654382395000,1789458654382321000,80217662000,74000,74000,33368000,33368000,True,True
2406,2406,1789458654415765000,1789458654415692000,80251032000,73000,73000,33370000,33371000,True,True
2407,2407,1789458654449133000,1789458654449061000,80284400000,72000,72000,33368000,33369000,True,True
2408,2408,1789458654482503000,1789458654482430000,80317770000,73000,73000,33370000,33369000,True,True
2409,2409,1789458654515871000,1789458654515799000,80351138000,72000,72000,33368000,33369000,True,True
2410,2410,1789458654549239000,1789458654549170000,80384506000,69000,69000,33368000,33371000,True,True
2411,2411,1789458654582610000,1789458654582540000,80417877000,70000,70000,33371000,33370000,True,True
2412,2412,1789458654615979000,1789458654615909000,80451246000,70000,70000,33369000,33369000,True,True
2413,2413,1789458654649348000,1789458654649278000,80484615000,70000,70000,33369000,33369000,True,True
2414,2414,1789458654682717000,1789458654682648000,80517984000,69000,69000,33369000,33370000,True,True
2415,2415,1789458654716087000,1789458654716018000,80551354000,69000,69000,33370000,33370000,True,True
2416,2416,1789458654749456000,1789458654749389000,80584723000,67000,67000,33369000,33371000,True,True
2417,2417,1789458654782824000,1789458654782757000,80618091000,67000,67000,33368000,33368000,True,True
2418,2418,1789458654816194000,1789458654816127000,80651461000,67000,67000,33370000,33370000,True,True
2419,2419,1789458654849562000,1789458654849497000,80684829000,65000,65000,33368000,33370000,True,True
2420,2420,1789458654882932000,1789458654882867000,80718199000,65000,65000,33370000,33370000,True,True
2421,2421,1789458654916301000,1789458654916236000,80751568000,65000,65000,33369000,33369000,True,True
2422,2422,1789458654949670000,1789458654949605000,80784937000,65000,65000,33369000,33369000,True,True
2423,2423,1789458654983039000,1789458654982976000,80818306000,63000,63000,33369000,33371000,True,True
2424,2424,1789458655016408000,1789458655016345000,80851675000,63000,63000,33369000,33369000,True,True
2425,2425,1789458655049778000,1789458655049715000,80885045000,63000,63000,33370000,33370000,True,True
2426,2426,1789458655083150000,1789458655083087000,80918417000,63000,63000,33372000,33372000,True,True
2427,2427,1789458655116519000,1789458655116455000,80951786000,64000,64000,33369000,33368000,True,True
2428,2428,1789458655149888000,1789458655149826000,80985155000,62000,62000,33369000,33371000,True,True
2429,2429,1789458655183257000,1789458655183196000,81018524000,61000,61000,33369000,33370000,True,True
2430,2430,1789458655216631000,1789458655216565000,81051898000,66000,66000,33374000,33369000,True,True
2431,2431,1789458655249999000,1789458655249935000,81085266000,64000,64000,33368000,33370000,True,True
2432,2432,1789458655283370000,1789458655283305000,81118637000,65000,65000,33371000,33370000,True,True
2433,2433,1789458655316740000,1789458655316675000,81152007000,65000,65000,33370000,33370000,True,True
2434,2434,1789458655350108000,1789458655350044000,81185375000,64000,64000,33368000,33369000,True,True
2435,2435,1789458655383478000,1789458655383414000,81218745000,64000,64000,33370000,33370000,True,True
2436,2436,1789458655416848000,1789458655416784000,81252115000,64000,64000,33370000,33370000,True,True
2437,2437,1789458655450217000,1789458655450154000,81285484000,63000,63000,33369000,33370000,True,True
2438,2438,1789458655483586000,1789458655483524000,81318853000,62000,62000,33369000,33370000,True,True
2439,2439,1789458655516954000,1789458655516893000,81352221000,61000,61000,33368000,33369000,True,True
2440,2440,1789458655550323000,1789458655550264000,81385590000,59000,59000,33369000,33371000,True,True
2441,2441,1789458655583692000,1789458655583632000,81418959000,60000,60000,33369000,33368000,True,True
2442,2442,1789458655617061000,1789458655617002000,81452328000,59000,59000,33369000,33370000,True,True
2443,2443,1789458655650432000,1789458655650372000,81485699000,60000,60000,33371000,33370000,True,True
2444,2444,1789458655683800000,1789458655683741000,81519067000,59000,59000,33368000,33369000,True,True
2445,2445,1789458655717170000,1789458655717110000,81552437000,60000,60000,33370000,33369000,True,True
2446,2446,1789458655750538000,1789458655750479000,81585805000,59000,59000,33368000,33369000,True,True
2447,2447,1789458655783908000,1789458655783849000,81619175000,59000,59000,33370000,33370000,True,True
2448,2448,1789458655817277000,1789458655817219000,81652544000,58000,58000,33369000,33370000,True,True
2449,2449,1789458655850649000,1789458655850588000,81685916000,61000,61000,33372000,33369000,True,True
2450,2450,1789458655884022000,1789458655883959000,81719289000,63000,63000,33373000,33371000,True,True
2451,2451,1789458655917390000,1789458655917328000,81752657000,62000,62000,33368000,33369000,True,True
2452,2452,1789458655950763000,1789458655950700000,81786030000,63000,63000,33373000,33372000,True,True
2453,2453,1789458655984132000,1789458655984070000,81819399000,62000,62000,33369000,33370000,True,True
2454,2454,1789458656017500000,1789458656017439000,81852767000,61000,61000,33368000,33369000,True,True
2455,2455,1789458656050871000,1789458656050810000,81886138000,61000,61000,33371000,33371000,True,True
2456,2456,1789458656084239000,1789458656084179000,81919506000,60000,60000,33368000,33369000,True,True
2457,2457,1789458656117612000,1789458656117550000,81952879000,62000,62000,33373000,33371000,True,True
2458,2458,1789458656150981000,1789458656150920000,81986248000,61000,61000,33369000,33370000,True,True
2459,2459,1789458656184349000,1789458656184291000,82019616000,58000,58000,33368000,33371000,True,True
2460,2460,1789458656217719000,1789458656217660000,82052986000,59000,59000,33370000,33369000,True,True
2461,2461,1789458656251088000,1789458656251029000,82086355000,59000,59000,33369000,33369000,True,True
2462,2462,1789458656284458000,1789458656284400000,82119725000,58000,58000,33370000,33371000,True,True
2463,2463,1789458656317828000,1789458656317770000,82153095000,58000,58000,33370000,33370000,True,True
2464,2464,1789458656351198000,1789458656351141000,82186465000,57000,57000,33370000,33371000,True,True
2465,2465,1789458656384571000,1789458656384511000,82219838000,60000,60000,33373000,33370000,True,True
2466,2466,1789458656417942000,1789458656417882000,82253209000,60000,60000,33371000,33371000,True,True
2467,2467,1789458656451312000,1789458656451252000,82286579000,60000,60000,33370000,33370000,True,True
2468,2468,1789458656484682000,1789458656484622000,82319949000,60000,60000,33370000,33370000,True,True
2469,2469,1789458656518051000,1789458656517993000,82353318000,58000,58000,33369000,33371000,True,True
2470,2470,1789458656551424000,1789458656551362000,82386691000,62000,62000,33373000,33369000,True,True
2471,2471,1789458656584794000,1789458656584733000,82420061000,61000,61000,33370000,33371000,True,True
2472,2472,1789458656618163000,1789458656618102000,82453430000,61000,61000,33369000,33369000,True,True
2473,2473,1789458656651532000,1789458656651471000,82486799000,61000,61000,33369000,33369000,True,True
2474,2474,1789458656684903000,1789458656684841000,82520170000,62000,62000,33371000,33370000,True,True
2475,2475,1789458656718274000,1789458656718211000,82553541000,63000,63000,33371000,33370000,True,True
2476,2476,1789458656751641000,1789458656751581000,82586908000,60000,60000,33367000,33370000,True,True
2477,2477,1789458656785013000,1789458656784952000,82620280000,61000,61000,33372000,33371000,True,True
2478,2478,1789458656818380000,1789458656818321000,82653647000,59000,59000,33367000,33369000,True,True
2479,2479,1789458656851750000,1789458656851691000,82687017000,59000,59000,33370000,33370000,True,True
2480,2480,1789458656885120000,1789458656885061000,82720387000,59000,59000,33370000,33370000,True,True
2481,2481,1789458656918488000,1789458656918429000,82753755000,59000,59000,33368000,33368000,True,True
2482,2482,1789458656951857000,1789458656951799000,82787124000,58000,58000,33369000,33370000,True,True
2483,2483,1789458656985227000,1789458656985169000,82820494000,58000,58000,33370000,33370000,True,True
2484,2484,1789458657018596000,1789458657018539000,82853863000,57000,57000,33369000,33370000,True,True
2485,2485,1789458657051966000,1789458657051909000,82887233000,57000,57000,33370000,33370000,True,True
2486,2486,1789458657085336000,1789458657085278000,82920603000,58000,58000,33370000,33369000,True,True
2487,2487,1789458657118705000,1789458657118648000,82953972000,57000,57000,33369000,33370000,True,True
2488,2488,1789458657152073000,1789458657152018000,82987340000,55000,55000,33368000,33370000,True,True
2489,2489,1789458657185443000,1789458657185387000,83020710000,56000,56000,33370000,33369000,True,True
2490,2490,1789458657218812000,1789458657218757000,83054079000,55000,55000,33369000,33370000,True,True
2491,2491,1789458657252181000,1789458657252125000,83087448000,56000,56000,33369000,33368000,True,True
2492,2492,1789458657285550000,1789458657285496000,83120817000,54000,54000,33369000,33371000,True,True
2493,2493,1789458657318921000,1789458657318866000,83154188000,55000,55000,33371000,33370000,True,True
2494,2494,1789458657352293000,1789458657352239000,83187560000,54000,54000,33372000,33373000,True,True
2495,2495,1789458657385663000,1789458657385608000,83220930000,55000,55000,33370000,33369000,True,True
2496,2496,1789458657419032000,1789458657418977000,83254299000,55000,55000,33369000,33369000,True,True
2497,2497,1789458657452402000,1789458657452348000,83287669000,54000,54000,33370000,33371000,True,True
2498,2498,1789458657485770000,1789458657485716000,83321037000,54000,54000,33368000,33368000,True,True
2499,2499,1789458657519140000,1789458657519086000,83354407000,54000,54000,33370000,33370000,True,True
2500,2500,1789458657552510000,1789458657552456000,83387777000,54000,54000,33370000,33370000,True,True
2501,2501,1789458657585880000,1789458657585825000,83421147000,55000,55000,33370000,33369000,True,True
2502,2502,1789458657619250000,1789458657619196000,83454517000,54000,54000,33370000,33371000,True,True
2503,2503,1789458657652618000,1789458657652565000,83487885000,53000,53000,33368000,33369000,True,True
2504,2504,1789458657685988000,1789458657685935000,83521255000,53000,53000,33370000,33370000,True,True
2505,2505,1789458657719356000,1789458657719305000,83554623000,51000,51000,33368000,33370000,True,True
2506,2506,1789458657752726000,1789458657752674000,83587993000,52000,52000,33370000,33369000,True,True
2507,2507,1789458657786095000,1789458657786044000,83621362000,51000,51000,33369000,33370000,True,True
2508,2508,1789458657819463000,1789458657819412000,83654730000,51000,51000,33368000,33368000,True,True
2509,2509,1789458657852833000,1789458657852783000,83688100000,50000,50000,33370000,33371000,True,True
2510,2510,1789458657886203000,1789458657886154000,83721470000,49000,49000,33370000,33371000,True,True
2511,2511,1789458657919576000,1789458657919526000,83754843000,50000,50000,33373000,33372000,True,True
2512,2512,1789458657952945000,1789458657952896000,83788212000,49000,49000,33369000,33370000,True,True
2513,2513,1789458657986314000,1789458657986265000,83821581000,49000,49000,33369000,33369000,True,True
2514,2514,1789458658019684000,1789458658019637000,83854951000,47000,47000,33370000,33372000,True,True
2515,2515,1789458658053055000,1789458658053007000,83888322000,48000,48000,33371000,33370000,True,True
2516,2516,1789458658086426000,1789458658086378000,83921693000,48000,48000,33371000,33371000,True,True
2517,2517,1789458658119795000,1789458658119747000,83955062000,48000,48000,33369000,33369000,True,True
2518,2518,1789458658153164000,1789458658153117000,83988431000,47000,47000,33369000,33370000,True,True
2519,2519,1789458658186538000,1789458658186486000,84021805000,52000,52000,33374000,33369000,True,True
2520,2520,1789458658219907000,1789458658219855000,84055174000,52000,52000,33369000,33369000,True,True
2521,2521,1789458658253277000,1789458658253226000,84088544000,51000,51000,33370000,33371000,True,True
2522,2522,1789458658286646000,1789458658286596000,84121913000,50000,50000,33369000,33370000,True,True
2523,2523,1789458658320016000,1789458658319965000,84155283000,51000,51000,33370000,33369000,True,True
2524,2524,1789458658353385000,1789458658353335000,84188652000,50000,50000,33369000,33370000,True,True
2525,2525,1789458658386754000,1789458658386704000,84222021000,50000,50000,33369000,33369000,True,True
2526,2526,1789458658420124000,1789458658420074000,84255391000,50000,50000,33370000,33370000,True,True
2527,2527,1789458658453494000,1789458658453444000,84288761000,50000,50000,33370000,33370000,True,True
2528,2528,1789458658486865000,1789458658486815000,84322132000,50000,50000,33371000,33371000,True,True
2529,2529,1789458658520234000,1789458658520185000,84355501000,49000,49000,33369000,33370000,True,True
2530,2530,1789458658553602000,1789458658553554000,84388869000,48000,48000,33368000,33369000,True,True
2531,2531,1789458658586972000,1789458658586924000,84422239000,48000,48000,33370000,33370000,True,True
2532,2532,1789458658620347000,1789458658620294000,84455614000,53000,53000,33375000,33370000,True,True
2533,2533,1789458658653715000,1789458658653663000,84488982000,52000,52000,33368000,33369000,True,True
2534,2534,1789458658687084000,1789458658687033000,84522351000,51000,51000,33369000,33370000,True,True
2535,2535,1789458658720453000,1789458658720402000,84555720000,51000,51000,33369000,33369000,True,True
2536,2536,1789458658753825000,1789458658753772000,84589092000,53000,53000,33372000,33370000,True,True
2537,2537,1789458658787193000,1789458658787142000,84622460000,51000,51000,33368000,33370000,True,True
2538,2538,1789458658820567000,1789458658820511000,84655834000,56000,56000,33374000,33369000,True,True
2539,2539,1789458658853940000,1789458658853882000,84689207000,58000,58000,33373000,33371000,True,True
2540,2540,1789458658887309000,1789458658887250000,84722576000,59000,59000,33369000,33368000,True,True
2541,2541,1789458658920684000,1789458658920620000,84755951000,64000,64000,33375000,33370000,True,True
2542,2542,1789458658954052000,1789458658953989000,84789319000,63000,63000,33368000,33369000,True,True
2543,2543,1789458658987422000,1789458658987359000,84822689000,63000,63000,33370000,33370000,True,True
2544,2544,1789458659020792000,1789458659020729000,84856059000,63000,63000,33370000,33370000,True,True
2545,2545,1789458659054161000,1789458659054099000,84889428000,62000,62000,33369000,33370000,True,True
2546,2546,1789458659087532000,1789458659087470000,84922799000,62000,62000,33371000,33371000,True,True
2547,2547,1789458659120900000,1789458659120838000,84956167000,62000,62000,33368000,33368000,True,True
2548,2548,1789458659154271000,1789458659154209000,84989538000,62000,62000,33371000,33371000,True,True
2549,2549,1789458659187640000,1789458659187580000,85022907000,60000,60000,33369000,33371000,True,True
2550,2550,1789458659221012000,1789458659220951000,85056279000,61000,61000,33372000,33371000,True,True
2551,2551,1789458659254384000,1789458659254320000,85089651000,64000,64000,33372000,33369000,True,True
2552,2552,1789458659287755000,1789458659287691000,85123022000,64000,64000,33371000,33371000,True,True
2553,2553,1789458659321125000,1789458659321061000,85156392000,64000,64000,33370000,33370000,True,True
2554,2554,1789458659354492000,1789458659354430000,85189759000,62000,62000,33367000,33369000,True,True
2555,2555,1789458659387863000,1789458659387801000,85223130000,62000,62000,33371000,33371000,True,True
2556,2556,1789458659421234000,1789458659421171000,85256501000,63000,63000,33371000,33370000,True,True
2557,2557,1789458659454603000,1789458659454542000,85289870000,61000,61000,33369000,33371000,True,True
2558,2558,1789458659487971000,1789458659487912000,85323238000,59000,59000,33368000,33370000,True,True
2559,2559,1789458659521343000,1789458659521282000,85356610000,61000,61000,33372000,33370000,True,True
2560,2560,1789458659554712000,1789458659554652000,85389979000,60000,60000,33369000,33370000,True,True
2561,2561,1789458659588086000,1789458659588022000,85423353000,64000,64000,33374000,33370000,True,True
2562,2562,1789458659621457000,1789458659621393000,85456724000,64000,64000,33371000,33371000,True,True
2563,2563,1789458659654827000,1789458659654762000,85490094000,65000,65000,33370000,33369000,True,True
2564,2564,1789458659688196000,1789458659688134000,85523463000,62000,62000,33369000,33372000,True,True
2565,2565,1789458659721566000,1789458659721503000,85556833000,63000,63000,33370000,33369000,True,True
2566,2566,1789458659754936000,1789458659754874000,85590203000,62000,62000,33370000,33371000,True,True
2567,2567,1789458659788307000,1789458659788245000,85623574000,62000,62000,33371000,33371000,True,True
2568,2568,1789458659821677000,1789458659821615000,85656944000,62000,62000,33370000,33370000,True,True
2569,2569,1789458659855045000,1789458659854984000,85690312000,61000,61000,33368000,33369000,True,True
2570,2570,1789458659888414000,1789458659888353000,85723681000,61000,61000,33369000,33369000,True,True
2571,2571,1789458659921783000,1789458659921724000,85757050000,59000,59000,33369000,33371000,True,True
2572,2572,1789458659955151000,1789458659955093000,85790418000,58000,58000,33368000,33369000,True,True
2573,2573,1789458659988522000,1789458659988463000,85823789000,59000,59000,33371000,33370000,True,True
2574,2574,1789458660021891000,1789458660021832000,85857158000,59000,59000,33369000,33369000,True,True
2575,2575,1789458660055260000,1789458660055202000,85890527000,58000,58000,33369000,33370000,True,True
2576,2576,1789458660088631000,1789458660088573000,85923898000,58000,58000,33371000,33371000,True,True
2577,2577,1789458660122000000,1789458660121944000,85957267000,56000,56000,33369000,33371000,True,True
2578,2578,1789458660155370000,1789458660155313000,85990637000,57000,57000,33370000,33369000,True,True
2579,2579,1789458660188740000,1789458660188683000,86024007000,57000,57000,33370000,33370000,True,True
2580,2580,1789458660222110000,1789458660222053000,86057377000,57000,57000,33370000,33370000,True,True
2581,2581,1789458660255481000,1789458660255424000,86090748000,57000,57000,33371000,33371000,True,True
2582,2582,1789458660288850000,1789458660288794000,86124117000,56000,56000,33369000,33370000,True,True
2583,2583,1789458660322221000,1789458660322165000,86157488000,56000,56000,33371000,33371000,True,True
2584,2584,1789458660355590000,1789458660355535000,86190857000,55000,55000,33369000,33370000,True,True
2585,2585,1789458660388959000,1789458660388903000,86224226000,56000,56000,33369000,33368000,True,True
2586,2586,1789458660422328000,1789458660422274000,86257595000,54000,54000,33369000,33371000,True,True
2587,2587,1789458660455697000,1789458660455643000,86290964000,54000,54000,33369000,33369000,True,True
2588,2588,1789458660489067000,1789458660489013000,86324334000,54000,54000,33370000,33370000,True,True
2589,2589,1789458660522437000,1789458660522383000,86357704000,54000,54000,33370000,33370000,True,True
2590,2590,1789458660555806000,1789458660555754000,86391073000,52000,52000,33369000,33371000,True,True
2591,2591,1789458660589174000,1789458660589121000,86424441000,53000,53000,33368000,33367000,True,True
2592,2592,1789458660622545000,1789458660622492000,86457812000,53000,53000,33371000,33371000,True,True
2593,2593,1789458660655915000,1789458660655862000,86491182000,53000,53000,33370000,33370000,True,True
2594,2594,1789458660689284000,1789458660689233000,86524551000,51000,51000,33369000,33371000,True,True
2595,2595,1789458660722658000,1789458660722603000,86557925000,55000,55000,33374000,33370000,True,True
2596,2596,1789458660756027000,1789458660755972000,86591294000,55000,55000,33369000,33369000,True,True
2597,2597,1789458660789396000,1789458660789342000,86624663000,54000,54000,33369000,33370000,True,True
2598,2598,1789458660822766000,1789458660822712000,86658033000,54000,54000,33370000,33370000,True,True
2599,2599,1789458660856136000,1789458660856081000,86691403000,55000,55000,33370000,33369000,True,True
2600,2600,1789458660889505000,1789458660889451000,86724772000,54000,54000,33369000,33370000,True,True
2601,2601,1789458660922875000,1789458660922823000,86758142000,52000,52000,33370000,33372000,True,True
2602,2602,1789458660956245000,1789458660956191000,86791512000,54000,54000,33370000,33368000,True,True
2603,2603,1789458660989613000,1789458660989561000,86824880000,52000,52000,33368000,33370000,True,True
2604,2604,1789458661022984000,1789458661022930000,86858251000,54000,54000,33371000,33369000,True,True
2605,2605,1789458661056354000,1789458661056302000,86891621000,52000,52000,33370000,33372000,True,True
2606,2606,1789458661089726000,1789458661089674000,86924993000,52000,52000,33372000,33372000,True,True
2607,2607,1789458661123095000,1789458661123044000,86958362000,51000,51000,33369000,33370000,True,True
2608,2608,1789458661156464000,1789458661156412000,86991731000,52000,52000,33369000,33368000,True,True
2609,2609,1789458661189833000,1789458661189782000,87025100000,51000,51000,33369000,33370000,True,True
2610,2610,1789458661223203000,1789458661223153000,87058470000,50000,50000,33370000,33371000,True,True
2611,2611,1789458661256572000,1789458661256522000,87091839000,50000,50000,33369000,33369000,True,True
2612,2612,1789458661289941000,1789458661289892000,87125208000,49000,49000,33369000,33370000,True,True
2613,2613,1789458661323311000,1789458661323262000,87158578000,49000,49000,33370000,33370000,True,True
2614,2614,1789458661356681000,1789458661356631000,87191948000,50000,50000,33370000,33369000,True,True
2615,2615,1789458661390049000,1789458661390001000,87225316000,48000,48000,33368000,33370000,True,True
2616,2616,1789458661423420000,1789458661423371000,87258687000,49000,49000,33371000,33370000,True,True
2617,2617,1789458661456789000,1789458661456740000,87292056000,49000,49000,33369000,33369000,True,True
2618,2618,1789458661490158000,1789458661490110000,87325425000,48000,48000,33369000,33370000,True,True
2619,2619,1789458661523528000,1789458661523479000,87358795000,49000,49000,33370000,33369000,True,True
2620,2620,1789458661556899000,1789458661556851000,87392166000,48000,48000,33371000,33372000,True,True
2621,2621,1789458661590268000,1789458661590221000,87425535000,47000,47000,33369000,33370000,True,True
2622,2622,1789458661623640000,1789458661623591000,87458907000,49000,49000,33372000,33370000,True,True
2623,2623,1789458661657009000,1789458661656960000,87492276000,49000,49000,33369000,33369000,True,True
2624,2624,1789458661690379000,1789458661690330000,87525646000,49000,49000,33370000,33370000,True,True
2625,2625,1789458661723749000,1789458661723701000,87559016000,48000,48000,33370000,33371000,True,True
2626,2626,1789458661757118000,1789458661757070000,87592385000,48000,48000,33369000,33369000,True,True
2627,2627,1789458661790487000,1789458661790440000,87625754000,47000,47000,33369000,33370000,True,True
2628,2628,1789458661823857000,1789458661823811000,87659124000,46000,46000,33370000,33371000,True,True
2629,2629,1789458661857225000,1789458661857178000,87692492000,47000,47000,33368000,33367000,True,True
2630,2630,1789458661890595000,1789458661890548000,87725862000,47000,47000,33370000,33370000,True,True
2631,2631,1789458661923965000,1789458661923918000,87759232000,47000,47000,33370000,33370000,True,True
2632,2632,1789458661957332000,1789458661957287000,87792599000,45000,45000,33367000,33369000,True,True
2633,2633,1789458661990703000,1789458661990657000,87825970000,46000,46000,33371000,33370000,True,True
2634,2634,1789458662024072000,1789458662024028000,87859339000,44000,44000,33369000,33371000,True,True
2635,2635,1789458662057440000,1789458662057396000,87892707000,44000,44000,33368000,33368000,True,True
2636,2636,1789458662090810000,1789458662090766000,87926077000,44000,44000,33370000,33370000,True,True
2637,2637,1789458662124179000,1789458662124136000,87959446000,43000,43000,33369000,33370000,True,True
2638,2638,1789458662157548000,1789458662157505000,87992815000,43000,43000,33369000,33369000,True,True
2639,2639,1789458662190918000,1789458662190875000,88026185000,43000,43000,33370000,33370000,True,True
2640,2640,1789458662224287000,1789458662224245000,88059554000,42000,42000,33369000,33370000,True,True
2641,2641,1789458662257656000,1789458662257614000,88092923000,42000,42000,33369000,33369000,True,True
2642,2642,1789458662291026000,1789458662290983000,88126293000,43000,43000,33370000,33369000,True,True
2643,2643,1789458662324396000,1789458662324354000,88159663000,42000,42000,33370000,33371000,True,True
2644,2644,1789458662357765000,1789458662357722000,88193032000,43000,43000,33369000,33368000,True,True
2645,2645,1789458662391134000,1789458662391092000,88226401000,42000,42000,33369000,33370000,True,True
2646,2646,1789458662424504000,1789458662424463000,88259771000,41000,41000,33370000,33371000,True,True
2647,2647,1789458662457872000,1789458662457831000,88293139000,41000,41000,33368000,33368000,True,True
2648,2648,1789458662491242000,1789458662491201000,88326509000,41000,41000,33370000,33370000,True,True
2649,2649,1789458662524612000,1789458662524571000,88359879000,41000,41000,33370000,33370000,True,True
2650,2650,1789458662557980000,1789458662557941000,88393247000,39000,39000,33368000,33370000,True,True
2651,2651,1789458662591349000,1789458662591310000,88426616000,39000,39000,33369000,33369000,True,True
2652,2652,1789458662624720000,1789458662624680000,88459987000,40000,40000,33371000,33370000,True,True
2653,2653,1789458662658088000,1789458662658050000,88493355000,38000,38000,33368000,33370000,True,True
2654,2654,1789458662691458000,1789458662691419000,88526725000,39000,39000,33370000,33369000,True,True
2655,2655,1789458662724828000,1789458662724789000,88560095000,39000,39000,33370000,33370000,True,True
2656,2656,1789458662758197000,1789458662758158000,88593464000,39000,39000,33369000,33369000,True,True
2657,2657,1789458662791566000,1789458662791529000,88626833000,37000,37000,33369000,33371000,True,True
2658,2658,1789458662824936000,1789458662824898000,88660203000,38000,38000,33370000,33369000,True,True
2659,2659,1789458662858305000,1789458662858268000,88693572000,37000,37000,33369000,33370000,True,True
2660,2660,1789458662891673000,1789458662891638000,88726940000,35000,35000,33368000,33370000,True,True
2661,2661,1789458662925044000,1789458662925006000,88760311000,38000,38000,33371000,33368000,True,True
2662,2662,1789458662958412000,1789458662958376000,88793679000,36000,36000,33368000,33370000,True,True
2663,2663,1789458662991782000,1789458662991746000,88827049000,36000,36000,33370000,33370000,True,True
2664,2664,1789458663025151000,1789458663025115000,88860418000,36000,36000,33369000,33369000,True,True
2665,2665,1789458663058520000,1789458663058484000,88893787000,36000,36000,33369000,33369000,True,True
2666,2666,1789458663091890000,1789458663091855000,88927157000,35000,35000,33370000,33371000,True,True
2667,2667,1789458663125259000,1789458663125226000,88960526000,33000,33000,33369000,33371000,True,True
2668,2668,1789458663158632000,1789458663158594000,88993899000,38000,38000,33373000,33368000,True,True
2669,2669,1789458663192002000,1789458663191964000,89027269000,38000,38000,33370000,33370000,True,True
2670,2670,1789458663225372000,1789458663225335000,89060639000,37000,37000,33370000,33371000,True,True
2671,2671,1789458663258744000,1789458663258705000,89094011000,39000,39000,33372000,33370000,True,True
2672,2672,1789458663292114000,1789458663292075000,89127381000,39000,39000,33370000,33370000,True,True
2673,2673,1789458663325484000,1789458663325446000,89160751000,38000,38000,33370000,33371000,True,True
2674,2674,1789458663358854000,1789458663358815000,89194121000,39000,39000,33370000,33369000,True,True
2675,2675,1789458663392223000,1789458663392185000,89227490000,38000,38000,33369000,33370000,True,True
2676,2676,1789458663425594000,1789458663425555000,89260861000,39000,39000,33371000,33370000,True,True
2677,2677,1789458663458966000,1789458663458924000,89294233000,42000,42000,33372000,33369000,True,True
2678,2678,1789458663492339000,1789458663492296000,89327606000,43000,43000,33373000,33372000,True,True
2679,2679,1789458663525713000,1789458663525666000,89360980000,47000,47000,33374000,33370000,True,True
2680,2680,1789458663559084000,1789458663559038000,89394351000,46000,46000,33371000,33372000,True,True
2681,2681,1789458663592454000,1789458663592408000,89427721000,46000,46000,33370000,33370000,True,True
2682,2682,1789458663625826000,1789458663625780000,89461093000,46000,46000,33372000,33372000,True,True
2683,2683,1789458663659194000,1789458663659149000,89494461000,45000,45000,33368000,33369000,True,True
2684,2684,1789458663692566000,1789458663692520000,89527833000,46000,46000,33372000,33371000,True,True
2685,2685,1789458663725936000,1789458663725890000,89561203000,46000,46000,33370000,33370000,True,True
2686,2686,1789458663759306000,1789458663759260000,89594573000,46000,46000,33370000,33370000,True,True
2687,2687,1789458663792681000,1789458663792629000,89627948000,52000,52000,33375000,33369000,True,True
2688,2688,1789458663826050000,1789458663826000000,89661317000,50000,50000,33369000,33371000,True,True
2689,2689,1789458663859420000,1789458663859369000,89694687000,51000,51000,33370000,33369000,True,True
2690,2690,1789458663892789000,1789458663892740000,89728056000,49000,49000,33369000,33371000,True,True
2691,2691,1789458663926159000,1789458663926109000,89761426000,50000,50000,33370000,33369000,True,True
2692,2692,1789458663959527000,1789458663959478000,89794794000,49000,49000,33368000,33369000,True,True
2693,2693,1789458663992897000,1789458663992849000,89828164000,48000,48000,33370000,33371000,True,True
2694,2694,1789458664026268000,1789458664026219000,89861535000,49000,49000,33371000,33370000,True,True
2695,2695,1789458664059876000,1789458664059826000,89895143000,50000,50000,33608000,33607000,True,True
2696,2696,1789458664093244000,1789458664093194000,89928511000,50000,50000,33368000,33368000,True,True
2697,2697,1789458664126618000,1789458664126564000,89961885000,54000,54000,33374000,33370000,True,True
2698,2698,1789458664159985000,1789458664159933000,89995252000,52000,52000,33367000,33369000,True,True
2699,2699,1789458664193894000,1789458664193840000,90029161000,54000,54000,33909000,33907000,True,True
2700,2700,1789458664227264000,1789458664227211000,90062531000,53000,53000,33370000,33371000,True,True
2701,2701,1789458664260633000,1789458664260580000,90095900000,53000,53000,33369000,33369000,True,True
2702,2702,1789458664294003000,1789458664293950000,90129270000,53000,53000,33370000,33370000,True,True
2703,2703,1789458664327781000,1789458664327728000,90163048000,53000,53000,33778000,33778000,True,True
2704,2704,1789458664361150000,1789458664361097000,90196417000,53000,53000,33369000,33369000,True,True
2705,2705,1789458664394521000,1789458664394467000,90229788000,54000,54000,33371000,33370000,True,True
2706,2706,1789458664427891000,1789458664427837000,90263158000,54000,54000,33370000,33370000,True,True
2707,2707,1789458664461610000,1789458664461558000,90296877000,52000,52000,33719000,33721000,True,True
2708,2708,1789458664494981000,1789458664494928000,90330248000,53000,53000,33371000,33370000,True,True
2709,2709,1789458664528351000,1789458664528298000,90363618000,53000,53000,33370000,33370000,True,True
2710,2710,1789458664561720000,1789458664561667000,90396987000,53000,53000,33369000,33369000,True,True
2711,2711,1789458664595091000,1789458664595038000,90430358000,53000,53000,33371000,33371000,True,True
2712,2712,1789458664628461000,1789458664628408000,90463728000,53000,53000,33370000,33370000,True,True
2713,2713,1789458664661830000,1789458664661777000,90497097000,53000,53000,33369000,33369000,True,True
2714,2714,1789458664695200000,1789458664695148000,90530467000,52000,52000,33370000,33371000,True,True
2715,2715,1789458664728570000,1789458664728518000,90563837000,52000,52000,33370000,33370000,True,True
2716,2716,1789458664761940000,1789458664761887000,90597207000,53000,53000,33370000,33369000,True,True
2717,2717,1789458664795310000,1789458664795257000,90630577000,53000,53000,33370000,33370000,True,True
2718,2718,1789458664828681000,1789458664828628000,90663948000,53000,53000,33371000,33371000,True,True
2719,2719,1789458664861633000,1789458664861580000,90696900000,53000,53000,32952000,32952000,True,True
2720,2720,1789458664895003000,1789458664894950000,90730270000,53000,53000,33370000,33370000,True,True
2721,2721,1789458664928373000,1789458664928320000,90763640000,53000,53000,33370000,33370000,True,True
2722,2722,1789458664961743000,1789458664961690000,90797010000,53000,53000,33370000,33370000,True,True
2723,2723,1789458664994440000,1789458664994390000,90829707000,50000,50000,32697000,32700000,True,True
2724,2724,1789458665027807000,1789458665027761000,90863074000,46000,46000,33367000,33371000,True,True
2725,2725,1789458665061174000,1789458665061131000,90896441000,43000,43000,33367000,33370000,True,True
2726,2726,1789458665094541000,1789458665094502000,90929808000,39000,39000,33367000,33371000,True,True
2727,2727,1789458665127463000,1789458665127423000,90962730000,40000,40000,32922000,32921000,True,True
2728,2728,1789458665160833000,1789458665160794000,90996100000,39000,39000,33370000,33371000,True,True
2729,2729,1789458665194203000,1789458665194165000,91029470000,38000,38000,33370000,33371000,True,True
2730,2730,1789458665227574000,1789458665227534000,91062841000,40000,40000,33371000,33369000,True,True
2731,2731,1789458665260943000,1789458665260904000,91096210000,39000,39000,33369000,33370000,True,True
2732,2732,1789458665294312000,1789458665294274000,91129579000,38000,38000,33369000,33370000,True,True
2733,2733,1789458665327685000,1789458665327645000,91162952000,40000,40000,33373000,33371000,True,True
2734,2734,1789458665361055000,1789458665361015000,91196322000,40000,40000,33370000,33370000,True,True
2735,2735,1789458665394423000,1789458665394384000,91229690000,39000,39000,33368000,33369000,True,True
2736,2736,1789458665427793000,1789458665427755000,91263060000,38000,38000,33370000,33371000,True,True
2737,2737,1789458665461165000,1789458665461126000,91296432000,39000,39000,33372000,33371000,True,True
2738,2738,1789458665494533000,1789458665494496000,91329800000,37000,37000,33368000,33370000,True,True
2739,2739,1789458665527907000,1789458665527866000,91363174000,41000,41000,33374000,33370000,True,True
2740,2740,1789458665561278000,1789458665561237000,91396545000,41000,41000,33371000,33371000,True,True
2741,2741,1789458665594648000,1789458665594606000,91429915000,42000,42000,33370000,33369000,True,True
2742,2742,1789458665628017000,1789458665627977000,91463284000,40000,40000,33369000,33371000,True,True
2743,2743,1789458665661830000,1789458665661793000,91497097000,37000,37000,33813000,33816000,True,True
2744,2744,1789458665695195000,1789458665695162000,91530462000,33000,33000,33365000,33369000,True,True
2745,2745,1789458665728562000,1789458665728532000,91563829000,30000,30000,33367000,33370000,True,True
2746,2746,1789458665761929000,1789458665761902000,91597196000,27000,27000,33367000,33370000,True,True
2747,2747,1789458665795627000,1789458665795604000,91630894000,23000,23000,33698000,33702000,True,True
2748,2748,1789458665828992000,1789458665828975000,91664259000,17000,17000,33365000,33371000,True,True
2749,2749,1789458665862357000,1789458665862345000,91697624000,12000,12000,33365000,33370000,True,True
2750,2750,1789458665895721000,1789458665895714000,91730988000,7000,7000,33364000,33369000,True,True
2751,2751,1789458665928712000,1789458665928708000,91763979000,4000,4000,32991000,32994000,True,True
2752,2752,1789458665962081000,1789458665962079000,91797348000,2000,2000,33369000,33371000,True,True
2753,2753,1789458665995447000,1789458665995448000,91830714000,-1000,1000,33366000,33369000,True,True
2754,2754,1789458666028817000,1789458666028818000,91864084000,-1000,1000,33370000,33370000,True,True
2755,2755,1789458666062187000,1789458666062188000,91897454000,-1000,1000,33370000,33370000,True,True
2756,2756,1789458666095558000,1789458666095557000,91930825000,1000,1000,33371000,33369000,True,True
2757,2757,1789458666128932000,1789458666128927000,91964199000,5000,5000,33374000,33370000,True,True
2758,2758,1789458666162300000,1789458666162296000,91997567000,4000,4000,33368000,33369000,True,True
2759,2759,1789458666195268000,1789458666195264000,92030535000,4000,4000,32968000,32968000,True,True
2760,2760,1789458666228639000,1789458666228633000,92063906000,6000,6000,33371000,33369000,True,True
2761,2761,1789458666262007000,1789458666262004000,92097274000,3000,3000,33368000,33371000,True,True
2762,2762,1789458666295377000,1789458666295373000,92130644000,4000,4000,33370000,33369000,True,True
2763,2763,1789458666328751000,1789458666328743000,92164018000,8000,8000,33374000,33370000,True,True
2764,2764,1789458666362122000,1789458666362113000,92197389000,9000,9000,33371000,33370000,True,True
2765,2765,1789458666395490000,1789458666395483000,92230757000,7000,7000,33368000,33370000,True,True
2766,2766,1789458666428861000,1789458666428854000,92264128000,7000,7000,33371000,33371000,True,True
2767,2767,1789458666462234000,1789458666462224000,92297501000,10000,10000,33373000,33370000,True,True
2768,2768,1789458666495604000,1789458666495593000,92330871000,11000,11000,33370000,33369000,True,True
2769,2769,1789458666528976000,1789458666528964000,92364243000,12000,12000,33372000,33371000,True,True
2770,2770,1789458666562345000,1789458666562334000,92397612000,11000,11000,33369000,33370000,True,True
2771,2771,1789458666595714000,1789458666595704000,92430981000,10000,10000,33369000,33370000,True,True
2772,2772,1789458666629089000,1789458666629074000,92464356000,15000,15000,33375000,33370000,True,True
2773,2773,1789458666662460000,1789458666662444000,92497727000,16000,16000,33371000,33370000,True,True
2774,2774,1789458666695832000,1789458666695816000,92531099000,16000,16000,33372000,33372000,True,True
2775,2775,1789458666729207000,1789458666729186000,92564474000,21000,21000,33375000,33370000,True,True
2776,2776,1789458666762578000,1789458666762558000,92597845000,20000,20000,33371000,33372000,True,True
2777,2777,1789458666795951000,1789458666795927000,92631218000,24000,24000,33373000,33369000,True,True
2778,2778,1789458666829322000,1789458666829298000,92664589000,24000,24000,33371000,33371000,True,True
2779,2779,1789458666862692000,1789458666862668000,92697959000,24000,24000,33370000,33370000,True,True
2780,2780,1789458666896060000,1789458666896038000,92731327000,22000,22000,33368000,33370000,True,True
2781,2781,1789458666929431000,1789458666929407000,92764698000,24000,24000,33371000,33369000,True,True
2782,2782,1789458666962801000,1789458666962778000,92798068000,23000,23000,33370000,33371000,True,True
2783,2783,1789458666996170000,1789458666996148000,92831437000,22000,22000,33369000,33370000,True,True
2784,2784,1789458667029541000,1789458667029518000,92864808000,23000,23000,33371000,33370000,True,True
2785,2785,1789458667062910000,1789458667062888000,92898177000,22000,22000,33369000,33370000,True,True
2786,2786,1789458667096282000,1789458667096259000,92931549000,23000,23000,33372000,33371000,True,True
2787,2787,1789458667129656000,1789458667129630000,92964923000,26000,26000,33374000,33371000,True,True
2788,2788,1789458667163027000,1789458667163000000,92998294000,27000,27000,33371000,33370000,True,True
2789,2789,1789458667196397000,1789458667196369000,93031664000,28000,28000,33370000,33369000,True,True
2790,2790,1789458667229766000,1789458667229740000,93065033000,26000,26000,33369000,33371000,True,True
2791,2791,1789458667263136000,1789458667263110000,93098403000,26000,26000,33370000,33370000,True,True
2792,2792,1789458667296505000,1789458667296479000,93131772000,26000,26000,33369000,33369000,True,True
2793,2793,1789458667329875000,1789458667329849000,93165142000,26000,26000,33370000,33370000,True,True
2794,2794,1789458667363245000,1789458667363220000,93198512000,25000,25000,33370000,33371000,True,True
2795,2795,1789458667396614000,1789458667396589000,93231881000,25000,25000,33369000,33369000,True,True
2796,2796,1789458667429985000,1789458667429959000,93265252000,26000,26000,33371000,33370000,True,True
2797,2797,1789458667463354000,1789458667463330000,93298621000,24000,24000,33369000,33371000,True,True
2798,2798,1789458667496724000,1789458667496700000,93331991000,24000,24000,33370000,33370000,True,True
2799,2799,1789458667530095000,1789458667530071000,93365362000,24000,24000,33371000,33371000,True,True
2800,2800,1789458667563465000,1789458667563442000,93398732000,23000,23000,33370000,33371000,True,True
2801,2801,1789458667596834000,1789458667596810000,93432101000,24000,24000,33369000,33368000,True,True
2802,2802,1789458667630207000,1789458667630181000,93465474000,26000,26000,33373000,33371000,True,True
2803,2803,1789458667663577000,1789458667663553000,93498844000,24000,24000,33370000,33372000,True,True
2804,2804,1789458667696946000,1789458667696923000,93532213000,23000,23000,33369000,33370000,True,True
2805,2805,1789458667730316000,1789458667730292000,93565583000,24000,24000,33370000,33369000,True,True
2806,2806,1789458667763690000,1789458667763665000,93598957000,25000,25000,33374000,33373000,True,True
2807,2807,1789458667797060000,1789458667797035000,93632327000,25000,25000,33370000,33370000,True,True
2808,2808,1789458667830431000,1789458667830405000,93665698000,26000,26000,33371000,33370000,True,True
2809,2809,1789458667863801000,1789458667863776000,93699068000,25000,25000,33370000,33371000,True,True
2810,2810,1789458667897174000,1789458667897146000,93732441000,28000,28000,33373000,33370000,True,True
2811,2811,1789458667930544000,1789458667930516000,93765811000,28000,28000,33370000,33370000,True,True
2812,2812,1789458667963914000,1789458667963885000,93799181000,29000,29000,33370000,33369000,True,True
2813,2813,1789458667997282000,1789458667997254000,93832549000,28000,28000,33368000,33369000,True,True
2814,2814,1789458668030654000,1789458668030624000,93865921000,30000,30000,33372000,33370000,True,True
2815,2815,1789458668064024000,1789458668063997000,93899291000,27000,27000,33370000,33373000,True,True
2816,2816,1789458668097394000,1789458668097366000,93932661000,28000,28000,33370000,33369000,True,True
2817,2817,1789458668130766000,1789458668130737000,93966033000,29000,29000,33372000,33371000,True,True
2818,2818,1789458668164137000,1789458668164107000,93999404000,30000,30000,33371000,33370000,True,True
2819,2819,1789458668197507000,1789458668197477000,94032774000,30000,30000,33370000,33370000,True,True
2820,2820,1789458668230881000,1789458668230848000,94066148000,33000,33000,33374000,33371000,True,True
2821,2821,1789458668264255000,1789458668264220000,94099522000,35000,35000,33374000,33372000,True,True
2822,2822,1789458668297624000,1789458668297591000,94132891000,33000,33000,33369000,33371000,True,True
2823,2823,1789458668330995000,1789458668330962000,94166262000,33000,33000,33371000,33371000,True,True
2824,2824,1789458668364366000,1789458668364334000,94199633000,32000,32000,33371000,33372000,True,True
2825,2825,1789458668397736000,1789458668397702000,94233003000,34000,34000,33370000,33368000,True,True
2826,2826,1789458668431107000,1789458668431073000,94266374000,34000,34000,33371000,33371000,True,True
2827,2827,1789458668464480000,1789458668464445000,94299747000,35000,35000,33373000,33372000,True,True
2828,2828,1789458668497849000,1789458668497814000,94333116000,35000,35000,33369000,33369000,True,True
2829,2829,1789458668531219000,1789458668531186000,94366486000,33000,33000,33370000,33372000,True,True
2830,2830,1789458668564589000,1789458668564554000,94399856000,35000,35000,33370000,33368000,True,True
2831,2831,1789458668597963000,1789458668597923000,94433230000,40000,40000,33374000,33369000,True,True
2832,2832,1789458668631336000,1789458668631294000,94466603000,42000,42000,33373000,33371000,True,True
2833,2833,1789458668664707000,1789458668664666000,94499974000,41000,41000,33371000,33372000,True,True
2834,2834,1789458668698077000,1789458668698036000,94533344000,41000,41000,33370000,33370000,True,True
2835,2835,1789458668731448000,1789458668731406000,94566715000,42000,42000,33371000,33370000,True,True
2836,2836,1789458668764822000,1789458668764778000,94600089000,44000,44000,33374000,33372000,True,True
2837,2837,1789458668798194000,1789458668798148000,94633461000,46000,46000,33372000,33370000,True,True
2838,2838,1789458668831566000,1789458668831519000,94666833000,47000,47000,33372000,33371000,True,True
2839,2839,1789458668864936000,1789458668864889000,94700203000,47000,47000,33370000,33370000,True,True
2840,2840,1789458668898305000,1789458668898260000,94733572000,45000,45000,33369000,33371000,True,True
2841,2841,1789458668931677000,1789458668931630000,94766944000,47000,47000,33372000,33370000,True,True
2842,2842,1789458668965047000,1789458668965001000,94800314000,46000,46000,33370000,33371000,True,True
2843,2843,1789458668998415000,1789458668998370000,94833682000,45000,45000,33368000,33369000,True,True
2844,2844,1789458669031789000,1789458669031742000,94867056000,47000,47000,33374000,33372000,True,True
2845,2845,1789458669065157000,1789458669065113000,94900424000,44000,44000,33368000,33371000,True,True
2846,2846,1789458669098527000,1789458669098481000,94933794000,46000,46000,33370000,33368000,True,True
2847,2847,1789458669131896000,1789458669131851000,94967163000,45000,45000,33369000,33370000,True,True
2848,2848,1789458669165266000,1789458669165222000,95000533000,44000,44000,33370000,33371000,True,True
2849,2849,1789458669198634000,1789458669198591000,95033901000,43000,43000,33368000,33369000,True,True
2850,2850,1789458669232004000,1789458669231962000,95067271000,42000,42000,33370000,33371000,True,True
2851,2851,1789458669265373000,1789458669265331000,95100640000,42000,42000,33369000,33369000,True,True
2852,2852,1789458669298743000,1789458669298702000,95134010000,41000,41000,33370000,33371000,True,True
2853,2853,1789458669332114000,1789458669332072000,95167381000,42000,42000,33371000,33370000,True,True
2854,2854,1789458669365488000,1789458669365441000,95200755000,47000,47000,33374000,33369000,True,True
2855,2855,1789458669398859000,1789458669398812000,95234126000,47000,47000,33371000,33371000,True,True
2856,2856,1789458669432233000,1789458669432182000,95267500000,51000,51000,33374000,33370000,True,True
2857,2857,1789458669465602000,1789458669465551000,95300869000,51000,51000,33369000,33369000,True,True
2858,2858,1789458669498973000,1789458669498921000,95334240000,52000,52000,33371000,33370000,True,True
2859,2859,1789458669532343000,1789458669532292000,95367610000,51000,51000,33370000,33371000,True,True
2860,2860,1789458669565712000,1789458669565661000,95400979000,51000,51000,33369000,33369000,True,True
2861,2861,1789458669599087000,1789458669599032000,95434354000,55000,55000,33375000,33371000,True,True
2862,2862,1789458669632456000,1789458669632402000,95467723000,54000,54000,33369000,33370000,True,True
2863,2863,1789458669665826000,1789458669665771000,95501093000,55000,55000,33370000,33369000,True,True
2864,2864,1789458669699196000,1789458669699142000,95534463000,54000,54000,33370000,33371000,True,True
2865,2865,1789458669732565000,1789458669732513000,95567832000,52000,52000,33369000,33371000,True,True
2866,2866,1789458669765935000,1789458669765881000,95601202000,54000,54000,33370000,33368000,True,True
2867,2867,1789458669799305000,1789458669799252000,95634572000,53000,53000,33370000,33371000,True,True
2868,2868,1789458669832674000,1789458669832621000,95667941000,53000,53000,33369000,33369000,True,True
2869,2869,1789458669866044000,1789458669865991000,95701311000,53000,53000,33370000,33370000,True,True
2870,2870,1789458669899420000,1789458669899361000,95734687000,59000,59000,33376000,33370000,True,True
2871,2871,1789458669932791000,1789458669932733000,95768058000,58000,58000,33371000,33372000,True,True
2872,2872,1789458669966162000,1789458669966102000,95801429000,60000,60000,33371000,33369000,True,True
2873,2873,1789458669999530000,1789458669999473000,95834797000,57000,57000,33368000,33371000,True,True
2874,2874,1789458670032901000,1789458670032842000,95868168000,59000,59000,33371000,33369000,True,True
2875,2875,1789458670066270000,1789458670066211000,95901537000,59000,59000,33369000,33369000,True,True
2876,2876,1789458670099639000,1789458670099582000,95934906000,57000,57000,33369000,33371000,True,True
2877,2877,1789458670133010000,1789458670132951000,95968277000,59000,59000,33371000,33369000,True,True
2878,2878,1789458670166378000,1789458670166321000,96001645000,57000,57000,33368000,33370000,True,True
2879,2879,1789458670199748000,1789458670199691000,96035015000,57000,57000,33370000,33370000,True,True
2880,2880,1789458670233119000,1789458670233061000,96068386000,58000,58000,33371000,33370000,True,True
2881,2881,1789458670266488000,1789458670266431000,96101755000,57000,57000,33369000,33370000,True,True
2882,2882,1789458670299859000,1789458670299802000,96135126000,57000,57000,33371000,33371000,True,True
2883,2883,1789458670333229000,1789458670333173000,96168496000,56000,56000,33370000,33371000,True,True
2884,2884,1789458670366599000,1789458670366544000,96201866000,55000,55000,33370000,33371000,True,True
2885,2885,1789458670399969000,1789458670399914000,96235236000,55000,55000,33370000,33370000,True,True
2886,2886,1789458670433338000,1789458670433283000,96268605000,55000,55000,33369000,33369000,True,True
2887,2887,1789458670466710000,1789458670466655000,96301977000,55000,55000,33372000,33372000,True,True
2888,2888,1789458670500084000,1789458670500025000,96335351000,59000,59000,33374000,33370000,True,True
2889,2889,1789458670533453000,1789458670533395000,96368720000,58000,58000,33369000,33370000,True,True
2890,2890,1789458670566828000,1789458670566766000,96402095000,62000,62000,33375000,33371000,True,True
2891,2891,1789458670600200000,1789458670600136000,96435467000,64000,64000,33372000,33370000,True,True
2892,2892,1789458670633568000,1789458670633506000,96468835000,62000,62000,33368000,33370000,True,True
2893,2893,1789458670666941000,1789458670666877000,96502208000,64000,64000,33373000,33371000,True,True
2894,2894,1789458670700310000,1789458670700248000,96535577000,62000,62000,33369000,33371000,True,True
2895,2895,1789458670733678000,1789458670733617000,96568945000,61000,61000,33368000,33369000,True,True
2896,2896,1789458670767049000,1789458670766987000,96602316000,62000,62000,33371000,33370000,True,True
2897,2897,1789458670800422000,1789458670800359000,96635689000,63000,63000,33373000,33372000,True,True
2898,2898,1789458670833794000,1789458670833731000,96669061000,63000,63000,33372000,33372000,True,True
2899,2899,1789458670867167000,1789458670867105000,96702434000,62000,62000,33373000,33374000,True,True
2900,2900,1789458670900536000,1789458670900475000,96735803000,61000,61000,33369000,33370000,True,True
2901,2901,1789458670933906000,1789458670933844000,96769173000,62000,62000,33370000,33369000,True,True
2902,2902,1789458670967279000,1789458670967216000,96802546000,63000,63000,33373000,33372000,True,True
2903,2903,1789458671000650000,1789458671000588000,96835917000,62000,62000,33371000,33372000,True,True
2904,2904,1789458671034021000,1789458671033958000,96869288000,63000,63000,33371000,33370000,True,True
2905,2905,1789458671067395000,1789458671067328000,96902662000,67000,67000,33374000,33370000,True,True
2906,2906,1789458671100767000,1789458671100701000,96936034000,66000,66000,33372000,33373000,True,True
2907,2907,1789458671134136000,1789458671134071000,96969403000,65000,65000,33369000,33370000,True,True
2908,2908,1789458671167506000,1789458671167440000,97002773000,66000,66000,33370000,33369000,True,True
2909,2909,1789458671200879000,1789458671200814000,97036146000,65000,65000,33373000,33374000,True,True
2910,2910,1789458671234247000,1789458671234181000,97069514000,66000,66000,33368000,33367000,True,True
2911,2911,1789458671267618000,1789458671267552000,97102885000,66000,66000,33371000,33371000,True,True
2912,2912,1789458671300987000,1789458671300923000,97136254000,64000,64000,33369000,33371000,True,True
2913,2913,1789458671334356000,1789458671334292000,97169623000,64000,64000,33369000,33369000,True,True
2914,2914,1789458671367731000,1789458671367662000,97202998000,69000,69000,33375000,33370000,True,True
2915,2915,1789458671401101000,1789458671401031000,97236368000,70000,70000,33370000,33369000,True,True
2916,2916,1789458671434469000,1789458671434402000,97269736000,67000,67000,33368000,33371000,True,True
2917,2917,1789458671467839000,1789458671467771000,97303106000,68000,68000,33370000,33369000,True,True
2918,2918,1789458671501208000,1789458671501142000,97336475000,66000,66000,33369000,33371000,True,True
2919,2919,1789458671534578000,1789458671534512000,97369845000,66000,66000,33370000,33370000,True,True
2920,2920,1789458671567948000,1789458671567882000,97403215000,66000,66000,33370000,33370000,True,True
2921,2921,1789458671601318000,1789458671601253000,97436585000,65000,65000,33370000,33371000,True,True
2922,2922,1789458671634687000,1789458671634621000,97469954000,66000,66000,33369000,33368000,True,True
2923,2923,1789458671668059000,1789458671667993000,97503326000,66000,66000,33372000,33372000,True,True
2924,2924,1789458671701432000,1789458671701365000,97536699000,67000,67000,33373000,33372000,True,True
2925,2925,1789458671734800000,1789458671734734000,97570067000,66000,66000,33368000,33369000,True,True
2926,2926,1789458671768172000,1789458671768106000,97603439000,66000,66000,33372000,33372000,True,True
2927,2927,1789458671801541000,1789458671801477000,97636808000,64000,64000,33369000,33371000,True,True
2928,2928,1789458671834910000,1789458671834846000,97670177000,64000,64000,33369000,33369000,True,True
2929,2929,1789458671868281000,1789458671868217000,97703548000,64000,64000,33371000,33371000,True,True
2930,2930,1789458671901650000,1789458671901587000,97736917000,63000,63000,33369000,33370000,True,True
2931,2931,1789458671935020000,1789458671934956000,97770287000,64000,64000,33370000,33369000,True,True
2932,2932,1789458671968390000,1789458671968327000,97803657000,63000,63000,33370000,33371000,True,True
2933,2933,1789458672001759000,1789458672001697000,97837026000,62000,62000,33369000,33370000,True,True
2934,2934,1789458672035128000,1789458672035066000,97870395000,62000,62000,33369000,33369000,True,True
2935,2935,1789458672068497000,1789458672068436000,97903764000,61000,61000,33369000,33370000,True,True
2936,2936,1789458672101867000,1789458672101806000,97937134000,61000,61000,33370000,33370000,True,True
2937,2937,1789458672135238000,1789458672135177000,97970505000,61000,61000,33371000,33371000,True,True
2938,2938,1789458672168608000,1789458672168548000,98003875000,60000,60000,33370000,33371000,True,True
2939,2939,1789458672201978000,1789458672201917000,98037245000,61000,61000,33370000,33369000,True,True
2940,2940,1789458672235347000,1789458672235287000,98070614000,60000,60000,33369000,33370000,True,True
2941,2941,1789458672268717000,1789458672268657000,98103984000,60000,60000,33370000,33370000,True,True
2942,2942,1789458672302088000,1789458672302028000,98137355000,60000,60000,33371000,33371000,True,True
2943,2943,1789458672335456000,1789458672335396000,98170723000,60000,60000,33368000,33368000,True,True
2944,2944,1789458672368826000,1789458672368767000,98204093000,59000,59000,33370000,33371000,True,True
2945,2945,1789458672402198000,1789458672402137000,98237465000,61000,61000,33372000,33370000,True,True
2946,2946,1789458672435566000,1789458672435506000,98270833000,60000,60000,33368000,33369000,True,True
2947,2947,1789458672468936000,1789458672468877000,98304203000,59000,59000,33370000,33371000,True,True
2948,2948,1789458672502306000,1789458672502248000,98337573000,58000,58000,33370000,33371000,True,True
2949,2949,1789458672535676000,1789458672535619000,98370943000,57000,57000,33370000,33371000,True,True
2950,2950,1789458672569046000,1789458672568989000,98404313000,57000,57000,33370000,33370000,True,True
2951,2951,1789458672602414000,1789458672602357000,98437681000,57000,57000,33368000,33368000,True,True
2952,2952,1789458672635784000,1789458672635728000,98471051000,56000,56000,33370000,33371000,True,True
2953,2953,1789458672669154000,1789458672669100000,98504421000,54000,54000,33370000,33372000,True,True
2954,2954,1789458672702524000,1789458672702469000,98537791000,55000,55000,33370000,33369000,True,True
2955,2955,1789458672735895000,1789458672735839000,98571162000,56000,56000,33371000,33370000,True,True
2956,2956,1789458672769264000,1789458672769210000,98604531000,54000,54000,33369000,33371000,True,True
2957,2957,1789458672802635000,1789458672802581000,98637902000,54000,54000,33371000,33371000,True,True
2958,2958,1789458672836007000,1789458672835954000,98671274000,53000,53000,33372000,33373000,True,True
2959,2959,1789458672869376000,1789458672869323000,98704643000,53000,53000,33369000,33369000,True,True
2960,2960,1789458672902744000,1789458672902694000,98738011000,50000,50000,33368000,33371000,True,True
2961,2961,1789458672936116000,1789458672936064000,98771383000,52000,52000,33372000,33370000,True,True
2962,2962,1789458672969488000,1789458672969436000,98804755000,52000,52000,33372000,33372000,True,True
2963,2963,1789458673002856000,1789458673002805000,98838123000,51000,51000,33368000,33369000,True,True
2964,2964,1789458673036228000,1789458673036176000,98871495000,52000,52000,33372000,33371000,True,True
2965,2965,1789458673069597000,1789458673069546000,98904864000,51000,51000,33369000,33370000,True,True
2966,2966,1789458673102967000,1789458673102916000,98938234000,51000,51000,33370000,33370000,True,True
2967,2967,1789458673136339000,1789458673136288000,98971606000,51000,51000,33372000,33372000,True,True
2968,2968,1789458673169708000,1789458673169658000,99004975000,50000,50000,33369000,33370000,True,True
2969,2969,1789458673203079000,1789458673203028000,99038346000,51000,51000,33371000,33370000,True,True
2970,2970,1789458673236449000,1789458673236398000,99071716000,51000,51000,33370000,33370000,True,True
2971,2971,1789458673269822000,1789458673269768000,99105089000,54000,54000,33373000,33370000,True,True
2972,2972,1789458673303191000,1789458673303138000,99138458000,53000,53000,33369000,33370000,True,True
2973,2973,1789458673336563000,1789458673336510000,99171830000,53000,53000,33372000,33372000,True,True
2974,2974,1789458673369932000,1789458673369880000,99205199000,52000,52000,33369000,33370000,True,True
2975,2975,1789458673403301000,1789458673403249000,99238568000,52000,52000,33369000,33369000,True,True
2976,2976,1789458673436671000,1789458673436619000,99271938000,52000,52000,33370000,33370000,True,True
2977,2977,1789458673470047000,1789458673469990000,99305314000,57000,57000,33376000,33371000,True,True
2978,2978,1789458673503416000,1789458673503359000,99338683000,57000,57000,33369000,33369000,True,True
2979,2979,1789458673536791000,1789458673536730000,99372058000,61000,61000,33375000,33371000,True,True
2980,2980,1789458673570160000,1789458673570100000,99405427000,60000,60000,33369000,33370000,True,True
2981,2981,1789458673603530000,1789458673603470000,99438797000,60000,60000,33370000,33370000,True,True
2982,2982,1789458673636899000,1789458673636840000,99472166000,59000,59000,33369000,33370000,True,True
2983,2983,1789458673670271000,1789458673670211000,99505538000,60000,60000,33372000,33371000,True,True
2984,2984,1789458673703640000,1789458673703580000,99538907000,60000,60000,33369000,33369000,True,True
2985,2985,1789458673737013000,1789458673736954000,99572280000,59000,59000,33373000,33374000,True,True
2986,2986,1789458673770383000,1789458673770325000,99605650000,58000,58000,33370000,33371000,True,True
2987,2987,1789458673803752000,1789458673803692000,99639019000,60000,60000,33369000,33367000,True,True
2988,2988,1789458673837122000,1789458673837063000,99672389000,59000,59000,33370000,33371000,True,True
2989,2989,1789458673870496000,1789458673870433000,99705763000,63000,63000,33374000,33370000,True,True
2990,2990,1789458673903864000,1789458673903802000,99739131000,62000,62000,33368000,33369000,True,True
2991,2991,1789458673937239000,1789458673937172000,99772506000,67000,67000,33375000,33370000,True,True
2992,2992,1789458673970609000,1789458673970543000,99805876000,66000,66000,33370000,33371000,True,True
2993,2993,1789458674003979000,1789458674003912000,99839246000,67000,67000,33370000,33369000,True,True
2994,2994,1789458674037348000,1789458674037283000,99872615000,65000,65000,33369000,33371000,True,True
2995,2995,1789458674070718000,1789458674070653000,99905985000,65000,65000,33370000,33370000,True,True
2996,2996,1789458674104086000,1789458674104022000,99939353000,64000,64000,33368000,33369000,True,True
2997,2997,1789458674137455000,1789458674137392000,99972722000,63000,63000,33369000,33370000,True,True
2998,2998,1789458674170825000,1789458674170762000,100006092000,63000,63000,33370000,33370000,True,True
2999,2999,1789458674204192000,1789458674204130000,100039459000,62000,62000,33367000,33368000,True,True
3000,3000,1789458674237562000,1789458674237501000,100072829000,61000,61000,33370000,33371000,True,True
3001,3001,1789458674270937000,1789458674270871000,100106204000,66000,66000,33375000,33370000,True,True
3002,3002,1789458674304306000,1789458674304241000,100139573000,65000,65000,33369000,33370000,True,True
3003,3003,1789458674337678000,1789458674337612000,100172945000,66000,66000,33372000,33371000,True,True
3004,3004,1789458674371049000,1789458674370984000,100206316000,65000,65000,33371000,33372000,True,True
3005,3005,1789458674404424000,1789458674404353000,100239691000,71000,71000,33375000,33369000,True,True
3006,3006,1789458674437797000,1789458674437726000,100273064000,71000,71000,33373000,33373000,True,True
3007,3007,1789458674471168000,1789458674471098000,100306435000,70000,70000,33371000,33372000,True,True
3008,3008,1789458674504536000,1789458674504467000,100339803000,69000,69000,33368000,33369000,True,True
3009,3009,1789458674537906000,1789458674537838000,100373173000,68000,68000,33370000,33371000,True,True
3010,3010,1789458674571279000,1789458674571211000,100406546000,68000,68000,33373000,33373000,True,True
3011,3011,1789458674604647000,1789458674604580000,100439914000,67000,67000,33368000,33369000,True,True
3012,3012,1789458674638018000,1789458674637950000,100473285000,68000,68000,33371000,33370000,True,True
3013,3013,1789458674671388000,1789458674671321000,100506655000,67000,67000,33370000,33371000,True,True
3014,3014,1789458674704760000,1789458674704693000,100540027000,67000,67000,33372000,33372000,True,True
3015,3015,1789458674738129000,1789458674738064000,100573396000,65000,65000,33369000,33371000,True,True
3016,3016,1789458674771499000,1789458674771433000,100606766000,66000,66000,33370000,33369000,True,True
3017,3017,1789458674804868000,1789458674804803000,100640135000,65000,65000,33369000,33370000,True,True
3018,3018,1789458674838242000,1789458674838173000,100673509000,69000,69000,33374000,33370000,True,True
3019,3019,1789458674871612000,1789458674871542000,100706879000,70000,70000,33370000,33369000,True,True
3020,3020,1789458674904981000,1789458674904912000,100740248000,69000,69000,33369000,33370000,True,True
3021,3021,1789458674938350000,1789458674938282000,100773617000,68000,68000,33369000,33370000,True,True
3022,3022,1789458674971720000,1789458674971652000,100806987000,68000,68000,33370000,33370000,True,True
3023,3023,1789458675005097000,1789458675005023000,100840364000,74000,74000,33377000,33371000,True,True
3024,3024,1789458675038466000,1789458675038393000,100873733000,73000,73000,33369000,33370000,True,True
3025,3025,1789458675071834000,1789458675071763000,100907101000,71000,71000,33368000,33370000,True,True
3026,3026,1789458675105205000,1789458675105132000,100940472000,73000,73000,33371000,33369000,True,True
3027,3027,1789458675138574000,1789458675138503000,100973841000,71000,71000,33369000,33371000,True,True
3028,3028,1789458675171944000,1789458675171873000,101007211000,71000,71000,33370000,33370000,True,True
3029,3029,1789458675205315000,1789458675205242000,101040582000,73000,73000,33371000,33369000,True,True
3030,3030,1789458675238684000,1789458675238613000,101073951000,71000,71000,33369000,33371000,True,True
3031,3031,1789458675272052000,1789458675271983000,101107319000,69000,69000,33368000,33370000,True,True
3032,3032,1789458675305424000,1789458675305353000,101140691000,71000,71000,33372000,33370000,True,True
3033,3033,1789458675338793000,1789458675338722000,101174060000,71000,71000,33369000,33369000,True,True
3034,3034,1789458675372162000,1789458675372092000,101207429000,70000,70000,33369000,33370000,True,True
3035,3035,1789458675405530000,1789458675405462000,101240797000,68000,68000,33368000,33370000,True,True
3036,3036,1789458675438901000,1789458675438832000,101274168000,69000,69000,33371000,33370000,True,True
3037,3037,1789458675472269000,1789458675472202000,101307536000,67000,67000,33368000,33370000,True,True
3038,3038,1789458675505640000,1789458675505574000,101340907000,66000,66000,33371000,33372000,True,True
3039,3039,1789458675539009000,1789458675538943000,101374276000,66000,66000,33369000,33369000,True,True
3040,3040,1789458675572378000,1789458675572312000,101407645000,66000,66000,33369000,33369000,True,True
3041,3041,1789458675605748000,1789458675605681000,101441015000,67000,67000,33370000,33369000,True,True
3042,3042,1789458675639118000,1789458675639052000,101474385000,66000,66000,33370000,33371000,True,True
3043,3043,1789458675672487000,1789458675672420000,101507754000,67000,67000,33369000,33368000,True,True
3044,3044,1789458675705856000,1789458675705792000,101541123000,64000,64000,33369000,33372000,True,True
3045,3045,1789458675739227000,1789458675739163000,101574494000,64000,64000,33371000,33371000,True,True
3046,3046,1789458675772595000,1789458675772531000,101607862000,64000,64000,33368000,33368000,True,True
3047,3047,1789458675805966000,1789458675805902000,101641233000,64000,64000,33371000,33371000,True,True
3048,3048,1789458675839336000,1789458675839272000,101674603000,64000,64000,33370000,33370000,True,True
3049,3049,1789458675872704000,1789458675872641000,101707971000,63000,63000,33368000,33369000,True,True
3050,3050,1789458675906079000,1789458675906011000,101741346000,68000,68000,33375000,33370000,True,True
3051,3051,1789458675939450000,1789458675939382000,101774717000,68000,68000,33371000,33371000,True,True
3052,3052,1789458675972819000,1789458675972752000,101808086000,67000,67000,33369000,33370000,True,True
3053,3053,1789458676006195000,1789458676006123000,101841462000,72000,72000,33376000,33371000,True,True
3054,3054,1789458676039570000,1789458676039494000,101874837000,76000,76000,33375000,33371000,True,True
3055,3055,1789458676072940000,1789458676072863000,101908207000,77000,77000,33370000,33369000,True,True
3056,3056,1789458676106309000,1789458676106232000,101941576000,77000,77000,33369000,33369000,True,True
3057,3057,1789458676139679000,1789458676139604000,101974946000,75000,75000,33370000,33372000,True,True
3058,3058,1789458676173048000,1789458676172972000,102008315000,76000,76000,33369000,33368000,True,True
3059,3059,1789458676206421000,1789458676206342000,102041688000,79000,79000,33373000,33370000,True,True
3060,3060,1789458676239798000,1789458676239713000,102075065000,85000,85000,33377000,33371000,True,True
3061,3061,1789458676273166000,1789458676273083000,102108433000,83000,83000,33368000,33370000,True,True
3062,3062,1789458676306535000,1789458676306452000,102141802000,83000,83000,33369000,33369000,True,True
3063,3063,1789458676339909000,1789458676339827000,102175176000,82000,82000,33374000,33375000,True,True
3064,3064,1789458676373284000,1789458676373196000,102208551000,88000,88000,33375000,33369000,True,True
3065,3065,1789458676406654000,1789458676406566000,102241921000,88000,88000,33370000,33370000,True,True
3066,3066,1789458676440030000,1789458676439937000,102275297000,93000,93000,33376000,33371000,True,True
3067,3067,1789458676473399000,1789458676473305000,102308666000,94000,94000,33369000,33368000,True,True
3068,3068,1789458676506770000,1789458676506677000,102342037000,93000,93000,33371000,33372000,True,True
3069,3069,1789458676540138000,1789458676540047000,102375405000,91000,91000,33368000,33370000,True,True
3070,3070,1789458676573508000,1789458676573416000,102408775000,92000,92000,33370000,33369000,True,True
3071,3071,1789458676606880000,1789458676606789000,102442147000,91000,91000,33372000,33373000,True,True
3072,3072,1789458676640250000,1789458676640158000,102475517000,92000,92000,33370000,33369000,True,True
3073,3073,1789458676673619000,1789458676673529000,102508886000,90000,90000,33369000,33371000,True,True
3074,3074,1789458676706988000,1789458676706899000,102542255000,89000,89000,33369000,33370000,True,True
3075,3075,1789458676740365000,1789458676740270000,102575632000,95000,95000,33377000,33371000,True,True
3076,3076,1789458676773734000,1789458676773639000,102609001000,95000,95000,33369000,33369000,True,True
3077,3077,1789458676807102000,1789458676807009000,102642369000,93000,93000,33368000,33370000,True,True
3078,3078,1789458676840473000,1789458676840380000,102675740000,93000,93000,33371000,33371000,True,True
3079,3079,1789458676873841000,1789458676873748000,102709108000,93000,93000,33368000,33368000,True,True
3080,3080,1789458676907211000,1789458676907120000,102742478000,91000,91000,33370000,33372000,True,True
3081,3081,1789458676940580000,1789458676940490000,102775847000,90000,90000,33369000,33370000,True,True
3082,3082,1789458676973949000,1789458676973860000,102809216000,89000,89000,33369000,33370000,True,True
3083,3083,1789458677007318000,1789458677007231000,102842585000,87000,87000,33369000,33371000,True,True
3084,3084,1789458677040687000,1789458677040599000,102875954000,88000,88000,33369000,33368000,True,True
3085,3085,1789458677074057000,1789458677073970000,102909324000,87000,87000,33370000,33371000,True,True
3086,3086,1789458677107427000,1789458677107340000,102942694000,87000,87000,33370000,33370000,True,True
3087,3087,1789458677140797000,1789458677140711000,102976064000,86000,86000,33370000,33371000,True,True
3088,3088,1789458677174165000,1789458677174079000,103009432000,86000,86000,33368000,33368000,True,True
3089,3089,1789458677207534000,1789458677207449000,103042801000,85000,85000,33369000,33370000,True,True
3090,3090,1789458677240903000,1789458677240818000,103076170000,85000,85000,33369000,33369000,True,True
3091,3091,1789458677274274000,1789458677274189000,103109541000,85000,85000,33371000,33371000,True,True
3092,3092,1789458677307644000,1789458677307560000,103142911000,84000,84000,33370000,33371000,True,True
3093,3093,1789458677341012000,1789458677340930000,103176279000,82000,82000,33368000,33370000,True,True
3094,3094,1789458677374382000,1789458677374299000,103209649000,83000,83000,33370000,33369000,True,True
3095,3095,1789458677407753000,1789458677407669000,103243020000,84000,84000,33371000,33370000,True,True
3096,3096,1789458677441121000,1789458677441039000,103276388000,82000,82000,33368000,33370000,True,True
