index,recorded_ns,header_ns,interval_ns
1,1789458574186470616,1789458574164727000,
2,1789458574218626872,1789458574198095000,33368000
3,1789458574251542583,1789458574231461000,33366000
4,1789458574285762097,1789458574264831000,33370000
5,1789458574318426219,1789458574298198000,33367000
6,1789458574351769178,1789458574331566000,33368000
7,1789458574385121012,1789458574364932000,33366000
8,1789458574418776193,1789458574398299000,33367000
9,1789458574452381780,1789458574431666000,33367000
10,1789458574484938369,1789458574465033000,33367000
11,1789458574518730103,1789458574498399000,33366000
12,1789458574551676967,1789458574531765000,33366000
13,1789458574585561680,1789458574565133000,33368000
14,1789458574619088312,1789458574598499000,33366000
15,1789458574651980613,1789458574631866000,33367000
16,1789458574685590938,1789458574665232000,33366000
17,1789458574718772031,1789458574698598000,33366000
18,1789458574752402711,1789458574731966000,33368000
19,1789458574785655306,1789458574765332000,33366000
20,1789458574818608461,1789458574798699000,33367000
21,1789458574852550431,1789458574832065000,33366000
22,1789458574885640409,1789458574865431000,33366000
23,1789458574919370739,1789458574898798000,33367000
24,1789458574952566056,1789458574932165000,33367000
25,1789458574986213725,1789458574965532000,33367000
26,1789458575018989405,1789458574998899000,33367000
27,1789458575052471161,1789458575032265000,33366000
28,1789458575085603462,1789458575065632000,33367000
29,1789458575119057301,1789458575098999000,33367000
30,1789458575152594162,1789458575132366000,33367000
31,1789458575185902032,1789458575165732000,33366000
32,1789458575219347817,1789458575199098000,33366000
33,1789458575252751491,1789458575232465000,33367000
34,1789458575286179316,1789458575265832000,33367000
35,1789458575318979369,1789458575299199000,33367000
36,1789458575353141046,1789458575332566000,33367000
37,1789458575386744310,1789458575365932000,33366000
38,1789458575419231150,1789458575399298000,33366000
39,1789458575452690198,1789458575432665000,33367000
40,1789458575486564865,1789458575466032000,33367000
41,1789458575519494279,1789458575499398000,33366000
42,1789458575553069035,1789458575532764000,33366000
43,1789458575586714991,1789458575566132000,33368000
44,1789458575620802261,1789458575599501000,33369000
45,1789458575654490170,1789458575632871000,33370000
46,1789458575686911728,1789458575666239000,33368000
47,1789458575721313794,1789458575699607000,33368000
48,1789458575753899432,1789458575732978000,33371000
49,1789458575788139523,1789458575766349000,33371000
50,1789458575821489405,1789458575799719000,33370000
51,1789458575854581887,1789458575833091000,33372000
52,1789458575888129967,1789458575866460000,33369000
53,1789458575921710242,1789458575899831000,33371000
54,1789458575954834248,1789458575933200000,33369000
55,1789458575987940735,1789458575966570000,33370000
56,1789458576021816454,1789458575999940000,33370000
57,1789458576054888422,1789458576033307000,33367000
58,1789458576087694095,1789458576066675000,33368000
59,1789458576120851338,1789458576100040000,33365000
60,1789458576155212207,1789458576133413000,33373000
61,1789458576188106170,1789458576166780000,33367000
62,1789458576221595811,1789458576200149000,33369000
63,1789458576254625286,1789458576233518000,33369000
64,1789458576287717078,1789458576266885000,33367000
65,1789458576321611209,1789458576300254000,33369000
66,1789458576355069977,1789458576333623000,33369000
67,1789458576387919565,1789458576366990000,33367000
68,1789458576422170316,1789458576400364000,33374000
69,1789458576455551221,1789458576433739000,33375000
70,1789458576488289038,1789458576467106000,33367000
71,1789458576521349056,1789458576500472000,33366000
72,1789458576556210508,1789458576533847000,33375000
73,1789458576588251395,1789458576567215000,33368000
74,1789458576622354353,1789458576600587000,33372000
75,1789458576654773797,1789458576633954000,33367000
76,1789458576687912038,1789458576667320000,33366000
77,1789458576723010125,1789458576700695000,33375000
78,1789458576754338816,1789458576734061000,33366000
79,1789458576787907863,1789458576767427000,33366000
80,1789458576821202400,1789458576800794000,33367000
81,1789458576854448275,1789458576834160000,33366000
82,1789458576887639416,1789458576867527000,33367000
83,1789458576921118499,1789458576900893000,33366000
84,1789458576954910145,1789458576934261000,33368000
85,1789458576988189016,1789458576967627000,33366000
86,1789458577021774892,1789458577000994000,33367000
87,1789458577055122852,1789458577034361000,33367000
88,1789458577088172060,1789458577067729000,33368000
89,1789458577122026104,1789458577101096000,33367000
90,1789458577154891208,1789458577134463000,33367000
91,1789458577188900116,1789458577167833000,33370000
92,1789458577221989182,1789458577201204000,33371000
93,1789458577254672005,1789458577234569000,33365000
94,1789458577289129670,1789458577267939000,33370000
95,1789458577321816399,1789458577301305000,33366000
96,1789458577354644159,1789458577334671000,33366000
97,1789458577388606197,1789458577368037000,33366000
98,1789458577421701855,1789458577401404000,33367000
99,1789458577455147891,1789458577434771000,33367000
100,1789458577488590842,1789458577468138000,33367000
101,1789458577523001648,1789458577501508000,33370000
102,1789458577555256068,1789458577534874000,33366000
103,1789458577589078919,1789458577568241000,33367000
104,1789458577622146028,1789458577601607000,33366000
105,1789458577655407449,1789458577634974000,33367000
106,1789458577689015432,1789458577668341000,33367000
107,1789458577722081890,1789458577701707000,33366000
108,1789458577755233353,1789458577735073000,33366000
109,1789458577788841596,1789458577768441000,33368000
110,1789458577822385200,1789458577801808000,33367000
111,1789458577855661536,1789458577835176000,33368000
112,1789458577888833534,1789458577868542000,33366000
113,1789458577921964432,1789458577901909000,33367000
114,1789458577955800496,1789458577935274000,33365000
115,1789458577989033708,1789458577968642000,33368000
116,1789458578022347311,1789458578002007000,33365000
117,1789458578055509221,1789458578035375000,33368000
118,1789458578089673406,1789458578068740000,33365000
119,1789458578122212631,1789458578102108000,33368000
120,1789458578155909396,1789458578135474000,33366000
121,1789458578189163634,1789458578168839000,33365000
122,1789458578222143874,1789458578202206000,33367000
123,1789458578255761604,1789458578235573000,33367000
124,1789458578290121213,1789458578268946000,33373000
125,1789458578322859658,1789458578302314000,33368000
126,1789458578355527614,1789458578335679000,33365000
127,1789458578389595423,1789458578369046000,33367000
128,1789458578423242303,1789458578402416000,33370000
129,1789458578456146493,1789458578435782000,33366000
130,1789458578490478615,1789458578469147000,33365000
131,1789458578522877249,1789458578502514000,33367000
132,1789458578556395379,1789458578535881000,33367000
133,1789458578589841155,1789458578569249000,33368000
134,1789458578623325476,1789458578602614000,33365000
135,1789458578657521676,1789458578635987000,33373000
136,1789458578689522300,1789458578669354000,33367000
137,1789458578723354086,1789458578702723000,33369000
138,1789458578756790065,1789458578736090000,33367000
139,1789458578789922094,1789458578769456000,33366000
140,1789458578823046981,1789458578802821000,33365000
141,1789458578856526425,1789458578836188000,33367000
142,1789458578889962374,1789458578869556000,33368000
143,1789458578923469405,1789458578902922000,33366000
144,1789458578957010994,1789458578936289000,33367000
145,1789458578989629375,1789458578969654000,33365000
146,1789458579023399488,1789458579003020000,33366000
147,1789458579056584527,1789458579036386000,33366000
148,1789458579089861894,1789458579069754000,33368000
149,1789458579123039720,1789458579103119000,33365000
150,1789458579156590335,1789458579136485000,33366000
151,1789458579190670967,1789458579169857000,33372000
152,1789458579223319527,1789458579203224000,33367000
153,1789458579256533486,1789458579236590000,33366000
154,1789458579290014682,1789458579269957000,33367000
155,1789458579323600597,1789458579303322000,33365000
156,1789458579357101646,1789458579336687000,33365000
157,1789458579391014471,1789458579370059000,33372000
158,1789458579423457099,1789458579403424000,33365000
159,1789458579457047492,1789458579436790000,33366000
160,1789458579490690454,1789458579470155000,33365000
161,1789458579523835735,1789458579503521000,33366000
162,1789458579557157748,1789458579536888000,33367000
163,1789458579590312565,1789458579570252000,33364000
164,1789458579623660734,1789458579603619000,33367000
165,1789458579657009813,1789458579636985000,33366000
166,1789458579690751996,1789458579670351000,33366000
167,1789458579723924023,1789458579703717000,33366000
168,1789458579757648525,1789458579737082000,33365000
169,1789458579790838352,1789458579770448000,33366000
170,1789458579824246232,1789458579803813000,33365000
171,1789458579857789214,1789458579837181000,33368000
172,1789458579891104976,1789458579870547000,33366000
173,1789458579924404892,1789458579903912000,33365000
174,1789458579958004210,1789458579937281000,33369000
175,1789458579991162433,1789458579970649000,33368000
176,1789458580024076973,1789458580004016000,33367000
177,1789458580057718943,1789458580037381000,33365000
178,1789458580090986923,1789458580070748000,33367000
179,1789458580125060833,1789458580104116000,33368000
180,1789458580158198148,1789458580137481000,33365000
181,1789458580191777391,1789458580170849000,33368000
182,1789458580225142467,1789458580204215000,33366000
183,1789458580258855379,1789458580237580000,33365000
184,1789458580291245093,1789458580270949000,33369000
185,1789458580324990581,1789458580304316000,33367000
186,1789458580358167084,1789458580337681000,33365000
187,1789458580392325980,1789458580371053000,33372000
188,1789458580424952280,1789458580404419000,33366000
189,1789458580458488749,1789458580437783000,33364000
190,1789458580491596694,1789458580471152000,33369000
191,1789458580524495722,1789458580504518000,33366000
192,1789458580558387560,1789458580537882000,33364000
193,1789458580591659436,1789458580571249000,33367000
194,1789458580624943293,1789458580604616000,33367000
195,1789458580658421102,1789458580637981000,33365000
196,1789458580691628929,1789458580671349000,33368000
197,1789458580725471673,1789458580704717000,33368000
198,1789458580758371782,1789458580738085000,33368000
199,1789458580792183944,1789458580771453000,33368000
200,1789458580825334462,1789458580804818000,33365000
201,1789458580858257901,1789458580838185000,33367000
202,1789458580892131218,1789458580871554000,33369000
203,1789458580925165127,1789458580904920000,33366000
204,1789458580958622581,1789458580938287000,33367000
205,1789458580991904805,1789458580971653000,33366000
206,1789458581025442532,1789458581005020000,33367000
207,1789458581059168756,1789458581038388000,33368000
208,1789458581092651662,1789458581071758000,33370000
209,1789458581125454362,1789458581105124000,33366000
210,1789458581158836005,1789458581138492000,33368000
211,1789458581192206539,1789458581171856000,33364000
212,1789458581225916985,1789458581205226000,33370000
213,1789458581258580827,1789458581238593000,33367000
214,1789458581292446119,1789458581271960000,33367000
215,1789458581325837799,1789458581305328000,33368000
216,1789458581358822170,1789458581338695000,33367000
217,1789458581392300830,1789458581372062000,33367000
218,1789458581425741343,1789458581405429000,33367000
219,1789458581459432888,1789458581438797000,33368000
220,1789458581491904029,1789458581472164000,33367000
221,1789458581525431502,1789458581505529000,33365000
222,1789458581559145394,1789458581538896000,33367000
223,1789458581592294818,1789458581572261000,33365000
224,1789458581626312121,1789458581605630000,33369000
225,1789458581659117165,1789458581638997000,33367000
226,1789458581692547742,1789458581672363000,33366000
227,1789458581725785678,1789458581705729000,33366000
228,1789458581759814501,1789458581739096000,33367000
229,1789458581792721359,1789458581772462000,33366000
230,1789458581825960848,1789458581805829000,33367000
231,1789458581859427757,1789458581839194000,33365000
232,1789458581893123989,1789458581872561000,33367000
233,1789458581926545260,1789458581905927000,33366000
234,1789458581959931721,1789458581939294000,33367000
235,1789458581993374999,1789458581972661000,33367000
236,1789458582026310472,1789458582006026000,33365000
237,1789458582059670666,1789458582039394000,33368000
238,1789458582093131122,1789458582072759000,33365000
239,1789458582126257765,1789458582106125000,33366000
240,1789458582159490481,1789458582139492000,33367000
241,1789458582193107205,1789458582172857000,33365000
242,1789458582226652827,1789458582206223000,33366000
243,1789458582259316987,1789458582239590000,33367000
244,1789458582293416750,1789458582272955000,33365000
245,1789458582326749347,1789458582306322000,33367000
246,1789458582359792707,1789458582339687000,33365000
247,1789458582393815759,1789458582373057000,33370000
248,1789458582426497238,1789458582406423000,33366000
249,1789458582460116167,1789458582439791000,33368000
250,1789458582494748574,1789458582473164000,33373000
251,1789458582526592256,1789458582506530000,33366000
252,1789458582560976428,1789458582539898000,33368000
253,1789458582593574153,1789458582573264000,33366000
254,1789458582626518904,1789458582606631000,33367000
255,1789458582660452162,1789458582639997000,33366000
256,1789458582693159495,1789458582673363000,33366000
257,1789458582727000264,1789458582706729000,33366000
258,1789458582760633046,1789458582740097000,33368000
259,1789458582793843083,1789458582773462000,33365000
260,1789458582827008462,1789458582806830000,33368000
261,1789458582860323709,1789458582840195000,33365000
262,1789458582893854226,1789458582873562000,33367000
263,1789458582927317918,1789458582906929000,33367000
264,1789458582961292677,1789458582940298000,33369000
265,1789458582994384259,1789458582973665000,33367000
266,1789458583028077694,1789458583007036000,33371000
267,1789458583060592694,1789458583040402000,33366000
268,1789458583094243295,1789458583073768000,33366000
269,1789458583128095733,1789458583107137000,33369000
270,1789458583160579789,1789458583140504000,33367000
271,1789458583195260629,1789458583173869000,33365000
272,1789458583227534595,1789458583207235000,33366000
273,1789458583261254665,1789458583240605000,33370000
274,1789458583294365078,1789458583273972000,33367000
275,1789458583327724218,1789458583307338000,33366000
276,1789458583360720986,1789458583340704000,33366000
277,1789458583395269168,1789458583374078000,33374000
278,1789458583427806978,1789458583407445000,33367000
279,1789458583461200897,1789458583440811000,33366000
280,1789458583494309877,1789458583474178000,33367000
281,1789458583528000787,1789458583507547000,33369000
282,1789458583561375474,1789458583540912000,33365000
283,1789458583594750511,1789458583574279000,33367000
284,1789458583628461746,1789458583607648000,33369000
285,1789458583661489768,1789458583641014000,33366000
286,1789458583694718253,1789458583674379000,33365000
287,1789458583727933997,1789458583707748000,33369000
288,1789458583760981001,1789458583741114000,33366000
289,1789458583794859323,1789458583774482000,33368000
290,1789458583828369723,1789458583807849000,33367000
291,1789458583861047402,1789458583841214000,33365000
292,1789458583894638561,1789458583874581000,33367000
293,1789458583927903488,1789458583907946000,33365000
294,1789458583961825545,1789458583941317000,33371000
295,1789458583995048691,1789458583974683000,33366000
296,1789458584028040909,1789458584008050000,33367000
297,1789458584061502993,1789458584041415000,33365000
298,1789458584095287892,1789458584074782000,33367000
299,1789458584128496090,1789458584108148000,33366000
300,1789458584161978569,1789458584141515000,33367000
301,1789458584195046035,1789458584174881000,33366000
302,1789458584228356068,1789458584208247000,33366000
303,1789458584261742743,1789458584241615000,33368000
304,1789458584294919978,1789458584274982000,33367000
305,1789458584328261996,1789458584308347000,33365000
306,1789458584362133504,1789458584341715000,33368000
307,1789458584395451541,1789458584375080000,33365000
308,1789458584428694017,1789458584408446000,33366000
309,1789458584462281838,1789458584441813000,33367000
310,1789458584495204144,1789458584475181000,33368000
311,1789458584528585820,1789458584508546000,33365000
312,1789458584561940931,1789458584541913000,33367000
313,1789458584595586410,1789458584575280000,33367000
314,1789458584629148496,1789458584608646000,33366000
315,1789458584662167269,1789458584642012000,33366000
316,1789458584696163601,1789458584675382000,33370000
317,1789458584728939726,1789458584708750000,33368000
318,1789458584762465700,1789458584742117000,33367000
319,1789458584795759155,1789458584775483000,33366000
320,1789458584829372930,1789458584808849000,33366000
321,1789458584862399806,1789458584842216000,33367000
322,1789458584896115316,1789458584875584000,33368000
323,1789458584928979422,1789458584908950000,33366000
324,1789458584962537101,1789458584942316000,33366000
325,1789458584996362099,1789458584975683000,33367000
326,1789458585029631002,1789458585009051000,33368000
327,1789458585062550169,1789458585042416000,33365000
328,1789458585095919932,1789458585075783000,33367000
329,1789458585129473470,1789458585109149000,33366000
330,1789458585162938657,1789458585142516000,33367000
331,1789458585196412228,1789458585175882000,33366000
332,1789458585229723671,1789458585209248000,33366000
333,1789458585263045311,1789458585242615000,33367000
334,1789458585296249077,1789458585275981000,33366000
335,1789458585329629989,1789458585309347000,33366000
336,1789458585363313271,1789458585342716000,33369000
337,1789458585396101143,1789458585376082000,33366000
338,1789458585429956911,1789458585409448000,33366000
339,1789458585462884733,1789458585442814000,33366000
340,1789458585496602815,1789458585476182000,33368000
341,1789458585529559617,1789458585509548000,33366000
342,1789458585562957097,1789458585542915000,33367000
343,1789458585597065741,1789458585576282000,33367000
344,1789458585629897268,1789458585609648000,33366000
345,1789458585663582633,1789458585643015000,33367000
346,1789458585696391901,1789458585676382000,33367000
347,1789458585730342012,1789458585709749000,33367000
348,1789458585763107255,1789458585743116000,33367000
349,1789458585796375664,1789458585776482000,33366000
350,1789458585830660370,1789458585809853000,33371000
351,1789458585863095485,1789458585843218000,33365000
352,1789458585896523778,1789458585876585000,33367000
353,1789458585929965474,1789458585909952000,33367000
354,1789458585963123963,1789458585943318000,33366000
355,1789458585996754294,1789458585976684000,33366000
356,1789458586030020429,1789458586010050000,33366000
357,1789458586063734802,1789458586043417000,33367000
358,1789458586096647745,1789458586076784000,33367000
359,1789458586130493383,1789458586110150000,33366000
360,1789458586163601071,1789458586143518000,33368000
361,1789458586197143839,1789458586176885000,33367000
362,1789458586230870953,1789458586210255000,33370000
363,1789458586264046658,1789458586243621000,33366000
364,1789458586296846085,1789458586276988000,33367000
365,1789458586330922622,1789458586310357000,33369000
366,1789458586364716531,1789458586343729000,33372000
367,1789458586397467354,1789458586377095000,33366000
368,1789458586431541156,1789458586410462000,33367000
369,1789458586464647602,1789458586443832000,33370000
370,1789458586498429971,1789458586477199000,33367000
371,1789458586530787568,1789458586510565000,33366000
372,1789458586564508442,1789458586543931000,33366000
373,1789458586597642956,1789458586577298000,33367000
374,1789458586630885877,1789458586610666000,33368000
375,1789458586663976846,1789458586644033000,33367000
376,1789458586697350542,1789458586677400000,33367000
377,1789458586731451620,1789458586710769000,33369000
378,1789458586764691065,1789458586744135000,33366000
379,1789458586797884480,1789458586777503000,33368000
380,1789458586830670134,1789458586810869000,33366000
381,1789458586864792719,1789458586844235000,33366000
382,1789458586898228612,1789458586877601000,33366000
383,1789458586931291333,1789458586910969000,33368000
384,1789458586964749104,1789458586944334000,33365000
385,1789458586998258814,1789458586977702000,33368000
386,1789458587031114180,1789458587011068000,33366000
387,1789458587065103594,1789458587044435000,33367000
388,1789458587097963811,1789458587077801000,33366000
389,1789458587130955064,1789458587111169000,33368000
390,1789458587165016381,1789458587144535000,33366000
391,1789458587197976781,1789458587177901000,33366000
392,1789458587231428899,1789458587211267000,33366000
393,1789458587265198273,1789458587244635000,33368000
394,1789458587298078395,1789458587278000000,33365000
395,1789458587331742878,1789458587311367000,33367000
396,1789458587364760617,1789458587344735000,33368000
397,1789458587398087158,1789458587378101000,33366000
398,1789458587431574646,1789458587411467000,33366000
399,1789458587465128379,1789458587444834000,33367000
400,1789458587498624482,1789458587478200000,33366000
401,1789458587531517265,1789458587511568000,33368000
402,1789458587565026812,1789458587544934000,33366000
403,1789458587598440102,1789458587578301000,33367000
404,1789458587631676438,1789458587611667000,33366000
405,1789458587664928140,1789458587645034000,33367000
406,1789458587698980872,1789458587678402000,33368000
407,1789458587732359293,1789458587711768000,33366000
408,1789458587765229427,1789458587745135000,33367000
409,1789458587798750233,1789458587778502000,33367000
410,1789458587832203803,1789458587811868000,33366000
411,1789458587865185950,1789458587845235000,33367000
412,1789458587898680050,1789458587878602000,33367000
413,1789458587932015697,1789458587911968000,33366000
414,1789458587965866051,1789458587945335000,33367000
415,1789458587999037284,1789458587978702000,33367000
416,1789458588032476301,1789458588012069000,33367000
417,1789458588065919098,1789458588045435000,33366000
418,1789458588099434401,1789458588078802000,33367000
419,1789458588132725437,1789458588112170000,33368000
420,1789458588166240488,1789458588145536000,33366000
421,1789458588199274601,1789458588178903000,33367000
422,1789458588232729649,1789458588212270000,33367000
423,1789458588266953012,1789458588245637000,33367000
424,1789458588299374358,1789458588279003000,33366000
425,1789458588332807078,1789458588312372000,33369000
426,1789458588366132072,1789458588345739000,33367000
427,1789458588399384481,1789458588379106000,33367000
428,1789458588433374823,1789458588412475000,33369000
429,1789458588466571446,1789458588445845000,33370000
430,1789458588499750188,1789458588479211000,33366000
431,1789458588532782758,1789458588512577000,33366000
432,1789458588566655136,1789458588545945000,33368000
433,1789458588599381217,1789458588579312000,33367000
434,1789458588632863222,1789458588612680000,33368000
435,1789458588666747842,1789458588646046000,33366000
436,1789458588699808370,1789458588679414000,33368000
437,1789458588733195511,1789458588712783000,33369000
438,1789458588766139648,1789458588746151000,33368000
439,1789458588799896317,1789458588779518000,33367000
440,1789458588834016512,1789458588812890000,33372000
441,1789458588866321177,1789458588846256000,33366000
442,1789458588900221634,1789458588879628000,33372000
443,1789458588933867160,1789458588912995000,33367000
444,1789458588966179668,1789458588946361000,33366000
445,1789458588999674385,1789458588979727000,33366000
446,1789458589033498785,1789458589013095000,33368000
447,1789458589067075870,1789458589046461000,33366000
448,1789458589099802066,1789458589079828000,33367000
449,1789458589133593301,1789458589113195000,33367000
450,1789458589167572029,1789458589146567000,33372000
451,1789458589200011981,1789458589179933000,33366000
452,1789458589233650371,1789458589213301000,33368000
453,1789458589267387462,1789458589246668000,33367000
454,1789458589299851285,1789458589280035000,33367000
455,1789458589333701781,1789458589313402000,33367000
456,1789458589367021933,1789458589346770000,33368000
457,1789458589400377956,1789458589380139000,33369000
458,1789458589433433571,1789458589413506000,33367000
459,1789458589467048851,1789458589446873000,33367000
460,1789458589500420061,1789458589480240000,33367000
461,1789458589533944665,1789458589513608000,33368000
462,1789458589567254258,1789458589546973000,33365000
463,1789458589600192450,1789458589580342000,33369000
464,1789458589633701527,1789458589613708000,33366000
465,1789458589667168802,1789458589647076000,33368000
466,1789458589700339996,1789458589680442000,33366000
467,1789458589734205790,1789458589713810000,33368000
468,1789458589767057823,1789458589747176000,33366000
469,1789458589800971468,1789458589780543000,33367000
470,1789458589834167595,1789458589813910000,33367000
471,1789458589867456563,1789458589847277000,33367000
472,1789458589901005609,1789458589880643000,33366000
473,1789458589933883317,1789458589914011000,33368000
474,1789458589967467764,1789458589947377000,33366000
475,1789458590000718386,1789458589980744000,33367000
476,1789458590034260245,1789458590014111000,33367000
477,1789458590067765291,1789458590047478000,33367000
478,1789458590101420846,1789458590080845000,33367000
479,1789458590134348785,1789458590114213000,33368000
480,1789458590168590043,1789458590147582000,33369000
481,1789458590201172705,1789458590180949000,33367000
482,1789458590234282869,1789458590214317000,33368000
483,1789458590268142748,1789458590247683000,33366000
484,1789458590301054288,1789458590281050000,33367000
485,1789458590334979880,1789458590314417000,33367000
486,1789458590368425874,1789458590347786000,33369000
487,1789458590401449498,1789458590381153000,33367000
488,1789458590434984966,1789458590414520000,33367000
489,1789458590467820205,1789458590447886000,33366000
490,1789458590501098960,1789458590481253000,33367000
491,1789458590535096166,1789458590514621000,33368000
492,1789458590568403690,1789458590547989000,33368000
493,1789458590601470309,1789458590581356000,33367000
494,1789458590635406990,1789458590614722000,33366000
495,1789458590668453324,1789458590648088000,33366000
496,1789458590701586076,1789458590681456000,33368000
497,1789458590734729027,1789458590714823000,33367000
498,1789458590768578758,1789458590748191000,33368000
499,1789458590801902330,1789458590781558000,33367000
500,1789458590835362077,1789458590814926000,33368000
501,1789458590868454571,1789458590848292000,33366000
502,1789458590901884938,1789458590881659000,33367000
503,1789458590935225239,1789458590915025000,33366000
504,1789458590968843259,1789458590948396000,33371000
505,1789458591001768735,1789458590981762000,33366000
506,1789458591035946299,1789458591015131000,33369000
507,1789458591069112934,1789458591048501000,33370000
508,1789458591101762156,1789458591081868000,33367000
509,1789458591135695186,1789458591115235000,33367000
510,1789458591168968276,1789458591148603000,33368000
511,1789458591201721197,1789458591181970000,33367000
512,1789458591235416126,1789458591215337000,33367000
513,1789458591268591316,1789458591248705000,33368000
514,1789458591302696204,1789458591282071000,33366000
515,1789458591336225737,1789458591315439000,33368000
516,1789458591368837484,1789458591348806000,33367000
517,1789458591402640519,1789458591382175000,33369000
518,1789458591436137807,1789458591415541000,33366000
519,1789458591468961740,1789458591448909000,33368000
520,1789458591502100408,1789458591482275000,33366000
521,1789458591536123394,1789458591515643000,33368000
522,1789458591569378272,1789458591549010000,33367000
523,1789458591602703121,1789458591582379000,33369000
524,1789458591636503532,1789458591615749000,33370000
525,1789458591669316867,1789458591649117000,33368000
526,1789458591702821077,1789458591682484000,33367000
527,1789458591736215516,1789458591715851000,33367000
528,1789458591769772797,1789458591749219000,33368000
529,1789458591802998495,1789458591782587000,33368000
530,1789458591836598730,1789458591815953000,33366000
531,1789458591869798834,1789458591849323000,33370000
532,1789458591903239884,1789458591882691000,33368000
533,1789458591936508797,1789458591916059000,33368000
534,1789458591969713548,1789458591949426000,33367000
535,1789458592002957661,1789458591982793000,33367000
536,1789458592036438454,1789458592016160000,33367000
537,1789458592070714273,1789458592049531000,33371000
538,1789458592103398889,1789458592082897000,33366000
539,1789458592136422120,1789458592116266000,33369000
540,1789458592170197133,1789458592149634000,33368000
541,1789458592203093205,1789458592183002000,33368000
542,1789458592236906644,1789458592216369000,33367000
543,1789458592270605504,1789458592249740000,33371000
544,1789458592303257724,1789458592283108000,33368000
545,1789458592337126179,1789458592316475000,33367000
546,1789458592370401226,1789458592349842000,33367000
547,1789458592403874767,1789458592383209000,33367000
548,1789458592437499189,1789458592416575000,33366000
549,1789458592470427125,1789458592449947000,33372000
550,1789458592503441983,1789458592483316000,33369000
551,1789458592536661293,1789458592516682000,33366000
552,1789458592570395846,1789458592550049000,33367000
553,1789458592603938056,1789458592583416000,33367000
554,1789458592637483821,1789458592616785000,33369000
555,1789458592670546922,1789458592650152000,33367000
556,1789458592703598874,1789458592683521000,33369000
557,1789458592737210343,1789458592716887000,33366000
558,1789458592770747664,1789458592750256000,33369000
559,1789458592804118878,1789458592783623000,33367000
560,1789458592837061641,1789458592816991000,33368000
561,1789458592870964614,1789458592850358000,33367000
562,1789458592904152100,1789458592883726000,33368000
563,1789458592938228494,1789458592917095000,33369000
564,1789458592971048815,1789458592950464000,33369000
565,1789458593003815537,1789458592983831000,33367000
566,1789458593038006755,1789458593017199000,33368000
567,1789458593071471085,1789458593050566000,33367000
568,1789458593104263010,1789458593083934000,33368000
569,1789458593138018453,1789458593117301000,33367000
570,1789458593171049001,1789458593150670000,33369000
571,1789458593204054506,1789458593184038000,33368000
572,1789458593238614482,1789458593217403000,33365000
573,1789458593271633410,1789458593250774000,33371000
574,1789458593304537048,1789458593284143000,33369000
575,1789458593338096452,1789458593317511000,33368000
576,1789458593371213480,1789458593350878000,33367000
577,1789458593404649551,1789458593384244000,33366000
578,1789458593438034382,1789458593417612000,33368000
579,1789458593471364779,1789458593450980000,33368000
580,1789458593504742338,1789458593484348000,33368000
581,1789458593538280786,1789458593517718000,33370000
582,1789458593572245301,1789458593551085000,33367000
583,1789458593605024514,1789458593584456000,33371000
584,1789458593638288296,1789458593617823000,33367000
585,1789458593671642114,1789458593651190000,33367000
586,1789458593704932031,1789458593684559000,33369000
587,1789458593738777470,1789458593717926000,33367000
588,1789458593771835916,1789458593751294000,33368000
589,1789458593805265105,1789458593784661000,33367000
590,1789458593838468201,1789458593818028000,33367000
591,1789458593872007130,1789458593851396000,33368000
592,1789458593905382435,1789458593884763000,33367000
593,1789458593938220239,1789458593918131000,33368000
594,1789458593971485644,1789458593951498000,33367000
595,1789458594005255757,1789458593984866000,33368000
596,1789458594039101171,1789458594018233000,33367000
597,1789458594072013407,1789458594051602000,33369000
598,1789458594104846617,1789458594084968000,33366000
599,1789458594138472710,1789458594118336000,33368000
600,1789458594171440874,1789458594151703000,33367000
601,1789458594205461330,1789458594185069000,33366000
602,1789458594238445251,1789458594218437000,33368000
603,1789458594272798124,1789458594251807000,33370000
604,1789458594305375931,1789458594285175000,33368000
605,1789458594338851974,1789458594318542000,33367000
606,1789458594371810822,1789458594351910000,33368000
607,1789458594406010739,1789458594385279000,33369000
608,1789458594439280505,1789458594418645000,33366000
609,1789458594472012910,1789458594452013000,33368000
610,1789458594505836496,1789458594485380000,33367000
611,1789458594539160857,1789458594518747000,33367000
612,1789458594572239802,1789458594552115000,33368000
613,1789458594605508536,1789458594585483000,33368000
614,1789458594639314231,1789458594618849000,33366000
615,1789458594672581172,1789458594652218000,33369000
616,1789458594705523841,1789458594685585000,33367000
617,1789458594738961799,1789458594718951000,33366000
618,1789458594772290387,1789458594752319000,33368000
619,1789458594805985119,1789458594785686000,33367000
620,1789458594839597368,1789458594819055000,33369000
621,1789458594872759428,1789458594852422000,33367000
622,1789458594905860071,1789458594885790000,33368000
623,1789458594940659317,1789458594919156000,33366000
624,1789458594972696147,1789458594952525000,33369000
625,1789458595006134582,1789458594985891000,33366000
626,1789458595039118325,1789458595019258000,33367000
627,1789458595072515586,1789458595052625000,33367000
628,1789458595106514510,1789458595085993000,33368000
629,1789458595139280746,1789458595119359000,33366000
630,1789458595172572042,1789458595152726000,33367000
631,1789458595206574823,1789458595186093000,33367000
632,1789458595240255404,1789458595219464000,33371000
633,1789458595272898868,1789458595252831000,33367000
634,1789458595306184745,1789458595286198000,33367000
635,1789458595340070803,1789458595319565000,33367000
636,1789458595373233657,1789458595352933000,33368000
637,1789458595406793770,1789458595386300000,33367000
638,1789458595440031604,1789458595419667000,33367000
639,1789458595473424857,1789458595453034000,33367000
640,1789458595506335043,1789458595486402000,33368000
641,1789458595539611223,1789458595519769000,33367000
642,1789458595573420358,1789458595553136000,33367000
643,1789458595607316563,1789458595586506000,33370000
644,1789458595640503750,1789458595619875000,33369000
645,1789458595673607902,1789458595653243000,33368000
646,1789458595706797492,1789458595686610000,33367000
647,1789458595740248726,1789458595719978000,33368000
648,1789458595774093572,1789458595753348000,33370000
649,1789458595806881216,1789458595786715000,33367000
650,1789458595840143332,1789458595820083000,33368000
651,1789458595873561679,1789458595853451000,33368000
652,1789458595907022149,1789458595886819000,33368000
653,1789458595941327654,1789458595920185000,33366000
654,1789458595974580775,1789458595953553000,33368000
655,1789458596008449793,1789458595986921000,33368000
656,1789458596040397552,1789458596020287000,33366000
657,1789458596074747448,1789458596053655000,33368000
658,1789458596107412070,1789458596087022000,33367000
659,1789458596140575127,1789458596120391000,33369000
660,1789458596173818013,1789458596153758000,33367000
661,1789458596207390971,1789458596187126000,33368000
662,1789458596240352299,1789458596220493000,33367000
663,1789458596274254048,1789458596253861000,33368000
664,1789458596308411160,1789458596287228000,33367000
665,1789458596340961544,1789458596320596000,33368000
666,1789458596374060510,1789458596353963000,33367000
667,1789458596407637155,1789458596387330000,33367000
668,1789458596440696773,1789458596420698000,33368000
669,1789458596474285719,1789458596454065000,33367000
670,1789458596507849201,1789458596487433000,33368000
671,1789458596541523185,1789458596520802000,33369000
672,1789458596574364573,1789458596554170000,33368000
673,1789458596608182236,1789458596587539000,33369000
674,1789458596640953884,1789458596620907000,33368000
675,1789458596674554581,1789458596654275000,33368000
676,1789458596707668663,1789458596687641000,33366000
677,1789458596741321089,1789458596721009000,33368000
678,1789458596774948022,1789458596754376000,33367000
679,1789458596808312348,1789458596787744000,33368000
680,1789458596841658833,1789458596821110000,33366000
681,1789458596874764992,1789458596854478000,33368000
682,1789458596907711844,1789458596887845000,33367000
683,1789458596941125305,1789458596921212000,33367000
684,1789458596974994378,1789458596954579000,33367000
685,1789458597008327840,1789458596987947000,33368000
686,1789458597041477727,1789458597021315000,33368000
687,1789458597075119428,1789458597054681000,33366000
688,1789458597108190447,1789458597088049000,33368000
689,1789458597141506102,1789458597121417000,33368000
690,1789458597175340277,1789458597154785000,33368000
691,1789458597208149993,1789458597188152000,33367000
692,1789458597241732471,1789458597221519000,33367000
693,1789458597275099154,1789458597254886000,33367000
694,1789458597308268415,1789458597288254000,33368000
695,1789458597341833743,1789458597321621000,33367000
696,1789458597375124264,1789458597354989000,33368000
697,1789458597408571818,1789458597388355000,33366000
698,1789458597442798444,1789458597421724000,33369000
699,1789458597475606617,1789458597455091000,33367000
700,1789458597509060091,1789458597488459000,33368000
701,1789458597542069434,1789458597521826000,33367000
702,1789458597575279415,1789458597555194000,33368000
703,1789458597609082466,1789458597588561000,33367000
704,1789458597642411925,1789458597621931000,33370000
705,1789458597676631779,1789458597655296000,33365000
706,1789458597708669915,1789458597688664000,33368000
707,1789458597742242576,1789458597722031000,33367000
708,1789458597776011177,1789458597755399000,33368000
709,1789458597809259986,1789458597788767000,33368000
710,1789458597842321059,1789458597822136000,33369000
711,1789458597875839315,1789458597855504000,33368000
712,1789458597909222728,1789458597888873000,33369000
713,1789458597942536810,1789458597922240000,33367000
714,1789458597976037525,1789458597955607000,33367000
715,1789458598009249481,1789458597988974000,33367000
716,1789458598043146498,1789458598022343000,33369000
717,1789458598076023844,1789458598055709000,33366000
718,1789458598109104021,1789458598089077000,33368000
719,1789458598142481265,1789458598122445000,33368000
720,1789458598176441822,1789458598155814000,33369000
721,1789458598209944956,1789458598189183000,33369000
722,1789458598242579649,1789458598222549000,33366000
723,1789458598277268462,1789458598255917000,33368000
724,1789458598309730316,1789458598289286000,33369000
725,1789458598343483002,1789458598322653000,33367000
726,1789458598376156934,1789458598356021000,33368000
727,1789458598410474762,1789458598389388000,33367000
728,1789458598443259867,1789458598422757000,33369000
729,1789458598477635797,1789458598456125000,33368000
730,1789458598510307776,1789458598489491000,33366000
731,1789458598543037454,1789458598522860000,33369000
732,1789458598576735626,1789458598556227000,33367000
733,1789458598610095950,1789458598589595000,33368000
734,1789458598643856521,1789458598622962000,33367000
735,1789458598677148166,1789458598656331000,33369000
736,1789458598710481464,1789458598689701000,33370000
737,1789458598743251072,1789458598723068000,33367000
738,1789458598776636270,1789458598756436000,33368000
739,1789458598810941787,1789458598789804000,33368000
740,1789458598843737090,1789458598823171000,33367000
741,1789458598876922541,1789458598856539000,33368000
742,1789458598910867351,1789458598889906000,33367000
743,1789458598943802097,1789458598923274000,33368000
744,1789458598977671185,1789458598956641000,33367000
745,1789458599010245086,1789458598990010000,33369000
746,1789458599044108277,1789458599023377000,33367000
747,1789458599076800982,1789458599056746000,33369000
748,1789458599110265620,1789458599090112000,33366000
749,1789458599143628441,1789458599123481000,33369000
750,1789458599177654456,1789458599156851000,33370000
751,1789458599210880309,1789458599190221000,33370000
752,1789458599244548401,1789458599223588000,33367000
753,1789458599277455920,1789458599256958000,33370000
754,1789458599310952924,1789458599290326000,33368000
755,1789458599344239192,1789458599323694000,33368000
756,1789458599377608164,1789458599357062000,33368000
757,1789458599410955308,1789458599390430000,33368000
758,1789458599444390985,1789458599423799000,33369000
759,1789458599477700684,1789458599457166000,33367000
760,1789458599511019318,1789458599490535000,33369000
761,1789458599544162117,1789458599523903000,33368000
762,1789458599578356113,1789458599557270000,33367000
763,1789458599611416258,1789458599590638000,33368000
764,1789458599644199962,1789458599624006000,33368000
765,1789458599677777746,1789458599657375000,33369000
766,1789458599711461987,1789458599690745000,33370000
767,1789458599744604835,1789458599724112000,33367000
768,1789458599777858887,1789458599757481000,33369000
769,1789458599811135719,1789458599790847000,33366000
770,1789458599844171591,1789458599824215000,33368000
771,1789458599878411247,1789458599857584000,33369000
772,1789458599911551220,1789458599890952000,33368000
773,1789458599944824927,1789458599924319000,33367000
774,1789458599977837308,1789458599957689000,33370000
775,1789458600013604727,1789458599991059000,33370000
776,1789458600044881620,1789458600024425000,33366000
777,1789458600078042721,1789458600057795000,33370000
778,1789458600112326918,1789458600091163000,33368000
779,1789458600144733246,1789458600124530000,33367000
780,1789458600178118268,1789458600157898000,33368000
781,1789458600211713856,1789458600191265000,33367000
782,1789458600244776957,1789458600224633000,33368000
783,1789458600278234575,1789458600258001000,33368000
784,1789458600311588051,1789458600291369000,33368000
785,1789458600344946988,1789458600324737000,33368000
786,1789458600378504399,1789458600358104000,33367000
787,1789458600411368904,1789458600391471000,33367000
788,1789458600445445049,1789458600424839000,33368000
789,1789458600478589351,1789458600458207000,33368000
790,1789458600511749151,1789458600491575000,33368000
791,1789458600545146804,1789458600524943000,33368000
792,1789458600578664156,1789458600558311000,33368000
793,1789458600612362723,1789458600591679000,33368000
794,1789458600645057073,1789458600625047000,33368000
795,1789458600679228383,1789458600658417000,33370000
796,1789458600712017127,1789458600691784000,33367000
797,1789458600745076611,1789458600725152000,33368000
798,1789458600778528540,1789458600758520000,33368000
799,1789458600811902472,1789458600791887000,33367000
800,1789458600845311295,1789458600825255000,33368000
801,1789458600878554549,1789458600858623000,33368000
802,1789458600912158141,1789458600891990000,33367000
803,1789458600945204043,1789458600925357000,33367000
804,1789458600978933904,1789458600958727000,33370000
805,1789458601012231707,1789458600992096000,33369000
806,1789458601045464655,1789458601025463000,33367000
807,1789458601078908119,1789458601058831000,33368000
808,1789458601113003640,1789458601092199000,33368000
809,1789458601145428530,1789458601125565000,33366000
810,1789458601179385069,1789458601158935000,33370000
811,1789458601212396661,1789458601192302000,33367000
812,1789458601245532189,1789458601225670000,33368000
813,1789458601279258577,1789458601259037000,33367000
814,1789458601312460661,1789458601292406000,33369000
815,1789458601345953491,1789458601325775000,33369000
816,1789458601379371191,1789458601359141000,33366000
817,1789458601412748170,1789458601392510000,33369000
818,1789458601446119148,1789458601425879000,33369000
819,1789458601479660493,1789458601459247000,33368000
820,1789458601513231671,1789458601492614000,33367000
821,1789458601546522579,1789458601525983000,33369000
822,1789458601579959132,1789458601559351000,33368000
823,1789458601613693473,1789458601592718000,33367000
824,1789458601646490863,1789458601626086000,33368000
825,1789458601679810221,1789458601659454000,33368000
826,1789458601713270395,1789458601692821000,33367000
827,1789458601747042061,1789458601726191000,33370000
828,1789458601779897532,1789458601759560000,33369000
829,1789458601813984918,1789458601792932000,33372000
830,1789458601846849274,1789458601826299000,33367000
831,1789458601880139783,1789458601859667000,33368000
832,1789458601913617096,1789458601893034000,33367000
833,1789458601946770045,1789458601926402000,33368000
834,1789458601980094722,1789458601959769000,33367000
835,1789458602013622670,1789458601993137000,33368000
836,1789458602047021017,1789458602026505000,33368000
837,1789458602080004712,1789458602059872000,33367000
838,1789458602113462513,1789458602093241000,33369000
839,1789458602146868173,1789458602126608000,33367000
840,1789458602180409589,1789458602159975000,33367000
841,1789458602213368220,1789458602193344000,33369000
842,1789458602247123890,1789458602226712000,33368000
843,1789458602280216956,1789458602260079000,33367000
844,1789458602313342578,1789458602293447000,33368000
845,1789458602346989088,1789458602326813000,33366000
846,1789458602380719153,1789458602360181000,33368000
847,1789458602413809223,1789458602393549000,33368000
848,1789458602446975385,1789458602426918000,33369000
849,1789458602480588597,1789458602460287000,33369000
850,1789458602513703871,1789458602493654000,33367000
851,1789458602547057600,1789458602527022000,33368000
852,1789458602580948626,1789458602560389000,33367000
853,1789458602613975847,1789458602593757000,33368000
854,1789458602647136720,1789458602627124000,33367000
855,1789458602680441104,1789458602660493000,33369000
856,1789458602713810571,1789458602693860000,33367000
857,1789458602747384073,1789458602727227000,33367000
858,1789458602780597979,1789458602760596000,33369000
859,1789458602814247163,1789458602793964000,33368000
860,1789458602847752477,1789458602827331000,33367000
861,1789458602880606235,1789458602860699000,33368000
862,1789458602914072140,1789458602894067000,33368000
863,1789458602947573948,1789458602927434000,33367000
864,1789458602981097173,1789458602960801000,33367000
865,1789458603014101360,1789458602994169000,33368000
866,1789458603047456342,1789458603027538000,33369000
867,1789458603080833744,1789458603060903000,33365000
868,1789458603115514779,1789458603094272000,33369000
869,1789458603148284290,1789458603127643000,33371000
870,1789458603181157943,1789458603161011000,33368000
871,1789458603214682902,1789458603194379000,33368000
872,1789458603248645224,1789458603227749000,33370000
873,1789458603281091872,1789458603261117000,33368000
874,1789458603315058812,1789458603294484000,33367000
875,1789458603348866875,1789458603327853000,33369000
876,1789458603381272792,1789458603361221000,33368000
877,1789458603415036117,1789458603394588000,33367000
878,1789458603447937478,1789458603427957000,33369000
879,1789458603482144406,1789458603461324000,33367000
880,1789458603515751539,1789458603494692000,33368000
881,1789458603548327793,1789458603528061000,33369000
882,1789458603581674591,1789458603561429000,33368000
883,1789458603615175528,1789458603594796000,33367000
884,1789458603648931190,1789458603628165000,33369000
885,1789458603681757951,1789458603661534000,33369000
886,1789458603715085465,1789458603694901000,33367000
887,1789458603748260624,1789458603728268000,33367000
888,1789458603781936256,1789458603761639000,33371000
889,1789458603815460293,1789458603795007000,33368000
890,1789458603848912806,1789458603828373000,33366000
891,1789458603882330377,1789458603861744000,33371000
892,1789458603915754471,1789458603895112000,33368000
893,1789458603948806324,1789458603928478000,33366000
894,1789458603982056133,1789458603961847000,33369000
895,1789458604015540599,1789458603995215000,33368000
896,1789458604048536285,1789458604028583000,33368000
897,1789458604081956102,1789458604061950000,33367000
898,1789458604115635781,1789458604095318000,33368000
899,1789458604149648232,1789458604128687000,33369000
900,1789458604182776889,1789458604162056000,33369000
901,1789458604215404433,1789458604195424000,33368000
902,1789458604249288800,1789458604228795000,33371000
903,1789458604283977631,1789458604262163000,33368000
904,1789458604315865614,1789458604295530000,33367000
905,1789458604349442003,1789458604328899000,33369000
906,1789458604382219989,1789458604362267000,33368000
907,1789458604415669316,1789458604395634000,33367000
908,1789458604448839266,1789458604429003000,33369000
909,1789458604482131379,1789458604462369000,33366000
910,1789458604516140504,1789458604495737000,33368000
911,1789458604549193640,1789458604529104000,33367000
912,1789458604582496773,1789458604562473000,33369000
913,1789458604615977776,1789458604595840000,33367000
914,1789458604649470279,1789458604629207000,33367000
915,1789458604682432727,1789458604662575000,33368000
916,1789458604716392806,1789458604695944000,33369000
917,1789458604749375208,1789458604729310000,33366000
918,1789458604782500761,1789458604762678000,33368000
919,1789458604815961929,1789458604796212000,33534000
920,1789458604849803952,1789458604829578000,33366000
921,1789458604883280718,1789458604862945000,33367000
922,1789458604916206051,1789458604896313000,33368000
923,1789458604949665135,1789458604929680000,33367000
924,1789458604982947572,1789458604963046000,33366000
925,1789458605016606424,1789458604996413000,33367000
926,1789458605050074945,1789458605029780000,33367000
927,1789458605083512513,1789458605063145000,33365000
928,1789458605116487502,1789458605096513000,33368000
929,1789458605149937391,1789458605129880000,33367000
930,1789458605182976552,1789458605163246000,33366000
931,1789458605216915485,1789458605196613000,33367000
932,1789458605250249111,1789458605229981000,33368000
933,1789458605283255545,1789458605263347000,33366000
934,1789458605317186805,1789458605296713000,33366000
935,1789458605350241053,1789458605330442000,33729000
936,1789458605383518370,1789458605363811000,33369000
937,1789458605416551651,1789458605397178000,33367000
938,1789458605450211938,1789458605430546000,33368000
939,1789458605483355732,1789458605463915000,33369000
940,1789458605518338177,1789458605497282000,33367000
941,1789458605550397948,1789458605530648000,33366000
942,1789458605583931433,1789458605564017000,33369000
943,1789458605617426401,1789458605597385000,33368000
944,1789458605651473402,1789458605630756000,33371000
945,1789458605685000937,1789458605664127000,33371000
946,1789458605718369634,1789458605697498000,33371000
947,1789458605750771583,1789458605730865000,33367000
948,1789458605785028531,1789458605764232000,33367000
949,1789458605817660201,1789458605797598000,33366000
950,1789458605851052910,1789458605830965000,33367000
951,1789458605884813733,1789458605864653000,33688000
952,1789458605917434774,1789458605898022000,33369000
953,1789458605951211714,1789458605931390000,33368000
954,1789458605984556609,1789458605964758000,33368000
955,1789458606017482593,1789458605998126000,33368000
956,1789458606050945184,1789458606031494000,33368000
957,1789458606084976760,1789458606064858000,33364000
958,1789458606118115475,1789458606098224000,33366000
959,1789458606151112793,1789458606131593000,33369000
960,1789458606184481289,1789458606164961000,33368000
961,1789458606218011999,1789458606198328000,33367000
962,1789458606251408916,1789458606231694000,33366000
963,1789458606285304904,1789458606265350000,33656000
964,1789458606318958088,1789458606298717000,33367000
965,1789458606351852485,1789458606332086000,33369000
966,1789458606386123559,1789458606365450000,33364000
967,1789458606419045114,1789458606398813000,33363000
968,1789458606451264492,1789458606432182000,33369000
969,1789458606484564879,1789458606465550000,33368000
970,1789458606517962878,1789458606498919000,33369000
971,1789458606551718481,1789458606532552000,33633000
972,1789458606585505679,1789458606565919000,33367000
973,1789458606618861493,1789458606599288000,33369000
974,1789458606651498151,1789458606632655000,33367000
975,1789458606684839130,1789458606666024000,33369000
976,1789458606718452314,1789458606699392000,33368000
977,1789458606751816764,1789458606732760000,33368000
978,1789458606785343216,1789458606766125000,33365000
979,1789458606818263760,1789458606799733000,33608000
980,1789458606851548410,1789458606833101000,33368000
981,1789458606885184985,1789458606866469000,33368000
982,1789458606918726684,1789458606899837000,33368000
983,1789458606951616915,1789458606933206000,33369000
984,1789458606984949889,1789458606966573000,33367000
985,1789458607018467126,1789458606999942000,33369000
986,1789458607051990774,1789458607033311000,33369000
987,1789458607085463753,1789458607066679000,33368000
988,1789458607118475805,1789458607100047000,33368000
989,1789458607152597930,1789458607133415000,33368000
990,1789458607185358382,1789458607166783000,33368000
991,1789458607218804204,1789458607200364000,33581000
992,1789458607252299922,1789458607233734000,33370000
993,1789458607285781446,1789458607267101000,33367000
994,1789458607318934295,1789458607300469000,33368000
995,1789458607353036464,1789458607333837000,33368000
996,1789458607385579756,1789458607367206000,33369000
997,1789458607419273762,1789458607400574000,33368000
998,1789458607452572095,1789458607433942000,33368000
999,1789458607485454100,1789458607467310000,33368000
1000,1789458607519913294,1789458607500678000,33368000
1001,1789458607552427115,1789458607534045000,33367000
1002,1789458607585876934,1789458607567415000,33370000
1003,1789458607619576889,1789458607600782000,33367000
1004,1789458607653363407,1789458607634150000,33368000
1005,1789458607686105587,1789458607667519000,33369000
1006,1789458607719439523,1789458607700887000,33368000
1007,1789458607752995637,1789458607734447000,33560000
1008,1789458607785669849,1789458607767815000,33368000
1009,1789458607819479216,1789458607801184000,33369000
1010,1789458607852438847,1789458607834552000,33368000
1011,1789458607886376338,1789458607867919000,33367000
1012,1789458607920734925,1789458607901287000,33368000
1013,1789458607953655268,1789458607934656000,33369000
1014,1789458607986601485,1789458607968024000,33368000
1015,1789458608019241758,1789458608001392000,33368000
1016,1789458608053529091,1789458608034761000,33369000
1017,1789458608086937516,1789458608068129000,33368000
1018,1789458608120059780,1789458608101497000,33368000
1019,1789458608153634326,1789458608135069000,33572000
1020,1789458608188005666,1789458608168437000,33368000
1021,1789458608219740453,1789458608201805000,33368000
1022,1789458608254046949,1789458608235173000,33368000
1023,1789458608286932209,1789458608268542000,33369000
1024,1789458608319999036,1789458608301910000,33368000
1025,1789458608353625463,1789458608335278000,33368000
1026,1789458608386392366,1789458608368646000,33368000
1027,1789458608419749251,1789458608402015000,33369000
1028,1789458608453315792,1789458608435383000,33368000
1029,1789458608487376098,1789458608468750000,33367000
1030,1789458608520297140,1789458608502119000,33369000
1031,1789458608553221048,1789458608535667000,33548000
1032,1789458608587526833,1789458608569036000,33369000
1033,1789458608620249028,1789458608602403000,33367000
1034,1789458608654584366,1789458608635772000,33369000
1035,1789458608687069484,1789458608669140000,33368000
1036,1789458608720105718,1789458608702508000,33368000
1037,1789458608753465559,1789458608735877000,33369000
1038,1789458608788217845,1789458608769244000,33367000
1039,1789458608820282138,1789458608802748000,33504000
1040,1789458608853725064,1789458608836116000,33368000
1041,1789458608887485756,1789458608869484000,33368000
1042,1789458608920927860,1789458608902852000,33368000
1043,1789458608953987565,1789458608936221000,33369000
1044,1789458608987026875,1789458608969589000,33368000
1045,1789458609020429011,1789458609002957000,33368000
1046,1789458609053824642,1789458609036325000,33368000
1047,1789458609087303750,1789458609069693000,33368000
1048,1789458609121081912,1789458609103062000,33369000
1049,1789458609153866694,1789458609136430000,33368000
1050,1789458609187226874,1789458609169799000,33369000
1051,1789458609220544058,1789458609203288000,33489000
1052,1789458609253882730,1789458609236657000,33369000
1053,1789458609287276749,1789458609270026000,33369000
1054,1789458609320553162,1789458609303394000,33368000
1055,1789458609354610973,1789458609336762000,33368000
1056,1789458609388646355,1789458609370130000,33368000
1057,1789458609420782431,1789458609403499000,33369000
1058,1789458609454158709,1789458609436868000,33369000
1059,1789458609487880011,1789458609470235000,33367000
1060,1789458609521510514,1789458609503603000,33368000
1061,1789458609554375667,1789458609536972000,33369000
1062,1789458609588498913,1789458609570340000,33368000
1063,1789458609622445890,1789458609603815000,33475000
1064,1789458609654716612,1789458609637183000,33368000
1065,1789458609688218970,1789458609670553000,33370000
1066,1789458609721763834,1789458609703921000,33368000
1067,1789458609754770674,1789458609737288000,33367000
1068,1789458609788091165,1789458609770656000,33368000
1069,1789458609821589296,1789458609804025000,33369000
1070,1789458609855045133,1789458609837393000,33368000
1071,1789458609888775721,1789458609870761000,33368000
1072,1789458609922402047,1789458609904129000,33368000
1073,1789458609954687715,1789458609937498000,33369000
1074,1789458609988132693,1789458609970867000,33369000
1075,1789458610021824278,1789458610004235000,33368000
1076,1789458610055313392,1789458610037603000,33368000
1077,1789458610088755574,1789458610070972000,33369000
1078,1789458610122778393,1789458610104340000,33368000
1079,1789458610155133500,1789458610137708000,33368000
1080,1789458610188576834,1789458610171076000,33368000
1081,1789458610222280895,1789458610204445000,33369000
1082,1789458610255812774,1789458610237813000,33368000
1083,1789458610288504220,1789458610271181000,33368000
1084,1789458610322157071,1789458610304550000,33369000
1085,1789458610355415782,1789458610337918000,33368000
1086,1789458610388622962,1789458610371287000,33369000
1087,1789458610422213934,1789458610404655000,33368000
1088,1789458610455387736,1789458610438023000,33368000
1089,1789458610489122320,1789458610471392000,33369000
1090,1789458610522120484,1789458610504760000,33368000
1091,1789458610555727595,1789458610538128000,33368000
1092,1789458610589479379,1789458610571496000,33368000
1093,1789458610622579602,1789458610604865000,33369000
1094,1789458610656134241,1789458610638233000,33368000
1095,1789458610689124371,1789458610671600000,33367000
1096,1789458610722283527,1789458610704970000,33370000
1097,1789458610755493432,1789458610738339000,33369000
1098,1789458610789705043,1789458610771707000,33368000
1099,1789458610822782495,1789458610805075000,33368000
1100,1789458610855924742,1789458610838443000,33368000
1101,1789458610889695520,1789458610871811000,33368000
1102,1789458610922873739,1789458610905181000,33370000
1103,1789458610956414423,1789458610938548000,33367000
1104,1789458610989992864,1789458610971916000,33368000
1105,1789458611022322361,1789458611005286000,33370000
1106,1789458611055849590,1789458611038654000,33368000
1107,1789458611090698477,1789458611072021000,33367000
1108,1789458611123013341,1789458611105390000,33369000
1109,1789458611156550308,1789458611138758000,33368000
1110,1789458611190358630,1789458611172127000,33369000
1111,1789458611222990429,1789458611205495000,33368000
1112,1789458611256575690,1789458611238863000,33368000
1113,1789458611289967582,1789458611272232000,33369000
1114,1789458611323626273,1789458611305601000,33369000
1115,1789458611356598259,1789458611338968000,33367000
1116,1789458611389350379,1789458611372337000,33369000
1117,1789458611424308367,1789458611405705000,33368000
1118,1789458611457333076,1789458611439074000,33369000
1119,1789458611490501957,1789458611472442000,33368000
1120,1789458611523694310,1789458611505810000,33368000
1121,1789458611556290547,1789458611539179000,33369000
1122,1789458611589662785,1789458611572548000,33369000
1123,1789458611624240897,1789458611605915000,33367000
1124,1789458611656505863,1789458611639283000,33368000
1125,1789458611690348655,1789458611672652000,33369000
1126,1789458611723576170,1789458611706021000,33369000
1127,1789458611757397615,1789458611739388000,33367000
1128,1789458611791392394,1789458611772756000,33368000
1129,1789458611823530308,1789458611806126000,33370000
1130,1789458611857036580,1789458611839494000,33368000
1131,1789458611890577244,1789458611872862000,33368000
1132,1789458611924303692,1789458611906231000,33369000
1133,1789458611957234416,1789458611939599000,33368000
1134,1789458611990605542,1789458611972967000,33368000
1135,1789458612023557528,1789458612006335000,33368000
1136,1789458612057226715,1789458612039704000,33369000
1137,1789458612090233049,1789458612073072000,33368000
1138,1789458612124140604,1789458612106441000,33369000
1139,1789458612157941512,1789458612139809000,33368000
1140,1789458612190617345,1789458612173178000,33369000
1141,1789458612224145785,1789458612206546000,33368000
1142,1789458612257765365,1789458612239915000,33369000
1143,1789458612291110844,1789458612273283000,33368000
1144,1789458612324571905,1789458612306650000,33367000
1145,1789458612357568913,1789458612340018000,33368000
1146,1789458612391054497,1789458612373388000,33370000
1147,1789458612424540202,1789458612406603000,33215000
1148,1789458612458841688,1789458612439972000,33369000
1149,1789458612491220772,1789458612473339000,33367000
1150,1789458612524271663,1789458612506708000,33369000
1151,1789458612557757679,1789458612539705000,32997000
1152,1789458612591036450,1789458612573075000,33370000
1153,1789458612625788217,1789458612606444000,33369000
1154,1789458612658052599,1789458612639812000,33368000
1155,1789458612691121442,1789458612672497000,32685000
1156,1789458612724182632,1789458612705866000,33369000
1157,1789458612758195983,1789458612739234000,33368000
1158,1789458612791497134,1789458612772602000,33368000
1159,1789458612824931869,1789458612805566000,32964000
1160,1789458612858405533,1789458612838934000,33368000
1161,1789458612891953126,1789458612872303000,33369000
1162,1789458612924991726,1789458612905671000,33368000
1163,1789458612958337125,1789458612938637000,32966000
1164,1789458612992925174,1789458612972005000,33368000
1165,1789458613025237577,1789458613005374000,33369000
1166,1789458613058178343,1789458613038742000,33368000
1167,1789458613091907053,1789458613071645000,32903000
1168,1789458613125342327,1789458613105015000,33370000
1169,1789458613157993564,1789458613138381000,33366000
1170,1789458613192323159,1789458613171751000,33370000
1171,1789458613225279843,1789458613204794000,33043000
1172,1789458613258876751,1789458613238165000,33371000
1173,1789458613291973751,1789458613271537000,33372000
1174,1789458613324941224,1789458613304906000,33369000
1175,1789458613358280289,1789458613338271000,33365000
1176,1789458613391924279,1789458613371643000,33372000
1177,1789458613425116797,1789458613405012000,33369000
1178,1789458613458984560,1789458613438383000,33371000
1179,1789458613492313437,1789458613471754000,33371000
1180,1789458613526077389,1789458613505126000,33372000
1181,1789458613558800653,1789458613538495000,33369000
1182,1789458613592156638,1789458613571866000,33371000
1183,1789458613625534210,1789458613605233000,33367000
1184,1789458613658913526,1789458613638602000,33369000
1185,1789458613692173452,1789458613671972000,33370000
1186,1789458613726028253,1789458613705342000,33370000
1187,1789458613758694427,1789458613738710000,33368000
1188,1789458613792207417,1789458613772079000,33369000
1189,1789458613826030572,1789458613805452000,33373000
1190,1789458613859233278,1789458613838822000,33370000
1191,1789458613892555223,1789458613872190000,33368000
1192,1789458613925507499,1789458613905558000,33368000
1193,1789458613959419771,1789458613938928000,33370000
1194,1789458613992841401,1789458613972297000,33369000
1195,1789458614026403887,1789458614005664000,33367000
1196,1789458614059556172,1789458614039033000,33369000
1197,1789458614092708656,1789458614072402000,33369000
1198,1789458614126366840,1789458614105771000,33369000
1199,1789458614159897509,1789458614139139000,33368000
1200,1789458614193272495,1789458614172512000,33373000
1201,1789458614226326777,1789458614205881000,33369000
1202,1789458614260281751,1789458614239249000,33368000
1203,1789458614293132316,1789458614272615000,33366000
1204,1789458614326163988,1789458614305985000,33370000
1205,1789458614359886825,1789458614339354000,33369000
1206,1789458614393327566,1789458614372722000,33368000
1207,1789458614426468320,1789458614406090000,33368000
1208,1789458614459948401,1789458614439459000,33369000
1209,1789458614493530290,1789458614472828000,33369000
1210,1789458614526732372,1789458614506196000,33368000
1211,1789458614560106927,1789458614539566000,33370000
1212,1789458614593324075,1789458614572933000,33367000
1213,1789458614627082745,1789458614606302000,33369000
1214,1789458614660417950,1789458614639669000,33367000
1215,1789458614693445606,1789458614673039000,33370000
1216,1789458614726565934,1789458614706407000,33368000
1217,1789458614761058433,1789458614739778000,33371000
1218,1789458614793604934,1789458614773146000,33368000
1219,1789458614827091184,1789458614806514000,33368000
1220,1789458614860657807,1789458614839882000,33368000
1221,1789458614893696732,1789458614873253000,33371000
1222,1789458614926725479,1789458614906621000,33368000
1223,1789458614960598540,1789458614939991000,33370000
1224,1789458614994148223,1789458614973363000,33372000
1225,1789458615026821204,1789458615006732000,33369000
1226,1789458615060984032,1789458615040102000,33370000
1227,1789458615093564438,1789458615073471000,33369000
1228,1789458615127204848,1789458615106839000,33368000
1229,1789458615160858721,1789458615140210000,33371000
1230,1789458615194349318,1789458615173577000,33367000
1231,1789458615227550385,1789458615206946000,33369000
1232,1789458615260651947,1789458615240314000,33368000
1233,1789458615293778272,1789458615273683000,33369000
1234,1789458615327644509,1789458615307052000,33369000
1235,1789458615361070441,1789458615340423000,33371000
1236,1789458615394304016,1789458615373791000,33368000
1237,1789458615427525379,1789458615407160000,33369000
1238,1789458615461019090,1789458615440528000,33368000
1239,1789458615493967974,1789458615473898000,33370000
1240,1789458615527578331,1789458615507266000,33368000
1241,1789458615560772185,1789458615540635000,33369000
1242,1789458615594360102,1789458615574002000,33367000
1243,1789458615627610005,1789458615607370000,33368000
1244,1789458615661114025,1789458615640739000,33369000
1245,1789458615694111795,1789458615674108000,33369000
1246,1789458615728105836,1789458615707476000,33368000
1247,1789458615761032751,1789458615740844000,33368000
1248,1789458615794543422,1789458615774213000,33369000
1249,1789458615827797202,1789458615807581000,33368000
1250,1789458615860805550,1789458615840950000,33369000
1251,1789458615894960454,1789458615874323000,33373000
1252,1789458615927821764,1789458615907692000,33369000
1253,1789458615961351419,1789458615941059000,33367000
1254,1789458615994814737,1789458615974426000,33367000
1255,1789458616027805553,1789458616007796000,33370000
1256,1789458616061275289,1789458616041164000,33368000
1257,1789458616094375475,1789458616074533000,33369000
1258,1789458616127733706,1789458616107901000,33368000
1259,1789458616161193785,1789458616141269000,33368000
1260,1789458616195168289,1789458616174642000,33373000
1261,1789458616228103235,1789458616208010000,33368000
1262,1789458616261351081,1789458616241380000,33370000
1263,1789458616295043038,1789458616274748000,33368000
1264,1789458616328683595,1789458616308121000,33373000
1265,1789458616361408281,1789458616341490000,33369000
1266,1789458616395771379,1789458616374857000,33367000
1267,1789458616428174448,1789458616408226000,33369000
1268,1789458616461627906,1789458616441594000,33368000
1269,1789458616495098935,1789458616474962000,33368000
1270,1789458616528295871,1789458616508330000,33368000
1271,1789458616562070333,1789458616541700000,33370000
1272,1789458616595966770,1789458616575069000,33369000
1273,1789458616628400234,1789458616608437000,33368000
1274,1789458616661884736,1789458616641805000,33368000
1275,1789458616696419696,1789458616675173000,33368000
1276,1789458616728530513,1789458616708542000,33369000
1277,1789458616761911473,1789458616741910000,33368000
1278,1789458616795610623,1789458616775277000,33367000
1279,1789458616828949098,1789458616808647000,33370000
1280,1789458616861790910,1789458616842015000,33368000
1281,1789458616895924634,1789458616875383000,33368000
1282,1789458616928806357,1789458616908751000,33368000
1283,1789458616962150542,1789458616942120000,33369000
1284,1789458616995429403,1789458616975489000,33369000
1285,1789458617028766136,1789458617008856000,33367000
1286,1789458617062258759,1789458617042224000,33368000
1287,1789458617095660092,1789458617075593000,33369000
1288,1789458617128976165,1789458617108961000,33368000
1289,1789458617162435078,1789458617142331000,33370000
1290,1789458617195713695,1789458617175697000,33366000
1291,1789458617229105862,1789458617209066000,33369000
1292,1789458617262861247,1789458617242434000,33368000
1293,1789458617295899751,1789458617275803000,33369000
1294,1789458617329437915,1789458617309170000,33367000
1295,1789458617362895336,1789458617342539000,33369000
1296,1789458617396281772,1789458617375907000,33368000
1297,1789458617429324524,1789458617409276000,33369000
1298,1789458617463189323,1789458617442644000,33368000
1299,1789458617496277003,1789458617476012000,33368000
1300,1789458617529706856,1789458617509381000,33369000
1301,1789458617563277096,1789458617542750000,33369000
1302,1789458617596066171,1789458617576117000,33367000
1303,1789458617629559045,1789458617609485000,33368000
1304,1789458617663078114,1789458617642855000,33370000
1305,1789458617696522724,1789458617676224000,33369000
1306,1789458617729547654,1789458617709590000,33366000
1307,1789458617763538494,1789458617742959000,33369000
1308,1789458617796944124,1789458617776328000,33369000
1309,1789458617830212072,1789458617809696000,33368000
1310,1789458617863697883,1789458617843064000,33368000
1311,1789458617896498018,1789458617876434000,33370000
1312,1789458617930293244,1789458617909802000,33368000
1313,1789458617963965864,1789458617943171000,33369000
1314,1789458617996854194,1789458617976539000,33368000
1315,1789458618030266878,1789458618009908000,33369000
1316,1789458618063675730,1789458618043277000,33369000
1317,1789458618096631825,1789458618076644000,33367000
1318,1789458618130258862,1789458618110014000,33370000
1319,1789458618163620831,1789458618143384000,33370000
1320,1789458618197071848,1789458618176752000,33368000
1321,1789458618230682585,1789458618210123000,33371000
1322,1789458618264025151,1789458618243492000,33369000
1323,1789458618297248526,1789458618276864000,33372000
1324,1789458618330461964,1789458618310233000,33369000
1325,1789458618363553718,1789458618343601000,33368000
1326,1789458618397176437,1789458618376968000,33367000
1327,1789458618430730204,1789458618410337000,33369000
1328,1789458618464171984,1789458618443707000,33370000
1329,1789458618497920335,1789458618477075000,33368000
1330,1789458618531155842,1789458618510446000,33371000
1331,1789458618563767810,1789458618543815000,33369000
1332,1789458618597569104,1789458618577183000,33368000
1333,1789458618631058969,1789458618610552000,33369000
1334,1789458618664574829,1789458618643921000,33369000
1335,1789458618697641689,1789458618677291000,33370000
1336,1789458618731202819,1789458618710660000,33369000
1337,1789458618764071620,1789458618744029000,33369000
1338,1789458618797481384,1789458618777396000,33367000
1339,1789458618830994250,1789458618810764000,33368000
1340,1789458618864032399,1789458618844134000,33370000
1341,1789458618898135644,1789458618877503000,33369000
1342,1789458618931511458,1789458618910871000,33368000
1343,1789458618964848594,1789458618944240000,33369000
1344,1789458618998424030,1789458618977611000,33371000
1345,1789458619031326543,1789458619010979000,33368000
1346,1789458619064375046,1789458619044349000,33370000
1347,1789458619097744575,1789458619077717000,33368000
1348,1789458619131212347,1789458619111085000,33368000
1349,1789458619165000524,1789458619144453000,33368000
1350,1789458619198124310,1789458619177822000,33369000
1351,1789458619231842253,1789458619211193000,33371000
1352,1789458619264991273,1789458619244561000,33368000
1353,1789458619298534639,1789458619277930000,33369000
1354,1789458619331170986,1789458619311299000,33369000
1355,1789458619366798274,1789458619344666000,33367000
1356,1789458619397854475,1789458619378035000,33369000
1357,1789458619432126825,1789458619411407000,33372000
1358,1789458619464848994,1789458619444774000,33367000
1359,1789458619499117737,1789458619478146000,33372000
1360,1789458619531448405,1789458619511515000,33369000
1361,1789458619564906019,1789458619544882000,33367000
1362,1789458619598727164,1789458619578252000,33370000
1363,1789458619632295333,1789458619611620000,33368000
1364,1789458619664802021,1789458619644990000,33370000
1365,1789458619698622485,1789458619678357000,33367000
1366,1789458619732094805,1789458619711725000,33368000
1367,1789458619764944117,1789458619745095000,33370000
1368,1789458619798960426,1789458619778461000,33366000
1369,1789458619832096965,1789458619811830000,33369000
1370,1789458619865339279,1789458619845198000,33368000
1371,1789458619898574402,1789458619878567000,33369000
1372,1789458619931860423,1789458619911936000,33369000
1373,1789458619965291961,1789458619945304000,33368000
1374,1789458619998803130,1789458619978672000,33368000
1375,1789458620032871675,1789458620012042000,33370000
1376,1789458620065415053,1789458620045412000,33370000
1377,1789458620098743946,1789458620078779000,33367000
1378,1789458620132088216,1789458620112148000,33369000
1379,1789458620165517756,1789458620145516000,33368000
1380,1789458620199043837,1789458620178885000,33369000
1381,1789458620232526220,1789458620212253000,33368000
1382,1789458620265500067,1789458620245621000,33368000
1383,1789458620299388357,1789458620278989000,33368000
1384,1789458620332321231,1789458620312358000,33369000
1385,1789458620365908860,1789458620345727000,33369000
1386,1789458620399316612,1789458620379096000,33369000
1387,1789458620432338163,1789458620412464000,33368000
1388,1789458620466421226,1789458620445833000,33369000
1389,1789458620499816116,1789458620479201000,33368000
1390,1789458620532576706,1789458620512570000,33369000
1391,1789458620566102797,1789458620545938000,33368000
1392,1789458620599883517,1789458620579307000,33369000
1393,1789458620633133701,1789458620612675000,33368000
1394,1789458620666525685,1789458620646045000,33370000
1395,1789458620699596994,1789458620679411000,33366000
1396,1789458620732804152,1789458620712781000,33370000
1397,1789458620766578501,1789458620746149000,33368000
1398,1789458620799851545,1789458620779518000,33369000
1399,1789458620833348625,1789458620812887000,33369000
1400,1789458620866824256,1789458620846255000,33368000
1401,1789458620900497436,1789458620879624000,33369000
1402,1789458620933526060,1789458620912994000,33370000
1403,1789458620966726366,1789458620946362000,33368000
1404,1789458621000363472,1789458620979732000,33370000
1405,1789458621033144894,1789458621013101000,33369000
1406,1789458621067242930,1789458621046470000,33369000
1407,1789458621100352501,1789458621079842000,33372000
1408,1789458621134239975,1789458621113211000,33369000
1409,1789458621166820322,1789458621146580000,33369000
1410,1789458621200336842,1789458621179948000,33368000
1411,1789458621233816055,1789458621213315000,33367000
1412,1789458621266984611,1789458621246685000,33370000
1413,1789458621300307258,1789458621280054000,33369000
1414,1789458621333711980,1789458621313422000,33368000
1415,1789458621366640121,1789458621346790000,33368000
1416,1789458621401078537,1789458621380158000,33368000
1417,1789458621433686153,1789458621413528000,33370000
1418,1789458621467327102,1789458621446897000,33369000
1419,1789458621501597982,1789458621480269000,33372000
1420,1789458621534219192,1789458621513638000,33369000
1421,1789458621567352826,1789458621547007000,33369000
1422,1789458621601518401,1789458621580379000,33372000
1423,1789458621634696242,1789458621613749000,33370000
1424,1789458621667737263,1789458621647120000,33371000
1425,1789458621700950396,1789458621680489000,33369000
1426,1789458621734839002,1789458621713858000,33369000
1427,1789458621767950437,1789458621747229000,33371000
1428,1789458621800839679,1789458621780597000,33368000
1429,1789458621833817248,1789458621813966000,33369000
1430,1789458621867617258,1789458621847334000,33368000
1431,1789458621901080183,1789458621880702000,33368000
1432,1789458621934602042,1789458621914071000,33369000
1433,1789458621968075946,1789458621947440000,33369000
1434,1789458622000971971,1789458621980809000,33369000
1435,1789458622034368523,1789458622014176000,33367000
1436,1789458622067918617,1789458622047546000,33370000
1437,1789458622101561856,1789458622080916000,33370000
1438,1789458622135359937,1789458622114284000,33368000
1439,1789458622167676544,1789458622147651000,33367000
1440,1789458622203249299,1789458622181020000,33369000
1441,1789458622234739606,1789458622214388000,33368000
1442,1789458622268140086,1789458622247758000,33370000
1443,1789458622301733326,1789458622281126000,33368000
1444,1789458622334587160,1789458622314494000,33368000
1445,1789458622368325186,1789458622347861000,33367000
1446,1789458622401209134,1789458622381232000,33371000
1447,1789458622434593505,1789458622414599000,33367000
1448,1789458622468133251,1789458622447967000,33368000
1449,1789458622501570195,1789458622481337000,33370000
1450,1789458622534813818,1789458622514706000,33369000
1451,1789458622568340501,1789458622548073000,33367000
1452,1789458622601986605,1789458622581444000,33371000
1453,1789458622635139207,1789458622614811000,33367000
1454,1789458622668583925,1789458622648181000,33370000
1455,1789458622702395240,1789458622681551000,33370000
1456,1789458622735217298,1789458622714920000,33369000
1457,1789458622768653751,1789458622748287000,33367000
1458,1789458622802140534,1789458622781656000,33369000
1459,1789458622835484714,1789458622815025000,33369000
1460,1789458622868503249,1789458622848393000,33368000
1461,1789458622902684678,1789458622881761000,33368000
1462,1789458622935681405,1789458622915131000,33370000
1463,1789458622968996644,1789458622948501000,33370000
1464,1789458623002438699,1789458622981870000,33369000
1465,1789458623035236769,1789458623015237000,33367000
1466,1789458623069030068,1789458623048607000,33370000
1467,1789458623102669585,1789458623081976000,33369000
1468,1789458623135940571,1789458623115344000,33368000
1469,1789458623169400410,1789458623148714000,33370000
1470,1789458623202532641,1789458623182083000,33369000
1471,1789458623236179461,1789458623215451000,33368000
1472,1789458623269083709,1789458623248820000,33369000
1473,1789458623302546013,1789458623282188000,33368000
1474,1789458623335969599,1789458623315558000,33370000
1475,1789458623369450355,1789458623348926000,33368000
1476,1789458623402476839,1789458623382294000,33368000
1477,1789458623436000241,1789458623415664000,33370000
1478,1789458623470083913,1789458623449032000,33368000
1479,1789458623502776797,1789458623482401000,33369000
1480,1789458623536164970,1789458623515770000,33369000
1481,1789458623569744171,1789458623549139000,33369000
1482,1789458623602796761,1789458623582509000,33370000
1483,1789458623636169267,1789458623615877000,33368000
1484,1789458623670148754,1789458623649246000,33369000
1485,1789458623703569976,1789458623682617000,33371000
1486,1789458623736615143,1789458623715986000,33369000
1487,1789458623770002745,1789458623749359000,33373000
1488,1789458623803124978,1789458623782729000,33370000
1489,1789458623836461249,1789458623816097000,33368000
1490,1789458623870365073,1789458623849466000,33369000
1491,1789458623903578507,1789458623882835000,33369000
1492,1789458623936408855,1789458623916204000,33369000
1493,1789458623969751468,1789458623949574000,33370000
1494,1789458624003235471,1789458623982943000,33369000
1495,1789458624036055685,1789458624016310000,33367000
1496,1789458624069990479,1789458624049679000,33369000
1497,1789458624104133952,1789458624083048000,33369000
1498,1789458624136850602,1789458624116415000,33367000
1499,1789458624170190004,1789458624149785000,33370000
1500,1789458624203554570,1789458624183154000,33369000
1501,1789458624237123356,1789458624216523000,33369000
1502,1789458624270420493,1789458624249893000,33370000
1503,1789458624304232811,1789458624283262000,33369000
1504,1789458624337404766,1789458624316632000,33370000
1505,1789458624370342407,1789458624349999000,33367000
1506,1789458624403892111,1789458624383370000,33371000
1507,1789458624437185220,1789458624416738000,33368000
1508,1789458624471608418,1789458624450106000,33368000
1509,1789458624503667336,1789458624483475000,33369000
1510,1789458624537123464,1789458624516844000,33369000
1511,1789458624570651588,1789458624550212000,33368000
1512,1789458624603474217,1789458624583581000,33369000
1513,1789458624637331754,1789458624616949000,33368000
1514,1789458624670670735,1789458624650318000,33369000
1515,1789458624704074550,1789458624683688000,33370000
1516,1789458624737434127,1789458624717055000,33367000
1517,1789458624770581278,1789458624750425000,33370000
1518,1789458624804303647,1789458624783792000,33367000
1519,1789458624837266242,1789458624817161000,33369000
1520,1789458624870959920,1789458624850531000,33370000
1521,1789458624904266032,1789458624883898000,33367000
1522,1789458624937804786,1789458624917267000,33369000
1523,1789458624971100159,1789458624950636000,33369000
1524,1789458625004099593,1789458624984005000,33369000
1525,1789458625037558550,1789458625017372000,33367000
1526,1789458625071077644,1789458625050741000,33369000
1527,1789458625104756670,1789458625084112000,33371000
1528,1789458625137916238,1789458625117480000,33368000
1529,1789458625171101481,1789458625150848000,33368000
1530,1789458625204438803,1789458625184218000,33370000
1531,1789458625237885088,1789458625217584000,33366000
1532,1789458625271380640,1789458625250954000,33370000
1533,1789458625305023983,1789458625284325000,33371000
1534,1789458625338196293,1789458625317694000,33369000
1535,1789458625371289774,1789458625351062000,33368000
1536,1789458625405664120,1789458625384431000,33369000
1537,1789458625438568947,1789458625417802000,33371000
1538,1789458625471845432,1789458625451172000,33370000
1539,1789458625505330665,1789458625484542000,33370000
1540,1789458625538101866,1789458625517911000,33369000
1541,1789458625571504223,1789458625551278000,33367000
1542,1789458625605304213,1789458625584646000,33368000
1543,1789458625638279445,1789458625618015000,33369000
1544,1789458625672545469,1789458625651385000,33370000
1545,1789458625704939934,1789458625684752000,33367000
1546,1789458625738692720,1789458625718121000,33369000
1547,1789458625771843743,1789458625751491000,33370000
1548,1789458625805518441,1789458625784860000,33369000
1549,1789458625839712338,1789458625818228000,33368000
1550,1789458625871679106,1789458625851597000,33369000
1551,1789458625905504471,1789458625884968000,33371000
1552,1789458625938434663,1789458625918337000,33369000
1553,1789458625972498430,1789458625951707000,33370000
1554,1789458626005568224,1789458625985077000,33370000
1555,1789458626038797108,1789458626018445000,33368000
1556,1789458626072100334,1789458626051814000,33369000
1557,1789458626105189300,1789458626085183000,33369000
1558,1789458626138218731,1789458626118550000,33367000
1559,1789458626172002708,1789458626151920000,33370000
1560,1789458626206125514,1789458626185289000,33369000
1561,1789458626238700571,1789458626218656000,33367000
1562,1789458626271969736,1789458626252025000,33369000
1563,1789458626305345050,1789458626285394000,33369000
1564,1789458626339115953,1789458626318762000,33368000
1565,1789458626372121562,1789458626352131000,33369000
1566,1789458626405934460,1789458626385499000,33368000
1567,1789458626439275693,1789458626418868000,33369000
1568,1789458626472769055,1789458626452236000,33368000
1569,1789458626506268838,1789458626485605000,33369000
1570,1789458626539208601,1789458626518974000,33369000
1571,1789458626572779701,1789458626552342000,33368000
1572,1789458626606148372,1789458626585710000,33368000
1573,1789458626639772896,1789458626619078000,33368000
1574,1789458626673119268,1789458626652451000,33373000
1575,1789458626706042001,1789458626685819000,33368000
1576,1789458626739665554,1789458626719189000,33370000
1577,1789458626772457164,1789458626752557000,33368000
1578,1789458626806201811,1789458626785926000,33369000
1579,1789458626839850528,1789458626819293000,33367000
1580,1789458626873550826,1789458626852664000,33371000
1581,1789458626906433488,1789458626886032000,33368000
1582,1789458626939897538,1789458626919400000,33368000
1583,1789458626972729299,1789458626952769000,33369000
1584,1789458627006992941,1789458626986137000,33368000
1585,1789458627040312779,1789458627019506000,33369000
1586,1789458627073714904,1789458627052877000,33371000
1587,1789458627106823689,1789458627086246000,33369000
1588,1789458627140365652,1789458627119617000,33371000
1589,1789458627173393403,1789458627152985000,33368000
1590,1789458627206901215,1789458627186354000,33369000
1591,1789458627240191892,1789458627219724000,33370000
1592,1789458627273093210,1789458627253092000,33368000
1593,1789458627307066656,1789458627286460000,33368000
1594,1789458627339861445,1789458627319830000,33370000
1595,1789458627375080046,1789458627353198000,33368000
1596,1789458627407065102,1789458627386567000,33369000
1597,1789458627440332247,1789458627419936000,33369000
1598,1789458627473888475,1789458627453304000,33368000
1599,1789458627507336801,1789458627486673000,33369000
1600,1789458627540300630,1789458627520043000,33370000
1601,1789458627573610791,1789458627553411000,33368000
1602,1789458627607472941,1789458627586781000,33370000
1603,1789458627640618240,1789458627620148000,33367000
1604,1789458627674277710,1789458627653518000,33370000
1605,1789458627707119663,1789458627686886000,33368000
1606,1789458627741136747,1789458627720255000,33369000
1607,1789458627773945140,1789458627753622000,33367000
1608,1789458627807622281,1789458627786993000,33371000
1609,1789458627841080886,1789458627820363000,33370000
1610,1789458627874200981,1789458627853732000,33369000
1611,1789458627907843922,1789458627887100000,33368000
1612,1789458627940756620,1789458627920468000,33368000
1613,1789458627974239428,1789458627953837000,33369000
1614,1789458628007888286,1789458627987208000,33371000
1615,1789458628040755527,1789458628020575000,33367000
1616,1789458628074104981,1789458628053944000,33369000
1617,1789458628107929127,1789458628087313000,33369000
1618,1789458628141141078,1789458628120684000,33371000
1619,1789458628174142016,1789458628154052000,33368000
1620,1789458628207593902,1789458628187421000,33369000
1621,1789458628240724839,1789458628220789000,33368000
1622,1789458628274852403,1789458628254158000,33369000
1623,1789458628307832874,1789458628287529000,33371000
1624,1789458628341101055,1789458628320898000,33369000
1625,1789458628375605185,1789458628354266000,33368000
1626,1789458628407438464,1789458628387634000,33368000
1627,1789458628441280061,1789458628421003000,33369000
1628,1789458628474366049,1789458628454371000,33368000
1629,1789458628507856333,1789458628487740000,33369000
1630,1789458628541488389,1789458628521110000,33370000
1631,1789458628575325567,1789458628554479000,33369000
1632,1789458628608553857,1789458628587852000,33373000
1633,1789458628641964401,1789458628621221000,33369000
1634,1789458628675119651,1789458628654589000,33368000
1635,1789458628708064049,1789458628687958000,33369000
1636,1789458628741170724,1789458628721327000,33369000
1637,1789458628774963874,1789458628754697000,33370000
1638,1789458628808026751,1789458628788066000,33369000
1639,1789458628842094368,1789458628821433000,33367000
1640,1789458628874970244,1789458628854804000,33371000
1641,1789458628908522488,1789458628888174000,33370000
1642,1789458628941815613,1789458628921543000,33369000
1643,1789458628974804189,1789458628954911000,33368000
1644,1789458629008299570,1789458628988281000,33370000
1645,1789458629041791720,1789458629021648000,33367000
1646,1789458629075105165,1789458629055017000,33369000
1647,1789458629108503119,1789458629088387000,33370000
1648,1789458629141716255,1789458629121755000,33368000
1649,1789458629175191717,1789458629155123000,33368000
1650,1789458629208214827,1789458629188493000,33370000
1651,1789458629242351040,1789458629221862000,33369000
1652,1789458629275251672,1789458629255229000,33367000
1653,1789458629309330553,1789458629288600000,33371000
1654,1789458629341800762,1789458629321970000,33370000
1655,1789458629376022317,1789458629355339000,33369000
1656,1789458629408958302,1789458629388709000,33370000
1657,1789458629442365973,1789458629422075000,33366000
1658,1789458629476085127,1789458629455445000,33370000
1659,1789458629508751023,1789458629488815000,33370000
1660,1789458629542179631,1789458629522182000,33367000
1661,1789458629575772441,1789458629555551000,33369000
1662,1789458629609488859,1789458629588920000,33369000
1663,1789458629642532095,1789458629622287000,33367000
1664,1789458629676021321,1789458629655656000,33369000
1665,1789458629709802885,1789458629689027000,33371000
1666,1789458629743193536,1789458629722397000,33370000
1667,1789458629776365850,1789458629755766000,33369000
1668,1789458629809415156,1789458629789135000,33369000
1669,1789458629842984564,1789458629822502000,33367000
1670,1789458629876409836,1789458629855872000,33370000
1671,1789458629909776505,1789458629889242000,33370000
1672,1789458629943065145,1789458629922609000,33367000
1673,1789458629976245063,1789458629955979000,33370000
1674,1789458630009317007,1789458629989349000,33370000
1675,1789458630042696271,1789458630022716000,33367000
1676,1789458630076618528,1789458630056085000,33369000
1677,1789458630109486075,1789458630089453000,33368000
1678,1789458630142821020,1789458630122822000,33369000
1679,1789458630176685054,1789458630156190000,33368000
1680,1789458630210009461,1789458630189558000,33368000
1681,1789458630243299386,1789458630222926000,33368000
1682,1789458630276597296,1789458630256296000,33370000
1683,1789458630310135381,1789458630289664000,33368000
1684,1789458630343234208,1789458630323031000,33367000
1685,1789458630377097621,1789458630356401000,33370000
1686,1789458630410174027,1789458630389769000,33368000
1687,1789458630443521054,1789458630423138000,33369000
1688,1789458630476545279,1789458630456506000,33368000
1689,1789458630510610730,1789458630489877000,33371000
1690,1789458630543552167,1789458630523244000,33367000
1691,1789458630577012385,1789458630556614000,33370000
1692,1789458630610471440,1789458630589981000,33367000
1693,1789458630644083256,1789458630623353000,33372000
1694,1789458630676870571,1789458630656722000,33369000
1695,1789458630710685037,1789458630690093000,33371000
1696,1789458630743926516,1789458630723465000,33372000
1697,1789458630776815431,1789458630756834000,33369000
1698,1789458630810734592,1789458630790202000,33368000
1699,1789458630843866317,1789458630823573000,33371000
1700,1789458630877094192,1789458630856942000,33369000
1701,1789458630910209488,1789458630890310000,33368000
1702,1789458630944178548,1789458630923679000,33369000
1703,1789458630977221576,1789458630957048000,33369000
1704,1789458631010607491,1789458630990416000,33368000
1705,1789458631044546822,1789458631023789000,33373000
1706,1789458631077423858,1789458631057157000,33368000
1707,1789458631110938114,1789458631090526000,33369000
1708,1789458631143811744,1789458631123894000,33368000
1709,1789458631177308218,1789458631157262000,33368000
1710,1789458631211325988,1789458631190634000,33372000
1711,1789458631244474275,1789458631224004000,33370000
1712,1789458631277801019,1789458631257373000,33369000
1713,1789458631311142469,1789458631290740000,33367000
1714,1789458631344598852,1789458631324109000,33369000
1715,1789458631377774829,1789458631357480000,33371000
1716,1789458631411155317,1789458631390848000,33368000
1717,1789458631444301801,1789458631424218000,33370000
1718,1789458631477881544,1789458631457585000,33367000
1719,1789458631511304839,1789458631490955000,33370000
1720,1789458631544386617,1789458631524324000,33369000
1721,1789458631578210443,1789458631557697000,33373000
1722,1789458631610854044,1789458631591065000,33368000
1723,1789458631644457488,1789458631624435000,33370000
1724,1789458631677631341,1789458631657802000,33367000
1725,1789458631711276689,1789458631691171000,33369000
1726,1789458631744412535,1789458631724541000,33370000
1727,1789458631778153884,1789458631757908000,33367000
1728,1789458631811673149,1789458631791277000,33369000
1729,1789458631844546338,1789458631824645000,33368000
1730,1789458631878585486,1789458631858013000,33368000
1731,1789458631911168158,1789458631891383000,33370000
1732,1789458631945012721,1789458631924749000,33366000
1733,1789458631978108275,1789458631958119000,33370000
1734,1789458632011970960,1789458631991487000,33368000
1735,1789458632044754972,1789458632024856000,33369000
1736,1789458632078241351,1789458632058224000,33368000
1737,1789458632111845049,1789458632091593000,33369000
1738,1789458632145273035,1789458632124961000,33368000
1739,1789458632178689911,1789458632158330000,33369000
1740,1789458632211599897,1789458632191698000,33368000
1741,1789458632245574874,1789458632225066000,33368000
1742,1789458632278543524,1789458632258435000,33369000
1743,1789458632312078129,1789458632291804000,33369000
1744,1789458632345070121,1789458632325172000,33368000
1745,1789458632379074811,1789458632358541000,33369000
1746,1789458632411966324,1789458632391909000,33368000
1747,1789458632445719016,1789458632425278000,33369000
1748,1789458632478898280,1789458632458646000,33368000
1749,1789458632512359244,1789458632492016000,33370000
1750,1789458632545978610,1789458632525383000,33367000
1751,1789458632579124986,1789458632558752000,33369000
1752,1789458632612227474,1789458632592119000,33367000
1753,1789458632645677940,1789458632625489000,33370000
1754,1789458632679247076,1789458632658857000,33368000
1755,1789458632712769710,1789458632692225000,33368000
1756,1789458632746081930,1789458632725595000,33370000
1757,1789458632779483619,1789458632758964000,33369000
1758,1789458632812369332,1789458632792331000,33367000
1759,1789458632845487678,1789458632825701000,33370000
1760,1789458632879507114,1789458632859069000,33368000
1761,1789458632912425635,1789458632892438000,33369000
1762,1789458632945997947,1789458632925805000,33367000
1763,1789458632979226459,1789458632959175000,33370000
1764,1789458633012810031,1789458632992544000,33369000
1765,1789458633046300380,1789458633025912000,33368000
1766,1789458633079316356,1789458633059281000,33369000
1767,1789458633112986074,1789458633092649000,33368000
1768,1789458633146490287,1789458633126021000,33372000
1769,1789458633179590272,1789458633159390000,33369000
1770,1789458633213079709,1789458633192757000,33367000
1771,1789458633245969281,1789458633226128000,33371000
1772,1789458633279897177,1789458633259495000,33367000
1773,1789458633312905990,1789458633292863000,33368000
1774,1789458633346402240,1789458633326231000,33368000
1775,1789458633379839114,1789458633359601000,33370000
1776,1789458633413281918,1789458633392969000,33368000
1777,1789458633446724922,1789458633426338000,33369000
1778,1789458633480620972,1789458633459707000,33369000
1779,1789458633513347895,1789458633493077000,33370000
1780,1789458633547060899,1789458633526448000,33371000
1781,1789458633581079787,1789458633559817000,33369000
1782,1789458633613660449,1789458633593187000,33370000
1783,1789458633647327242,1789458633626555000,33368000
1784,1789458633680407562,1789458633659926000,33371000
1785,1789458633714635421,1789458633693295000,33369000
1786,1789458633747280308,1789458633726665000,33370000
1787,1789458633781241123,1789458633760033000,33368000
1788,1789458633813560511,1789458633793402000,33369000
1789,1789458633847160414,1789458633826770000,33368000
1790,1789458633880206033,1789458633860139000,33369000
1791,1789458633914127508,1789458633893509000,33370000
1792,1789458633947515565,1789458633926877000,33368000
1793,1789458633980717521,1789458633960245000,33368000
1794,1789458634013976401,1789458633993614000,33369000
1795,1789458634047222869,1789458634026985000,33371000
1796,1789458634080970187,1789458634060352000,33367000
1797,1789458634114634707,1789458634093725000,33373000
1798,1789458634147304179,1789458634127094000,33369000
1799,1789458634180734203,1789458634160462000,33368000
1800,1789458634214456456,1789458634193831000,33369000
1801,1789458634247622801,1789458634227199000,33368000
1802,1789458634281824937,1789458634260569000,33370000
1803,1789458634314984820,1789458634293938000,33369000
1804,1789458634347498134,1789458634327306000,33368000
1805,1789458634380990339,1789458634360674000,33368000
1806,1789458634413939157,1789458634394045000,33371000
1807,1789458634447864311,1789458634427412000,33367000
1808,1789458634480924758,1789458634460780000,33368000
1809,1789458634514428412,1789458634494149000,33369000
1810,1789458634547805702,1789458634527518000,33369000
1811,1789458634581201194,1789458634560887000,33369000
1812,1789458634614169818,1789458634594256000,33369000
1813,1789458634647779681,1789458634627623000,33367000
1814,1789458634681299354,1789458634660992000,33369000
1815,1789458634714832451,1789458634694361000,33369000
1816,1789458634748024892,1789458634727729000,33368000
1817,1789458634780979972,1789458634761099000,33370000
1818,1789458634815035647,1789458634794467000,33368000
1819,1789458634848083211,1789458634827836000,33369000
1820,1789458634881616428,1789458634861205000,33369000
1821,1789458634914995702,1789458634894574000,33369000
1822,1789458634947803460,1789458634927942000,33368000
1823,1789458634981402894,1789458634961310000,33368000
1824,1789458635014985723,1789458634994681000,33371000
1825,1789458635048368474,1789458635028050000,33369000
1826,1789458635081940122,1789458635061418000,33368000
1827,1789458635114957593,1789458635094787000,33369000
1828,1789458635148960728,1789458635128156000,33369000
1829,1789458635181940573,1789458635161526000,33370000
1830,1789458635214863967,1789458635194894000,33368000
1831,1789458635248609514,1789458635228263000,33369000
1832,1789458635282130681,1789458635261631000,33368000
1833,1789458635315371611,1789458635295000000,33369000
1834,1789458635348506561,1789458635328370000,33370000
1835,1789458635381625043,1789458635361737000,33367000
1836,1789458635415515798,1789458635395106000,33369000
1837,1789458635449017560,1789458635428475000,33369000
1838,1789458635481905652,1789458635461845000,33370000
1839,1789458635515600318,1789458635495212000,33367000
1840,1789458635549031175,1789458635528582000,33370000
1841,1789458635582552243,1789458635561950000,33368000
1842,1789458635615787181,1789458635595318000,33368000
1843,1789458635648935676,1789458635628688000,33370000
1844,1789458635682577648,1789458635662057000,33369000
1845,1789458635715600830,1789458635695425000,33368000
1846,1789458635749568532,1789458635728796000,33371000
1847,1789458635782516180,1789458635762165000,33369000
1848,1789458635816605968,1789458635795537000,33372000
1849,1789458635849704805,1789458635828908000,33371000
1850,1789458635883798271,1789458635862277000,33369000
1851,1789458635916734628,1789458635895647000,33370000
1852,1789458635949333425,1789458635929017000,33370000
1853,1789458635982504009,1789458635962386000,33369000
1854,1789458636016365727,1789458635995754000,33368000
1855,1789458636049640097,1789458636029125000,33371000
1856,1789458636082999218,1789458636062495000,33370000
1857,1789458636116495453,1789458636095865000,33370000
1858,1789458636150197865,1789458636129237000,33372000
1859,1789458636183138131,1789458636162606000,33369000
1860,1789458636216278222,1789458636195975000,33369000
1861,1789458636250161805,1789458636229348000,33373000
1862,1789458636283376539,1789458636262717000,33369000
1863,1789458636316832904,1789458636296086000,33369000
1864,1789458636350096334,1789458636329454000,33368000
1865,1789458636383844717,1789458636362824000,33370000
1866,1789458636417480250,1789458636396193000,33369000
1867,1789458636450319896,1789458636429562000,33369000
1868,1789458636483057701,1789458636462931000,33369000
1869,1789458636516451634,1789458636496301000,33370000
1870,1789458636549655318,1789458636529669000,33368000
1871,1789458636583190833,1789458636563037000,33368000
1872,1789458636616760939,1789458636596408000,33371000
1873,1789458636650189253,1789458636629776000,33368000
1874,1789458636683512560,1789458636663146000,33370000
1875,1789458636716857196,1789458636696516000,33370000
1876,1789458636750284748,1789458636729885000,33369000
1877,1789458636783905915,1789458636763257000,33372000
1878,1789458636816906378,1789458636796625000,33368000
1879,1789458636850563018,1789458636829993000,33368000
1880,1789458636883956099,1789458636863364000,33371000
1881,1789458636916542195,1789458636896733000,33369000
1882,1789458636950391157,1789458636930101000,33368000
1883,1789458636983952147,1789458636963469000,33368000
1884,1789458637017221925,1789458636996839000,33370000
1885,1789458637050722649,1789458637030209000,33370000
1886,1789458637083676319,1789458637063577000,33368000
1887,1789458637116941604,1789458637096946000,33369000
1888,1789458637150518624,1789458637130315000,33369000
1889,1789458637184042850,1789458637163684000,33369000
1890,1789458637217593763,1789458637197055000,33371000
1891,1789458637251446854,1789458637230423000,33368000
1892,1789458637284271434,1789458637263792000,33369000
1893,1789458637317399545,1789458637297161000,33369000
1894,1789458637350823092,1789458637330531000,33370000
1895,1789458637384248703,1789458637363899000,33368000
1896,1789458637418707282,1789458637397267000,33368000
1897,1789458637451273903,1789458637430637000,33370000
1898,1789458637484425526,1789458637464006000,33369000
1899,1789458637517719201,1789458637497375000,33369000
1900,1789458637551295420,1789458637530745000,33370000
1901,1789458637584108149,1789458637564114000,33369000
1902,1789458637617621497,1789458637597482000,33368000
1903,1789458637650995886,1789458637630851000,33369000
1904,1789458637684219757,1789458637664222000,33371000
1905,1789458637718089788,1789458637697590000,33368000
1906,1789458637750778487,1789458637730959000,33369000
1907,1789458637784800529,1789458637764329000,33370000
1908,1789458637818101919,1789458637797697000,33368000
1909,1789458637851335708,1789458637831066000,33369000
1910,1789458637884782115,1789458637864436000,33370000
1911,1789458637918152097,1789458637897805000,33369000
1912,1789458637951408205,1789458637931174000,33369000
1913,1789458637985139099,1789458637964543000,33369000
1914,1789458638019075496,1789458637997911000,33368000
1915,1789458638051625418,1789458638031281000,33370000
1916,1789458638085076735,1789458638064650000,33369000
1917,1789458638118424658,1789458638098018000,33368000
1918,1789458638151752906,1789458638131387000,33369000
1919,1789458638184905441,1789458638164756000,33369000
1920,1789458638218386792,1789458638198126000,33370000
1921,1789458638252147410,1789458638231494000,33368000
1922,1789458638285388443,1789458638264863000,33369000
1923,1789458638318739822,1789458638298233000,33370000
1924,1789458638352190017,1789458638331602000,33369000
1925,1789458638385964781,1789458638364973000,33371000
1926,1789458638418400239,1789458638398343000,33370000
1927,1789458638452369639,1789458638431714000,33371000
1928,1789458638485295901,1789458638465083000,33369000
1929,1789458638518957884,1789458638498451000,33368000
1930,1789458638551994653,1789458638531821000,33370000
1931,1789458638586499427,1789458638565190000,33369000
1932,1789458638619398340,1789458638598560000,33370000
1933,1789458638652886132,1789458638631930000,33370000
1934,1789458638686288602,1789458638665300000,33370000
1935,1789458638719198185,1789458638698670000,33370000
1936,1789458638752246254,1789458638732039000,33369000
1937,1789458638787182566,1789458638765408000,33369000
1938,1789458638819178541,1789458638798776000,33368000
1939,1789458638852357053,1789458638832146000,33370000
1940,1789458638886437291,1789458638865517000,33371000
1941,1789458638919130698,1789458638898886000,33369000
1942,1789458638952599557,1789458638932254000,33368000
1943,1789458638986254567,1789458638965624000,33370000
1944,1789458639019097657,1789458638998993000,33369000
1945,1789458639052572778,1789458639032361000,33368000
1946,1789458639086006014,1789458639065731000,33370000
1947,1789458639119482326,1789458639099100000,33369000
1948,1789458639153117132,1789458639132470000,33370000
1949,1789458639186245104,1789458639165839000,33369000
1950,1789458639219549800,1789458639199210000,33371000
1951,1789458639252920785,1789458639232579000,33369000
1952,1789458639286352118,1789458639265946000,33367000
1953,1789458639319860828,1789458639299317000,33371000
1954,1789458639353305004,1789458639332685000,33368000
1955,1789458639386895490,1789458639366055000,33370000
1956,1789458639420465550,1789458639399424000,33369000
1957,1789458639453661072,1789458639432793000,33369000
1958,1789458639486646119,1789458639466165000,33372000
1959,1789458639520129514,1789458639499533000,33368000
1960,1789458639552741196,1789458639532901000,33368000
1961,1789458639586908510,1789458639566271000,33370000
1962,1789458639620919927,1789458639599640000,33369000
1963,1789458639653559418,1789458639633012000,33372000
1964,1789458639687837460,1789458639666381000,33369000
1965,1789458639720465651,1789458639699751000,33370000
1966,1789458639753253537,1789458639733120000,33369000
1967,1789458639787483503,1789458639766489000,33369000
1968,1789458639820334812,1789458639799857000,33368000
1969,1789458639853674601,1789458639833227000,33370000
1970,1789458639887075980,1789458639866595000,33368000
1971,1789458639920674110,1789458639899964000,33369000
1972,1789458639954590647,1789458639933334000,33370000
1973,1789458639987096600,1789458639966703000,33369000
1974,1789458640020548738,1789458640000073000,33370000
1975,1789458640054957965,1789458640033441000,33368000
1976,1789458640087413638,1789458640066812000,33371000
1977,1789458640120813525,1789458640100181000,33369000
1978,1789458640154163022,1789458640133551000,33370000
1979,1789458640187366980,1789458640166921000,33370000
1980,1789458640222074338,1789458640200290000,33369000
1981,1789458640254333581,1789458640233659000,33369000
1982,1789458640287930169,1789458640267028000,33369000
1983,1789458640320733012,1789458640300397000,33369000
1984,1789458640354192285,1789458640333765000,33368000
1985,1789458640387133584,1789458640367135000,33370000
1986,1789458640421902783,1789458640400504000,33369000
1987,1789458640454013301,1789458640433873000,33369000
1988,1789458640487616129,1789458640467244000,33371000
1989,1789458640521076765,1789458640500612000,33368000
1990,1789458640554251650,1789458640533982000,33370000
1991,1789458640587592472,1789458640567350000,33368000
1992,1789458640620891820,1789458640600719000,33369000
1993,1789458640654959156,1789458640634089000,33370000
1994,1789458640687736383,1789458640667459000,33370000
1995,1789458640720865618,1789458640700828000,33369000
1996,1789458640754731646,1789458640734197000,33369000
1997,1789458640787594175,1789458640767566000,33369000
1998,1789458640821713885,1789458640800936000,33370000
1999,1789458640854685889,1789458640834306000,33370000
2000,1789458640888227259,1789458640867676000,33370000
2001,1789458640921507753,1789458640901043000,33367000
2002,1789458640954570719,1789458640934412000,33369000
2003,1789458640988109854,1789458640967783000,33371000
2004,1789458641021843446,1789458641001153000,33370000
2005,1789458641054986595,1789458641034524000,33371000
2006,1789458641087817738,1789458641067893000,33369000
2007,1789458641121313436,1789458641101261000,33368000
2008,1789458641155229725,1789458641134631000,33370000
2009,1789458641188009286,1789458641168001000,33370000
2010,1789458641222092683,1789458641201370000,33369000
2011,1789458641254754854,1789458641234738000,33368000
2012,1789458641288106165,1789458641268107000,33369000
2013,1789458641321725134,1789458641301479000,33372000
2014,1789458641356182728,1789458641334847000,33368000
2015,1789458641388466534,1789458641368217000,33370000
2016,1789458641422102112,1789458641401586000,33369000
2017,1789458641455406980,1789458641434955000,33369000
2018,1789458641488765353,1789458641468324000,33369000
2019,1789458641522257886,1789458641501694000,33370000
2020,1789458641555770995,1789458641535064000,33370000
2021,1789458641589269248,1789458641568434000,33370000
2022,1789458641622386441,1789458641601802000,33368000
2023,1789458641655866762,1789458641635172000,33370000
2024,1789458641689136678,1789458641668544000,33372000
2025,1789458641722241038,1789458641701913000,33369000
2026,1789458641755990028,1789458641735285000,33372000
2027,1789458641790386774,1789458641768655000,33370000
2028,1789458641822538995,1789458641802024000,33369000
2029,1789458641855572349,1789458641835393000,33369000
2030,1789458641889038715,1789458641868762000,33369000
2031,1789458641922513816,1789458641902131000,33369000
2032,1789458641956000088,1789458641935499000,33368000
2033,1789458641989372045,1789458641968868000,33369000
2034,1789458642023014855,1789458642002238000,33370000
2035,1789458642055520967,1789458642035608000,33370000
2036,1789458642089323042,1789458642068976000,33368000
2037,1789458642122433824,1789458642102346000,33370000
2038,1789458642155473889,1789458642135715000,33369000
2039,1789458642189457358,1789458642169083000,33368000
2040,1789458642222835677,1789458642202453000,33370000
2041,1789458642256356049,1789458642235821000,33368000
2042,1789458642289565807,1789458642269189000,33368000
2043,1789458642322896261,1789458642302559000,33370000
2044,1789458642357089254,1789458642335927000,33368000
2045,1789458642389246423,1789458642369296000,33369000
2046,1789458642424265961,1789458642402666000,33370000
2047,1789458642457156400,1789458642436035000,33369000
2048,1789458642490396683,1789458642469404000,33369000
2049,1789458642522997394,1789458642502774000,33370000
2050,1789458642556289659,1789458642536142000,33368000
2051,1789458642590052745,1789458642569512000,33370000
2052,1789458642623334381,1789458642602881000,33369000
2053,1789458642656864029,1789458642636252000,33371000
2054,1789458642690317452,1789458642669622000,33370000
2055,1789458642723280731,1789458642702991000,33369000
2056,1789458642756848678,1789458642736360000,33369000
2057,1789458642790117301,1789458642769729000,33369000
2058,1789458642823570253,1789458642803098000,33369000
2059,1789458642857286926,1789458642836468000,33370000
2060,1789458642890325879,1789458642869838000,33370000
2061,1789458642924076142,1789458642903207000,33369000
2062,1789458642956826019,1789458642936575000,33368000
2063,1789458642990814547,1789458642969944000,33369000
2064,1789458643023321050,1789458643003313000,33369000
2065,1789458643056790521,1789458643036683000,33370000
2066,1789458643090066858,1789458643070052000,33369000
2067,1789458643123805620,1789458643103421000,33369000
2068,1789458643158171683,1789458643136789000,33368000
2069,1789458643190551769,1789458643170159000,33370000
2070,1789458643223599567,1789458643203530000,33371000
2071,1789458643257660556,1789458643236901000,33371000
2072,1789458643291113818,1789458643270273000,33372000
2073,1789458643323854298,1789458643303641000,33368000
2074,1789458643357360685,1789458643337010000,33369000
2075,1789458643390272160,1789458643370380000,33370000
2076,1789458643424371096,1789458643403749000,33369000
2077,1789458643457839415,1789458643437119000,33370000
2078,1789458643490774693,1789458643470489000,33370000
2079,1789458643524691423,1789458643503859000,33370000
2080,1789458643557570701,1789458643537230000,33371000
2081,1789458643590683375,1789458643570598000,33368000
2082,1789458643623821134,1789458643603968000,33370000
2083,1789458643657785019,1789458643637336000,33368000
2084,1789458643691289222,1789458643670707000,33371000
2085,1789458643724205305,1789458643704074000,33367000
2086,1789458643757825596,1789458643737446000,33372000
2087,1789458643791063394,1789458643770814000,33368000
2088,1789458643824548102,1789458643804182000,33368000
2089,1789458643858105431,1789458643837552000,33370000
2090,1789458643891123286,1789458643870922000,33370000
2091,1789458643924549971,1789458643904291000,33369000
2092,1789458643958380117,1789458643937662000,33371000
2093,1789458643991761041,1789458643971033000,33371000
2094,1789458644024919909,1789458644004402000,33369000
2095,1789458644058412361,1789458644037771000,33369000
2096,1789458644092206592,1789458644071141000,33370000
2097,1789458644125041439,1789458644104510000,33369000
2098,1789458644158261876,1789458644137881000,33371000
2099,1789458644191678653,1789458644171250000,33369000
2100,1789458644225328707,1789458644204619000,33369000
2101,1789458644258402311,1789458644237989000,33370000
2102,1789458644291783274,1789458644271358000,33369000
2103,1789458644325227991,1789458644304730000,33372000
2104,1789458644358663321,1789458644338098000,33368000
2105,1789458644392206694,1789458644371468000,33370000
2106,1789458644425365771,1789458644404838000,33370000
2107,1789458644458763103,1789458644438208000,33370000
2108,1789458644491613217,1789458644471578000,33370000
2109,1789458644525466444,1789458644504947000,33369000
2110,1789458644559022741,1789458644538317000,33370000
2111,1789458644592361549,1789458644571686000,33369000
2112,1789458644625549837,1789458644605056000,33370000
2113,1789458644659010533,1789458644638425000,33369000
2114,1789458644692304831,1789458644671794000,33369000
2115,1789458644725226834,1789458644705164000,33370000
2116,1789458644758868372,1789458644738533000,33369000
2117,1789458644792408019,1789458644771902000,33369000
2118,1789458644826187394,1789458644805271000,33369000
2119,1789458644859249668,1789458644838641000,33370000
2120,1789458644892539368,1789458644872010000,33369000
2121,1789458644925628399,1789458644905379000,33369000
2122,1789458644959337599,1789458644938750000,33371000
2123,1789458644992716067,1789458644972119000,33369000
2124,1789458645026199395,1789458645005489000,33370000
2125,1789458645059438044,1789458645038859000,33370000
2126,1789458645092522456,1789458645072227000,33368000
2127,1789458645125950041,1789458645105598000,33371000
2128,1789458645159404756,1789458645138967000,33369000
2129,1789458645193078822,1789458645172335000,33368000
2130,1789458645226221749,1789458645205705000,33370000
2131,1789458645259278833,1789458645239073000,33368000
2132,1789458645293415576,1789458645272443000,33370000
2133,1789458645326723107,1789458645305813000,33370000
2134,1789458645359251004,1789458645339182000,33369000
2135,1789458645393266461,1789458645372553000,33371000
2136,1789458645426287079,1789458645405921000,33368000
2137,1789458645459645361,1789458645439289000,33368000
2138,1789458645493206475,1789458645472660000,33371000
2139,1789458645526712371,1789458645506030000,33370000
2140,1789458645560483581,1789458645539399000,33369000
2141,1789458645592746785,1789458645572768000,33369000
2142,1789458645626417395,1789458645606138000,33370000
2143,1789458645660049036,1789458645639508000,33370000
2144,1789458645693530749,1789458645672879000,33371000
2145,1789458645726268201,1789458645706247000,33368000
2146,1789458645760168041,1789458645739616000,33369000
2147,1789458645793090023,1789458645772986000,33370000
2148,1789458645826519963,1789458645806355000,33369000
2149,1789458645859773968,1789458645839725000,33370000
2150,1789458645892950004,1789458645873094000,33369000
2151,1789458645926472941,1789458645906463000,33369000
2152,1789458645959750748,1789458645939832000,33369000
2153,1789458645993373213,1789458645973200000,33368000
2154,1789458646026318669,1789458646006569000,33369000
2155,1789458646060429506,1789458646039939000,33370000
2156,1789458646093445835,1789458646073308000,33369000
2157,1789458646126527201,1789458646106677000,33369000
2158,1789458646159836554,1789458646140046000,33369000
2159,1789458646193354290,1789458646173416000,33370000
2160,1789458646226664755,1789458646206786000,33370000
2161,1789458646260717067,1789458646240155000,33369000
2162,1789458646293434051,1789458646273525000,33370000
2163,1789458646327002729,1789458646306894000,33369000
2164,1789458646361946655,1789458646340262000,33368000
2165,1789458646393663751,1789458646373631000,33369000
2166,1789458646427486392,1789458646407002000,33371000
2167,1789458646460561918,1789458646440371000,33369000
2168,1789458646493911814,1789458646473741000,33370000
2169,1789458646527444907,1789458646507109000,33368000
2170,1789458646560874005,1789458646540480000,33371000
2171,1789458646594445807,1789458646573851000,33371000
2172,1789458646627730006,1789458646607219000,33368000
2173,1789458646660351118,1789458646640588000,33369000
2174,1789458646694179390,1789458646673957000,33369000
2175,1789458646727658377,1789458646707326000,33369000
2176,1789458646761878238,1789458646740696000,33370000
2177,1789458646794157279,1789458646774065000,33369000
2178,1789458646827975683,1789458646807434000,33369000
2179,1789458646860954265,1789458646840802000,33368000
2180,1789458646893943065,1789458646874172000,33370000
2181,1789458646927533341,1789458646907541000,33369000
2182,1789458646960862099,1789458646940910000,33369000
2183,1789458646994851358,1789458646974278000,33368000
2184,1789458647028030292,1789458647007648000,33370000
2185,1789458647061087112,1789458647041018000,33370000
2186,1789458647094770263,1789458647074386000,33368000
2187,1789458647128349388,1789458647107756000,33370000
2188,1789458647161673066,1789458647141126000,33370000
2189,1789458647195248915,1789458647174494000,33368000
2190,1789458647228273508,1789458647207864000,33370000
2191,1789458647261575417,1789458647241233000,33369000
2192,1789458647295120361,1789458647274602000,33369000
2193,1789458647328036019,1789458647307972000,33370000
2194,1789458647361903259,1789458647341340000,33368000
2195,1789458647394879606,1789458647374710000,33370000
2196,1789458647428355065,1789458647408079000,33369000
2197,1789458647461406366,1789458647441448000,33369000
2198,1789458647494894348,1789458647474816000,33368000
2199,1789458647528768651,1789458647508187000,33371000
2200,1789458647561795498,1789458647541555000,33368000
2201,1789458647594913498,1789458647574924000,33369000
2202,1789458647628295951,1789458647608294000,33370000
2203,1789458647661806493,1789458647641663000,33369000
2204,1789458647695699300,1789458647675032000,33369000
2205,1789458647728668072,1789458647708400000,33368000
2206,1789458647762144103,1789458647741769000,33369000
2207,1789458647795566097,1789458647775139000,33370000
2208,1789458647829315376,1789458647808509000,33370000
2209,1789458647862092867,1789458647841877000,33368000
2210,1789458647895689654,1789458647875247000,33370000
2211,1789458647929167537,1789458647908616000,33369000
2212,1789458647962565238,1789458647941986000,33370000
2213,1789458647995981441,1789458647975354000,33368000
2214,1789458648028856490,1789458648008724000,33370000
2215,1789458648062162365,1789458648042093000,33369000
2216,1789458648095446450,1789458648075462000,33369000
2217,1789458648129312298,1789458648108832000,33370000
2218,1789458648162717500,1789458648142202000,33370000
2219,1789458648195796689,1789458648175572000,33370000
2220,1789458648229414091,1789458648208942000,33370000
2221,1789458648262287631,1789458648242312000,33370000
2222,1789458648295715594,1789458648275681000,33369000
2223,1789458648329258563,1789458648309051000,33370000
2224,1789458648362364470,1789458648342419000,33368000
2225,1789458648396105224,1789458648375789000,33370000
2226,1789458648429572017,1789458648409159000,33370000
2227,1789458648463072289,1789458648442528000,33369000
2228,1789458648495982475,1789458648475898000,33370000
2229,1789458648529773138,1789458648509267000,33369000
2230,1789458648563592912,1789458648542636000,33369000
2231,1789458648596424247,1789458648576005000,33369000
2232,1789458648630178264,1789458648609376000,33371000
2233,1789458648663435722,1789458648642745000,33369000
2234,1789458648696666092,1789458648676115000,33370000
2235,1789458648729440024,1789458648709484000,33369000
2236,1789458648763297066,1789458648742854000,33370000
2237,1789458648796639326,1789458648776224000,33370000
2238,1789458648830169000,1789458648809593000,33369000
2239,1789458648863661489,1789458648842962000,33369000
2240,1789458648896771924,1789458648876333000,33371000
2241,1789458648930124933,1789458648909702000,33369000
2242,1789458648963882676,1789458648943071000,33369000
2243,1789458648996957036,1789458648976442000,33371000
2244,1789458649030260492,1789458649009810000,33368000
2245,1789458649063280182,1789458649043180000,33370000
2246,1789458649096871707,1789458649076549000,33369000
2247,1789458649130657439,1789458649109921000,33372000
2248,1789458649164425139,1789458649143291000,33370000
2249,1789458649197222241,1789458649176659000,33368000
2250,1789458649230124581,1789458649210028000,33369000
2251,1789458649263754084,1789458649243397000,33369000
2252,1789458649297094369,1789458649276766000,33369000
2253,1789458649330265310,1789458649310136000,33370000
2254,1789458649363462338,1789458649343505000,33369000
2255,1789458649397008171,1789458649376874000,33369000
2256,1789458649430385633,1789458649410244000,33370000
2257,1789458649463959896,1789458649443613000,33369000
2258,1789458649497354999,1789458649476983000,33370000
2259,1789458649530405405,1789458649510351000,33368000
2260,1789458649563722948,1789458649543721000,33370000
2261,1789458649597098817,1789458649577091000,33370000
2262,1789458649630728239,1789458649610459000,33368000
2263,1789458649664211049,1789458649643829000,33370000
2264,1789458649697245817,1789458649677198000,33369000
2265,1789458649731277189,1789458649710569000,33371000
2266,1789458649764222396,1789458649743940000,33371000
2267,1789458649797531255,1789458649777309000,33369000
2268,1789458649830977028,1789458649810677000,33368000
2269,1789458649864066083,1789458649844046000,33369000
2270,1789458649898047045,1789458649877416000,33370000
2271,1789458649931479936,1789458649910787000,33371000
2272,1789458649964698172,1789458649944157000,33370000
2273,1789458649997775335,1789458649977527000,33370000
2274,1789458650030717192,1789458650010895000,33368000
2275,1789458650064310358,1789458650044265000,33370000
2276,1789458650098011819,1789458650077634000,33369000
2277,1789458650130916851,1789458650111002000,33368000
2278,1789458650164592756,1789458650144372000,33370000
2279,1789458650198076376,1789458650177741000,33369000
2280,1789458650231738726,1789458650211111000,33370000
2281,1789458650264908052,1789458650244480000,33369000
2282,1789458650298283648,1789458650277850000,33370000
2283,1789458650331621857,1789458650311220000,33370000
2284,1789458650364502116,1789458650344588000,33368000
2285,1789458650397944742,1789458650377957000,33369000
2286,1789458650431916016,1789458650411327000,33370000
2287,1789458650465142044,1789458650444696000,33369000
2288,1789458650498404678,1789458650478067000,33371000
2289,1789458650531795942,1789458650511436000,33369000
2290,1789458650564860951,1789458650544806000,33370000
2291,1789458650598704516,1789458650578175000,33369000
2292,1789458650632141211,1789458650611544000,33369000
2293,1789458650665035245,1789458650644915000,33371000
2294,1789458650698604107,1789458650678283000,33368000
2295,1789458650731678924,1789458650711653000,33370000
2296,1789458650764891588,1789458650745022000,33369000
2297,1789458650799337382,1789458650778391000,33369000
2298,1789458650832212792,1789458650811761000,33370000
2299,1789458650865428432,1789458650845130000,33369000
2300,1789458650899184520,1789458650878503000,33373000
2301,1789458650931814801,1789458650911871000,33368000
2302,1789458650965676057,1789458650945242000,33371000
2303,1789458650998542260,1789458650978611000,33369000
2304,1789458651032051903,1789458651011980000,33369000
2305,1789458651065295811,1789458651045350000,33370000
2306,1789458651099417783,1789458651078719000,33369000
2307,1789458651133314682,1789458651112088000,33369000
2308,1789458651166096321,1789458651145459000,33371000
2309,1789458651199049178,1789458651178829000,33370000
2310,1789458651232111200,1789458651212199000,33370000
2311,1789458651266228984,1789458651245568000,33369000
2312,1789458651299605861,1789458651278937000,33369000
2313,1789458651333136594,1789458651312306000,33369000
2314,1789458651366202152,1789458651345676000,33370000
2315,1789458651399520173,1789458651379046000,33370000
2316,1789458651433129876,1789458651412415000,33369000
2317,1789458651466051888,1789458651445786000,33371000
2318,1789458651499132253,1789458651479155000,33369000
2319,1789458651533543984,1789458651512525000,33370000
2320,1789458651566111510,1789458651545895000,33370000
2321,1789458651599619451,1789458651579263000,33368000
2322,1789458651633176781,1789458651612636000,33373000
2323,1789458651666632148,1789458651646005000,33369000
2324,1789458651699960037,1789458651679374000,33369000
2325,1789458651732778903,1789458651712744000,33370000
2326,1789458651766173882,1789458651746113000,33369000
2327,1789458651800752623,1789458651779482000,33369000
2328,1789458651833634292,1789458651812854000,33372000
2329,1789458651866498769,1789458651846223000,33369000
2330,1789458651899881827,1789458651879594000,33371000
2331,1789458651933480020,1789458651912964000,33370000
2332,1789458651966375203,1789458651946334000,33370000
2333,1789458652000404920,1789458651979704000,33370000
2334,1789458652033114766,1789458652013074000,33370000
2335,1789458652066902998,1789458652046444000,33370000
2336,1789458652100140953,1789458652079813000,33369000
2337,1789458652133761183,1789458652113182000,33369000
2338,1789458652167118643,1789458652146551000,33369000
2339,1789458652200529237,1789458652179921000,33370000
2340,1789458652233797206,1789458652213290000,33369000
2341,1789458652267097573,1789458652246660000,33370000
2342,1789458652300397520,1789458652280030000,33370000
2343,1789458652334165836,1789458652313399000,33369000
2344,1789458652367029340,1789458652346768000,33369000
2345,1789458652400696575,1789458652380138000,33370000
2346,1789458652433756361,1789458652413508000,33370000
2347,1789458652467218588,1789458652446878000,33370000
2348,1789458652500653156,1789458652480246000,33368000
2349,1789458652534073678,1789458652513616000,33370000
2350,1789458652567453227,1789458652546984000,33368000
2351,1789458652600533379,1789458652580356000,33372000
2352,1789458652634158418,1789458652613724000,33368000
2353,1789458652667515247,1789458652647093000,33369000
2354,1789458652700923938,1789458652680463000,33370000
2355,1789458652734585282,1789458652713832000,33369000
2356,1789458652767419383,1789458652747202000,33370000
2357,1789458652800959881,1789458652780572000,33370000
2358,1789458652833818365,1789458652813941000,33369000
2359,1789458652867351490,1789458652847310000,33369000
2360,1789458652901107874,1789458652880679000,33369000
2361,1789458652934662728,1789458652914049000,33370000
2362,1789458652967710512,1789458652947419000,33370000
2363,1789458653001287605,1789458652980788000,33369000
2364,1789458653034648729,1789458653014158000,33370000
2365,1789458653067841310,1789458653047527000,33369000
2366,1789458653101089591,1789458653080897000,33370000
2367,1789458653134698879,1789458653114267000,33370000
2368,1789458653168079528,1789458653147636000,33369000
2369,1789458653201586483,1789458653181008000,33372000
2370,1789458653235189311,1789458653214376000,33368000
2371,1789458653268070132,1789458653247748000,33372000
2372,1789458653301274925,1789458653281117000,33369000
2373,1789458653334771792,1789458653314487000,33370000
2374,1789458653368219702,1789458653347857000,33370000
2375,1789458653401193891,1789458653381226000,33369000
2376,1789458653435401052,1789458653414598000,33372000
2377,1789458653469404098,1789458653447966000,33368000
2378,1789458653502064384,1789458653481337000,33371000
2379,1789458653534608481,1789458653514706000,33369000
2380,1789458653568575161,1789458653548076000,33370000
2381,1789458653602173260,1789458653581447000,33371000
2382,1789458653636071998,1789458653614815000,33368000
2383,1789458653668711938,1789458653648186000,33371000
2384,1789458653702103015,1789458653681556000,33370000
2385,1789458653735843058,1789458653714925000,33369000
2386,1789458653768648465,1789458653748295000,33370000
2387,1789458653801873254,1789458653781664000,33369000
2388,1789458653835083727,1789458653815034000,33370000
2389,1789458653868624022,1789458653848404000,33370000
2390,1789458653902330004,1789458653881773000,33369000
2391,1789458653935525200,1789458653915143000,33370000
2392,1789458653969017148,1789458653948512000,33369000
2393,1789458654002654920,1789458653981882000,33370000
2394,1789458654036485192,1789458654015252000,33370000
2395,1789458654068995666,1789458654048621000,33369000
2396,1789458654102459912,1789458654081991000,33370000
2397,1789458654136073676,1789458654115360000,33369000
2398,1789458654169238705,1789458654148730000,33370000
2399,1789458654202733686,1789458654182099000,33369000
2400,1789458654236120994,1789458654215470000,33371000
2401,1789458654269838405,1789458654248840000,33370000
2402,1789458654303065625,1789458654282211000,33371000
2403,1789458654336465626,1789458654315583000,33372000
2404,1789458654369417823,1789458654348953000,33370000
2405,1789458654402477042,1789458654382321000,33368000
2406,1789458654435813679,1789458654415692000,33371000
2407,1789458654469041921,1789458654449061000,33369000
2408,1789458654502765974,1789458654482430000,33369000
2409,1789458654536285779,1789458654515799000,33369000
2410,1789458654569671665,1789458654549170000,33371000
2411,1789458654603138665,1789458654582540000,33370000
2412,1789458654636089370,1789458654615909000,33369000
2413,1789458654670854772,1789458654649278000,33369000
2414,1789458654703032428,1789458654682648000,33370000
2415,1789458654736697985,1789458654716018000,33370000
2416,1789458654769540265,1789458654749389000,33371000
2417,1789458654802983804,1789458654782757000,33368000
2418,1789458654836417154,1789458654816127000,33370000
2419,1789458654869979836,1789458654849497000,33370000
2420,1789458654903463347,1789458654882867000,33370000
2421,1789458654936542903,1789458654916236000,33369000
2422,1789458654969841752,1789458654949605000,33369000
2423,1789458655003273792,1789458654982976000,33371000
2424,1789458655036831914,1789458655016345000,33369000
2425,1789458655070348350,1789458655049715000,33370000
2426,1789458655103874084,1789458655083087000,33372000
2427,1789458655136642587,1789458655116455000,33368000
2428,1789458655170084591,1789458655149826000,33371000
2429,1789458655203678297,1789458655183196000,33370000
2430,1789458655237350904,1789458655216565000,33369000
2431,1789458655270460070,1789458655249935000,33370000
2432,1789458655303893658,1789458655283305000,33370000
2433,1789458655336688900,1789458655316675000,33370000
2434,1789458655370363611,1789458655350044000,33369000
2435,1789458655403923877,1789458655383414000,33370000
2436,1789458655437447096,1789458655416784000,33370000
2437,1789458655470650501,1789458655450154000,33370000
2438,1789458655504048515,1789458655483524000,33370000
2439,1789458655536933358,1789458655516893000,33369000
2440,1789458655570723366,1789458655550264000,33371000
2441,1789458655604624905,1789458655583632000,33368000
2442,1789458655637153107,1789458655617002000,33370000
2443,1789458655670541955,1789458655650372000,33370000
2444,1789458655704018139,1789458655683741000,33369000
2445,1789458655737508269,1789458655717110000,33369000
2446,1789458655770880136,1789458655750479000,33369000
2447,1789458655804111090,1789458655783849000,33370000
2448,1789458655837398305,1789458655817219000,33370000
2449,1789458655871273416,1789458655850588000,33369000
2450,1789458655904443962,1789458655883959000,33371000
2451,1789458655937301836,1789458655917328000,33369000
2452,1789458655971099738,1789458655950700000,33372000
2453,1789458656004409187,1789458655984070000,33370000
2454,1789458656037928426,1789458656017439000,33369000
2455,1789458656071404888,1789458656050810000,33371000
2456,1789458656104281682,1789458656084179000,33369000
2457,1789458656137895712,1789458656117550000,33371000
2458,1789458656171278796,1789458656150920000,33370000
2459,1789458656204760768,1789458656184291000,33371000
2460,1789458656238132011,1789458656217660000,33369000
2461,1789458656271144009,1789458656251029000,33369000
2462,1789458656305230057,1789458656284400000,33371000
2463,1789458656338123972,1789458656317770000,33370000
2464,1789458656371837610,1789458656351141000,33371000
2465,1789458656405517608,1789458656384511000,33370000
2466,1789458656438148981,1789458656417882000,33371000
2467,1789458656472430350,1789458656451252000,33370000
2468,1789458656504954371,1789458656484622000,33370000
2469,1789458656538387926,1789458656517993000,33371000
2470,1789458656572053548,1789458656551362000,33369000
2471,1789458656605046932,1789458656584733000,33371000
2472,1789458656638346837,1789458656618102000,33369000
2473,1789458656671532306,1789458656651471000,33369000
2474,1789458656705159248,1789458656684841000,33370000
2475,1789458656738729069,1789458656718211000,33370000
2476,1789458656772117372,1789458656751581000,33370000
2477,1789458656805632524,1789458656784952000,33371000
2478,1789458656838705211,1789458656818321000,33369000
2479,1789458656872293574,1789458656851691000,33370000
2480,1789458656905636747,1789458656885061000,33370000
2481,1789458656938883035,1789458656918429000,33368000
2482,1789458656972359658,1789458656951799000,33370000
2483,1789458657006219623,1789458656985169000,33370000
2484,1789458657039054669,1789458657018539000,33370000
2485,1789458657072485636,1789458657051909000,33370000
2486,1789458657105595145,1789458657085278000,33369000
2487,1789458657138690038,1789458657118648000,33370000
2488,1789458657172361237,1789458657152018000,33370000
2489,1789458657206049116,1789458657185387000,33369000
2490,1789458657239332708,1789458657218757000,33370000
2491,1789458657272183112,1789458657252125000,33368000
2492,1789458657305584656,1789458657285496000,33371000
2493,1789458657340013889,1789458657318866000,33370000
2494,1789458657372884228,1789458657352239000,33373000
2495,1789458657405519225,1789458657385608000,33369000
2496,1789458657439545572,1789458657418977000,33369000
2497,1789458657472543250,1789458657452348000,33371000
2498,1789458657505929677,1789458657485716000,33368000
2499,1789458657539500646,1789458657519086000,33370000
2500,1789458657572920644,1789458657552456000,33370000
2501,1789458657606568261,1789458657585825000,33369000
2502,1789458657640058915,1789458657619196000,33371000
2503,1789458657673234994,1789458657652565000,33369000
2504,1789458657706262015,1789458657685935000,33370000
2505,1789458657739866264,1789458657719305000,33370000
2506,1789458657773264001,1789458657752674000,33369000
2507,1789458657806603765,1789458657786044000,33370000
2508,1789458657839588620,1789458657819412000,33368000
2509,1789458657873066692,1789458657852783000,33371000
2510,1789458657906720329,1789458657886154000,33371000
2511,1789458657940257517,1789458657919526000,33372000
2512,1789458657973490960,1789458657952896000,33370000
2513,1789458658006726841,1789458657986265000,33369000
2514,1789458658040143880,1789458658019637000,33372000
2515,1789458658073581635,1789458658053007000,33370000
2516,1789458658106746651,1789458658086378000,33371000
2517,1789458658140256226,1789458658119747000,33369000
2518,1789458658173815540,1789458658153117000,33370000
2519,1789458658207486225,1789458658186486000,33369000
2520,1789458658240883448,1789458658219855000,33369000
2521,1789458658273586663,1789458658253226000,33371000
2522,1789458658306553632,1789458658286596000,33370000
2523,1789458658339973636,1789458658319965000,33369000
2524,1789458658373661883,1789458658353335000,33370000
2525,1789458658406794670,1789458658386704000,33369000
2526,1789458658440197292,1789458658420074000,33370000
2527,1789458658473889937,1789458658453444000,33370000
2528,1789458658507001035,1789458658486815000,33371000
2529,1789458658540277461,1789458658520185000,33370000
2530,1789458658574105498,1789458658553554000,33369000
2531,1789458658608272616,1789458658586924000,33370000
2532,1789458658641303750,1789458658620294000,33370000
2533,1789458658674117614,1789458658653663000,33369000
2534,1789458658707464436,1789458658687033000,33370000
2535,1789458658740959295,1789458658720402000,33369000
2536,1789458658774379079,1789458658753772000,33370000
2537,1789458658807203822,1789458658787142000,33370000
2538,1789458658841651454,1789458658820511000,33369000
2539,1789458658874924193,1789458658853882000,33371000
2540,1789458658907277659,1789458658887250000,33368000
2541,1789458658941639227,1789458658920620000,33370000
2542,1789458658974582573,1789458658953989000,33369000
2543,1789458659007547434,1789458658987359000,33370000
2544,1789458659041060331,1789458659020729000,33370000
2545,1789458659074574431,1789458659054099000,33370000
2546,1789458659108152185,1789458659087470000,33371000
2547,1789458659140915975,1789458659120838000,33368000
2548,1789458659174294089,1789458659154209000,33371000
2549,1789458659208262737,1789458659187580000,33371000
2550,1789458659241415606,1789458659220951000,33371000
2551,1789458659275901615,1789458659254320000,33369000
2552,1789458659308563742,1789458659287691000,33371000
2553,1789458659341069457,1789458659321061000,33370000
2554,1789458659375193584,1789458659354430000,33369000
2555,1789458659408539261,1789458659387801000,33371000
2556,1789458659441401447,1789458659421171000,33370000
2557,1789458659475315737,1789458659454542000,33371000
2558,1789458659508230909,1789458659487912000,33370000
2559,1789458659541634359,1789458659521282000,33370000
2560,1789458659575400783,1789458659554652000,33370000
2561,1789458659608695017,1789458659588022000,33370000
2562,1789458659641722190,1789458659621393000,33371000
2563,1789458659675325560,1789458659654762000,33369000
2564,1789458659708337116,1789458659688134000,33372000
2565,1789458659741532923,1789458659721503000,33369000
2566,1789458659775498485,1789458659754874000,33371000
2567,1789458659808536989,1789458659788245000,33371000
2568,1789458659842308942,1789458659821615000,33370000
2569,1789458659875118644,1789458659854984000,33369000
2570,1789458659908766515,1789458659888353000,33369000
2571,1789458659942100070,1789458659921724000,33371000
2572,1789458659975636349,1789458659955093000,33369000
2573,1789458660008495346,1789458659988463000,33370000
2574,1789458660041909743,1789458660021832000,33369000
2575,1789458660075984507,1789458660055202000,33370000
2576,1789458660108833356,1789458660088573000,33371000
2577,1789458660142491181,1789458660121944000,33371000
2578,1789458660176081694,1789458660155313000,33369000
2579,1789458660209221927,1789458660188683000,33370000
2580,1789458660242282105,1789458660222053000,33370000
2581,1789458660276214034,1789458660255424000,33371000
2582,1789458660308809997,1789458660288794000,33370000
2583,1789458660342445611,1789458660322165000,33371000
2584,1789458660376000641,1789458660355535000,33370000
2585,1789458660409207353,1789458660388903000,33368000
2586,1789458660442561351,1789458660422274000,33371000
2587,1789458660475528723,1789458660455643000,33369000
2588,1789458660509296706,1789458660489013000,33370000
2589,1789458660542350132,1789458660522383000,33370000
2590,1789458660575670379,1789458660555754000,33371000
2591,1789458660609461293,1789458660589121000,33367000
2592,1789458660642675338,1789458660622492000,33371000
2593,1789458660675895014,1789458660655862000,33370000
2594,1789458660709560542,1789458660689233000,33371000
2595,1789458660743327303,1789458660722603000,33370000
2596,1789458660776272504,1789458660755972000,33369000
2597,1789458660809683404,1789458660789342000,33370000
2598,1789458660842607548,1789458660822712000,33370000
2599,1789458660876260564,1789458660856081000,33369000
2600,1789458660909625411,1789458660889451000,33370000
2601,1789458660943300657,1789458660922823000,33372000
2602,1789458660976440359,1789458660956191000,33368000
2603,1789458661009914129,1789458660989561000,33370000
2604,1789458661042790923,1789458661022930000,33369000
2605,1789458661077028457,1789458661056302000,33372000
2606,1789458661110107726,1789458661089674000,33372000
2607,1789458661143184390,1789458661123044000,33370000
2608,1789458661176220611,1789458661156412000,33368000
2609,1789458661209639111,1789458661189782000,33370000
2610,1789458661243773349,1789458661223153000,33371000
2611,1789458661276786479,1789458661256522000,33369000
2612,1789458661309904197,1789458661289892000,33370000
2613,1789458661344283608,1789458661323262000,33370000
2614,1789458661376456534,1789458661356631000,33369000
2615,1789458661409998436,1789458661390001000,33370000
2616,1789458661443414501,1789458661423371000,33370000
2617,1789458661476598479,1789458661456740000,33369000
2618,1789458661509995209,1789458661490110000,33370000
2619,1789458661543516113,1789458661523479000,33369000
2620,1789458661577658677,1789458661556851000,33372000
2621,1789458661611599517,1789458661590221000,33370000
2622,1789458661644109180,1789458661623591000,33370000
2623,1789458661678624655,1789458661656960000,33369000
2624,1789458661710840398,1789458661690330000,33370000
2625,1789458661743870017,1789458661723701000,33371000
2626,1789458661777478008,1789458661757070000,33369000
2627,1789458661810652198,1789458661790440000,33370000
2628,1789458661844165288,1789458661823811000,33371000
2629,1789458661877502751,1789458661857178000,33367000
2630,1789458661910597679,1789458661890548000,33370000
2631,1789458661944542817,1789458661923918000,33370000
2632,1789458661977782034,1789458661957287000,33369000
2633,1789458662010975155,1789458661990657000,33370000
2634,1789458662044400793,1789458662024028000,33371000
2635,1789458662077889024,1789458662057396000,33368000
2636,1789458662110787483,1789458662090766000,33370000
2637,1789458662144271626,1789458662124136000,33370000
2638,1789458662177740933,1789458662157505000,33369000
2639,1789458662211213406,1789458662190875000,33370000
2640,1789458662244163908,1789458662224245000,33370000
2641,1789458662278102241,1789458662257614000,33369000
2642,1789458662311153805,1789458662290983000,33369000
2643,1789458662344449238,1789458662324354000,33371000
2644,1789458662377941517,1789458662357722000,33368000
2645,1789458662411419499,1789458662391092000,33370000
2646,1789458662444537403,1789458662424463000,33371000
2647,1789458662477874402,1789458662457831000,33368000
2648,1789458662511167011,1789458662491201000,33370000
2649,1789458662544600103,1789458662524571000,33370000
2650,1789458662578038304,1789458662557941000,33370000
2651,1789458662611229139,1789458662591310000,33369000
2652,1789458662644775144,1789458662624680000,33370000
2653,1789458662678252846,1789458662658050000,33370000
2654,1789458662711448751,1789458662691419000,33369000
2655,1789458662744790538,1789458662724789000,33370000
2656,1789458662778666357,1789458662758158000,33369000
2657,1789458662812465208,1789458662791529000,33371000
2658,1789458662845333041,1789458662824898000,33369000
2659,1789458662878880649,1789458662858268000,33370000
2660,1789458662911859012,1789458662891638000,33370000
2661,1789458662945434530,1789458662925006000,33368000
2662,1789458662978337727,1789458662958376000,33370000
2663,1789458663012038319,1789458662991746000,33370000
2664,1789458663045292875,1789458663025115000,33369000
2665,1789458663078736131,1789458663058484000,33369000
2666,1789458663112185227,1789458663091855000,33371000
2667,1789458663145685696,1789458663125226000,33371000
2668,1789458663179433600,1789458663158594000,33368000
2669,1789458663212015443,1789458663191964000,33370000
2670,1789458663246712078,1789458663225335000,33371000
2671,1789458663279208867,1789458663258705000,33370000
2672,1789458663312441043,1789458663292075000,33370000
2673,1789458663345870604,1789458663325446000,33371000
2674,1789458663379991190,1789458663358815000,33369000
2675,1789458663412344741,1789458663392185000,33370000
2676,1789458663445972489,1789458663425555000,33370000
2677,1789458663479540489,1789458663458924000,33369000
2678,1789458663512487912,1789458663492296000,33372000
2679,1789458663546283532,1789458663525666000,33370000
2680,1789458663579527940,1789458663559038000,33372000
2681,1789458663612678137,1789458663592408000,33370000
2682,1789458663646403381,1789458663625780000,33372000
2683,1789458663679705612,1789458663659149000,33369000
2684,1789458663713235213,1789458663692520000,33371000
2685,1789458663747166879,1789458663725890000,33370000
2686,1789458663779494915,1789458663759260000,33370000
2687,1789458663813346957,1789458663792629000,33369000
2688,1789458663846523872,1789458663826000000,33371000
2689,1789458663879715293,1789458663859369000,33369000
2690,1789458663913089214,1789458663892740000,33371000
2691,1789458663946460209,1789458663926109000,33369000
2692,1789458663979835763,1789458663959478000,33369000
2693,1789458664013391540,1789458663992849000,33371000
2694,1789458664047971220,1789458664026219000,33370000
2695,1789458664080562605,1789458664059826000,33607000
2696,1789458664113212736,1789458664093194000,33368000
2697,1789458664147466238,1789458664126564000,33370000
2698,1789458664180369745,1789458664159933000,33369000
2699,1789458664213169416,1789458664193840000,33907000
2700,1789458664246604061,1789458664227211000,33371000
2701,1789458664281157904,1789458664260580000,33369000
2702,1789458664313468192,1789458664293950000,33370000
2703,1789458664346969458,1789458664327728000,33778000
2704,1789458664380432604,1789458664361097000,33369000
2705,1789458664413253493,1789458664394467000,33370000
2706,1789458664446818624,1789458664427837000,33370000
2707,1789458664480382162,1789458664461558000,33721000
2708,1789458664513683296,1789458664494928000,33370000
2709,1789458664547160629,1789458664528298000,33370000
2710,1789458664580526410,1789458664561667000,33369000
2711,1789458664613811025,1789458664595038000,33371000
2712,1789458664647161348,1789458664628408000,33370000
2713,1789458664680666881,1789458664661777000,33369000
2714,1789458664713547618,1789458664695148000,33371000
2715,1789458664746940838,1789458664728518000,33370000
2716,1789458664780496813,1789458664761887000,33369000
2717,1789458664813665589,1789458664795257000,33370000
2718,1789458664847136870,1789458664828628000,33371000
2719,1789458664880389738,1789458664861580000,32952000
2720,1789458664914489292,1789458664894950000,33370000
2721,1789458664947286097,1789458664928320000,33370000
2722,1789458664980489786,1789458664961690000,33370000
2723,1789458665014563614,1789458664994390000,32700000
2724,1789458665047188614,1789458665027761000,33371000
2725,1789458665081424199,1789458665061131000,33370000
2726,1789458665114434043,1789458665094502000,33371000
2727,1789458665147534651,1789458665127423000,32921000
2728,1789458665180711457,1789458665160794000,33371000
2729,1789458665214574180,1789458665194165000,33371000
2730,1789458665247520630,1789458665227534000,33369000
2731,1789458665280921309,1789458665260904000,33370000
2732,1789458665314761701,1789458665294274000,33370000
2733,1789458665348721920,1789458665327645000,33371000
2734,1789458665381448784,1789458665361015000,33370000
2735,1789458665414326630,1789458665394384000,33369000
2736,1789458665447948518,1789458665427755000,33371000
2737,1789458665481217530,1789458665461126000,33371000
2738,1789458665514882866,1789458665494496000,33370000
2739,1789458665548555256,1789458665527866000,33370000
2740,1789458665582158861,1789458665561237000,33371000
2741,1789458665614541083,1789458665594606000,33369000
2742,1789458665648188667,1789458665627977000,33371000
2743,1789458665681602791,1789458665661793000,33816000
2744,1789458665715303711,1789458665695162000,33369000
2745,1789458665748440074,1789458665728532000,33370000
2746,1789458665781594308,1789458665761902000,33370000
2747,1789458665815191341,1789458665795604000,33702000
2748,1789458665848483134,1789458665828975000,33371000
2749,1789458665882168316,1789458665862345000,33370000
2750,1789458665915446094,1789458665895714000,33369000
2751,1789458665948937747,1789458665928708000,32994000
2752,1789458665981939226,1789458665962079000,33371000
2753,1789458666015446679,1789458665995448000,33369000
2754,1789458666049099909,1789458666028818000,33370000
2755,1789458666082441156,1789458666062188000,33370000
2756,1789458666116084418,1789458666095557000,33369000
2757,1789458666149806763,1789458666128927000,33370000
2758,1789458666182755281,1789458666162296000,33369000
2759,1789458666215677621,1789458666195264000,32968000
2760,1789458666249091630,1789458666228633000,33369000
2761,1789458666282741954,1789458666262004000,33371000
2762,1789458666315665788,1789458666295373000,33369000
2763,1789458666349998644,1789458666328743000,33370000
2764,1789458666382500857,1789458666362113000,33370000
2765,1789458666415994479,1789458666395483000,33370000
2766,1789458666449004728,1789458666428854000,33371000
2767,1789458666482689094,1789458666462224000,33370000
2768,1789458666515890168,1789458666495593000,33369000
2769,1789458666549408675,1789458666528964000,33371000
2770,1789458666582316590,1789458666562334000,33370000
2771,1789458666616259744,1789458666595704000,33370000
2772,1789458666650158998,1789458666629074000,33370000
2773,1789458666682943770,1789458666662444000,33370000
2774,1789458666716647972,1789458666695816000,33372000
2775,1789458666750390022,1789458666729186000,33370000
2776,1789458666783893251,1789458666762558000,33372000
2777,1789458666816782733,1789458666795927000,33369000
2778,1789458666849497429,1789458666829298000,33371000
2779,1789458666883050889,1789458666862668000,33370000
2780,1789458666916249659,1789458666896038000,33370000
2781,1789458666949713297,1789458666929407000,33369000
2782,1789458666983258371,1789458666962778000,33371000
2783,1789458667016330925,1789458666996148000,33370000
2784,1789458667050068842,1789458667029518000,33370000
2785,1789458667082705792,1789458667062888000,33370000
2786,1789458667117492183,1789458667096259000,33371000
2787,1789458667150555603,1789458667129630000,33371000
2788,1789458667183471206,1789458667163000000,33370000
2789,1789458667216801798,1789458667196369000,33369000
2790,1789458667250223855,1789458667229740000,33371000
2791,1789458667283354146,1789458667263110000,33370000
2792,1789458667316841051,1789458667296479000,33369000
2793,1789458667350185167,1789458667329849000,33370000
2794,1789458667383772844,1789458667363220000,33371000
2795,1789458667416864264,1789458667396589000,33369000
2796,1789458667450198844,1789458667429959000,33370000
2797,1789458667483646838,1789458667463330000,33371000
2798,1789458667516641333,1789458667496700000,33370000
2799,1789458667550519775,1789458667530071000,33371000
2800,1789458667583881633,1789458667563442000,33371000
2801,1789458667618368433,1789458667596810000,33368000
2802,1789458667650948571,1789458667630181000,33371000
2803,1789458667684053796,1789458667663553000,33372000
2804,1789458667717277766,1789458667696923000,33370000
2805,1789458667750537209,1789458667730292000,33369000
2806,1789458667784221651,1789458667763665000,33373000
2807,1789458667817418291,1789458667797035000,33370000
2808,1789458667851113902,1789458667830405000,33370000
2809,1789458667884400855,1789458667863776000,33371000
2810,1789458667918186209,1789458667897146000,33370000
2811,1789458667950819953,1789458667930516000,33370000
2812,1789458667984088293,1789458667963885000,33369000
2813,1789458668017591389,1789458667997254000,33369000
2814,1789458668051209345,1789458668030624000,33370000
2815,1789458668084124250,1789458668063997000,33373000
2816,1789458668118386380,1789458668097366000,33369000
2817,1789458668151530710,1789458668130737000,33371000
2818,1789458668184460874,1789458668164107000,33370000
2819,1789458668218014794,1789458668197477000,33370000
2820,1789458668251699581,1789458668230848000,33371000
2821,1789458668285129778,1789458668264220000,33372000
2822,1789458668318242992,1789458668297591000,33371000
2823,1789458668351269470,1789458668330962000,33371000
2824,1789458668384931295,1789458668364334000,33372000
2825,1789458668418120907,1789458668397702000,33368000
2826,1789458668451690917,1789458668431073000,33371000
2827,1789458668485137994,1789458668464445000,33372000
2828,1789458668519275148,1789458668497814000,33369000
2829,1789458668551666207,1789458668531186000,33372000
2830,1789458668584897655,1789458668564554000,33368000
2831,1789458668618711304,1789458668597923000,33369000
2832,1789458668651630488,1789458668631294000,33371000
2833,1789458668684856977,1789458668664666000,33372000
2834,1789458668718430382,1789458668698036000,33370000
2835,1789458668751882889,1789458668731406000,33370000
2836,1789458668785513467,1789458668764778000,33372000
2837,1789458668818637270,1789458668798148000,33370000
2838,1789458668852248033,1789458668831519000,33371000
2839,1789458668885019901,1789458668864889000,33370000
2840,1789458668918657222,1789458668898260000,33371000
2841,1789458668951852414,1789458668931630000,33370000
2842,1789458668985216461,1789458668965001000,33371000
2843,1789458669019009386,1789458668998370000,33369000
2844,1789458669052490379,1789458669031742000,33372000
2845,1789458669085068851,1789458669065113000,33371000
2846,1789458669118757799,1789458669098481000,33368000
2847,1789458669151862803,1789458669131851000,33370000
2848,1789458669185115172,1789458669165222000,33371000
2849,1789458669218781620,1789458669198591000,33369000
2850,1789458669252469307,1789458669231962000,33371000
2851,1789458669285652371,1789458669265331000,33369000
2852,1789458669319069418,1789458669298702000,33371000
2853,1789458669352586516,1789458669332072000,33370000
2854,1789458669386478472,1789458669365441000,33369000
2855,1789458669418970057,1789458669398812000,33371000
2856,1789458669453080417,1789458669432182000,33370000
2857,1789458669486262289,1789458669465551000,33369000
2858,1789458669519467994,1789458669498921000,33370000
2859,1789458669552790301,1789458669532292000,33371000
2860,1789458669585803228,1789458669565661000,33369000
2861,1789458669620206227,1789458669599032000,33371000
2862,1789458669652776183,1789458669632402000,33370000
2863,1789458669686299853,1789458669665771000,33369000
2864,1789458669719869867,1789458669699142000,33371000
2865,1789458669752639354,1789458669732513000,33371000
2866,1789458669786102685,1789458669765881000,33368000
2867,1789458669819204142,1789458669799252000,33371000
2868,1789458669852628032,1789458669832621000,33369000
2869,1789458669886186855,1789458669865991000,33370000
2870,1789458669921093584,1789458669899361000,33370000
2871,1789458669953473527,1789458669932733000,33372000
2872,1789458669986476406,1789458669966102000,33369000
2873,1789458670019705307,1789458669999473000,33371000
2874,1789458670052783055,1789458670032842000,33369000
2875,1789458670086910150,1789458670066211000,33369000
2876,1789458670120032529,1789458670099582000,33371000
2877,1789458670153060467,1789458670132951000,33369000
2878,1789458670186556531,1789458670166321000,33370000
2879,1789458670219705839,1789458670199691000,33370000
2880,1789458670253721422,1789458670233061000,33370000
2881,1789458670286395210,1789458670266431000,33370000
2882,1789458670320686391,1789458670299802000,33371000
2883,1789458670353538822,1789458670333173000,33371000
2884,1789458670386649059,1789458670366544000,33371000
2885,1789458670420057735,1789458670399914000,33370000
2886,1789458670453354349,1789458670433283000,33369000
2887,1789458670487063519,1789458670466655000,33372000
2888,1789458670520899267,1789458670500025000,33370000
2889,1789458670554018700,1789458670533395000,33370000
2890,1789458670587708755,1789458670566766000,33371000
2891,1789458670620781825,1789458670600136000,33370000
2892,1789458670654105708,1789458670633506000,33370000
2893,1789458670687901323,1789458670666877000,33371000
2894,1789458670720463570,1789458670700248000,33371000
2895,1789458670753951589,1789458670733617000,33369000
2896,1789458670787016534,1789458670766987000,33370000
2897,1789458670820965126,1789458670800359000,33372000
2898,1789458670854111478,1789458670833731000,33372000
2899,1789458670887766340,1789458670867105000,33374000
2900,1789458670920331211,1789458670900475000,33370000
2901,1789458670953759723,1789458670933844000,33369000
2902,1789458670987959680,1789458670967216000,33372000
2903,1789458671021258222,1789458671000588000,33372000
2904,1789458671054653628,1789458671033958000,33370000
2905,1789458671088094066,1789458671067328000,33370000
2906,1789458671121287898,1789458671100701000,33373000
2907,1789458671154630278,1789458671134071000,33370000
2908,1789458671187442821,1789458671167440000,33369000
2909,1789458671221561465,1789458671200814000,33374000
2910,1789458671254527785,1789458671234181000,33367000
2911,1789458671287844389,1789458671267552000,33371000
2912,1789458671321070619,1789458671300923000,33371000
2913,1789458671354479299,1789458671334292000,33369000
2914,1789458671388312196,1789458671367662000,33370000
2915,1789458671421216034,1789458671401031000,33369000
2916,1789458671454618092,1789458671434402000,33371000
2917,1789458671487749370,1789458671467771000,33369000
2918,1789458671521140089,1789458671501142000,33371000
2919,1789458671554980930,1789458671534512000,33370000
2920,1789458671588348466,1789458671567882000,33370000
2921,1789458671621162150,1789458671601253000,33371000
2922,1789458671654697880,1789458671634621000,33368000
2923,1789458671688289350,1789458671667993000,33372000
2924,1789458671721754934,1789458671701365000,33372000
2925,1789458671754818270,1789458671734734000,33369000
2926,1789458671788644705,1789458671768106000,33372000
2927,1789458671821449513,1789458671801477000,33371000
2928,1789458671855148649,1789458671834846000,33369000
2929,1789458671888503211,1789458671868217000,33371000
2930,1789458671921914195,1789458671901587000,33370000
2931,1789458671955430329,1789458671934956000,33369000
2932,1789458671989169086,1789458671968327000,33371000
2933,1789458672021765002,1789458672001697000,33370000
2934,1789458672055033773,1789458672035066000,33369000
2935,1789458672088556463,1789458672068436000,33370000
2936,1789458672121848095,1789458672101806000,33370000
2937,1789458672155723504,1789458672135177000,33371000
2938,1789458672189094650,1789458672168548000,33371000
2939,1789458672222372607,1789458672201917000,33369000
2940,1789458672255395153,1789458672235287000,33370000
2941,1789458672288562310,1789458672268657000,33370000
2942,1789458672322080172,1789458672302028000,33371000
2943,1789458672355613271,1789458672335396000,33368000
2944,1789458672389148073,1789458672368767000,33371000
2945,1789458672422524248,1789458672402137000,33370000
2946,1789458672455514395,1789458672435506000,33369000
2947,1789458672489245512,1789458672468877000,33371000
2948,1789458672522435080,1789458672502248000,33371000
2949,1789458672555661605,1789458672535619000,33371000
2950,1789458672589401878,1789458672568989000,33370000
2951,1789458672622522822,1789458672602357000,33368000
2952,1789458672656031487,1789458672635728000,33371000
2953,1789458672689603216,1789458672669100000,33372000
2954,1789458672722732465,1789458672702469000,33369000
2955,1789458672756710228,1789458672735839000,33370000
2956,1789458672789419927,1789458672769210000,33371000
2957,1789458672822968765,1789458672802581000,33371000
2958,1789458672856488800,1789458672835954000,33373000
2959,1789458672889335548,1789458672869323000,33369000
2960,1789458672923557263,1789458672902694000,33371000
2961,1789458672957017380,1789458672936064000,33370000
2962,1789458672989934765,1789458672969436000,33372000
2963,1789458673023203401,1789458673002805000,33369000
2964,1789458673056280519,1789458673036176000,33371000
2965,1789458673089982077,1789458673069546000,33370000
2966,1789458673123178810,1789458673102916000,33370000
2967,1789458673157161496,1789458673136288000,33372000
2968,1789458673190185628,1789458673169658000,33370000
2969,1789458673223467255,1789458673203028000,33370000
2970,1789458673256623346,1789458673236398000,33370000
2971,1789458673290411280,1789458673269768000,33370000
2972,1789458673323281704,1789458673303138000,33370000
2973,1789458673357240767,1789458673336510000,33372000
2974,1789458673390047966,1789458673369880000,33370000
2975,1789458673423495164,1789458673403249000,33369000
2976,1789458673456338749,1789458673436619000,33370000
2977,1789458673490722281,1789458673469990000,33371000
2978,1789458673523574080,1789458673503359000,33369000
2979,1789458673557270519,1789458673536730000,33371000
2980,1789458673590137766,1789458673570100000,33370000
2981,1789458673623325754,1789458673603470000,33370000
2982,1789458673657139315,1789458673636840000,33370000
2983,1789458673690254842,1789458673670211000,33371000
2984,1789458673723693844,1789458673703580000,33369000
2985,1789458673757448829,1789458673736954000,33374000
2986,1789458673790156087,1789458673770325000,33371000
2987,1789458673824006874,1789458673803692000,33367000
2988,1789458673857418437,1789458673837063000,33371000
2989,1789458673891195241,1789458673870433000,33370000
2990,1789458673924176495,1789458673903802000,33369000
2991,1789458673957926861,1789458673937172000,33370000
2992,1789458673990738488,1789458673970543000,33371000
2993,1789458674024145539,1789458674003912000,33369000
2994,1789458674057696237,1789458674037283000,33371000
2995,1789458674090682714,1789458674070653000,33370000
2996,1789458674124441939,1789458674104022000,33369000
2997,1789458674157514331,1789458674137392000,33370000
2998,1789458674190945192,1789458674170762000,33370000
2999,1789458674224462620,1789458674204130000,33368000
3000,1789458674257979026,1789458674237501000,33371000
3001,1789458674291977094,1789458674270871000,33370000
3002,1789458674324781601,1789458674304241000,33370000
3003,1789458674358131235,1789458674337612000,33371000
3004,1789458674391476912,1789458674370984000,33372000
3005,1789458674425326562,1789458674404353000,33369000
3006,1789458674458661860,1789458674437726000,33373000
3007,1789458674491218939,1789458674471098000,33372000
3008,1789458674524679033,1789458674504467000,33369000
3009,1789458674558205648,1789458674537838000,33371000
3010,1789458674591947452,1789458674571211000,33373000
3011,1789458674625039690,1789458674604580000,33369000
3012,1789458674658565453,1789458674637950000,33370000
3013,1789458674691499274,1789458674671321000,33371000
3014,1789458674725265843,1789458674704693000,33372000
3015,1789458674758221965,1789458674738064000,33371000
3016,1789458674791916814,1789458674771433000,33369000
3017,1789458674825602987,1789458674804803000,33370000
3018,1789458674859183099,1789458674838173000,33370000
3019,1789458674891853623,1789458674871542000,33369000
3020,1789458674924691862,1789458674904912000,33370000
3021,1789458674958966941,1789458674938282000,33370000
3022,1789458674992533147,1789458674971652000,33370000
3023,1789458675026628780,1789458675005023000,33371000
3024,1789458675058710972,1789458675038393000,33370000
3025,1789458675092374828,1789458675071763000,33370000
3026,1789458675125728022,1789458675105132000,33369000
3027,1789458675159175847,1789458675138503000,33371000
3028,1789458675192188203,1789458675171873000,33370000
3029,1789458675225494833,1789458675205242000,33369000
3030,1789458675259102387,1789458675238613000,33371000
3031,1789458675292614639,1789458675271983000,33370000
3032,1789458675325414671,1789458675305353000,33370000
3033,1789458675359004643,1789458675338722000,33369000
3034,1789458675392342610,1789458675372092000,33370000
3035,1789458675425970080,1789458675405462000,33370000
3036,1789458675459514310,1789458675438832000,33370000
3037,1789458675492793930,1789458675472202000,33370000
3038,1789458675525837603,1789458675505574000,33372000
3039,1789458675559217976,1789458675538943000,33369000
3040,1789458675592592168,1789458675572312000,33369000
3041,1789458675625654996,1789458675605681000,33369000
3042,1789458675659169451,1789458675639052000,33371000
3043,1789458675692763511,1789458675672420000,33368000
3044,1789458675725723944,1789458675705792000,33372000
3045,1789458675759525559,1789458675739163000,33371000
3046,1789458675793003910,1789458675772531000,33368000
3047,1789458675826056289,1789458675805902000,33371000
3048,1789458675859526955,1789458675839272000,33370000
3049,1789458675892979349,1789458675872641000,33369000
3050,1789458675926997937,1789458675906011000,33370000
3051,1789458675959406230,1789458675939382000,33371000
3052,1789458675993193640,1789458675972752000,33370000
3053,1789458676027117235,1789458676006123000,33371000
3054,1789458676060606669,1789458676039494000,33371000
3055,1789458676093293839,1789458676072863000,33369000
3056,1789458676126776310,1789458676106232000,33369000
3057,1789458676159511076,1789458676139604000,33372000
3058,1789458676193215149,1789458676172972000,33368000
3059,1789458676226924350,1789458676206342000,33370000
3060,1789458676260605030,1789458676239713000,33371000
3061,1789458676293512089,1789458676273083000,33370000
3062,1789458676326969114,1789458676306452000,33369000
3063,1789458676360300491,1789458676339827000,33375000
3064,1789458676394175243,1789458676373196000,33369000
3065,1789458676426822420,1789458676406566000,33370000
3066,1789458676460942677,1789458676439937000,33371000
3067,1789458676493736140,1789458676473305000,33368000
3068,1789458676526795144,1789458676506677000,33372000
3069,1789458676560657022,1789458676540047000,33370000
3070,1789458676593489095,1789458676573416000,33369000
3071,1789458676627344041,1789458676606789000,33373000
3072,1789458676660661102,1789458676640158000,33369000
3073,1789458676694111415,1789458676673529000,33371000
3074,1789458676727020457,1789458676706899000,33370000
3075,1789458676761633065,1789458676740270000,33371000
3076,1789458676794056277,1789458676773639000,33369000
3077,1789458676827501080,1789458676807009000,33370000
3078,1789458676860864304,1789458676840380000,33371000
3079,1789458676893999597,1789458676873748000,33368000
3080,1789458676927348806,1789458676907120000,33372000
3081,1789458676960887149,1789458676940490000,33370000
3082,1789458676994324378,1789458676973860000,33370000
3083,1789458677027339089,1789458677007231000,33371000
3084,1789458677060768907,1789458677040599000,33368000
3085,1789458677094254567,1789458677073970000,33371000
3086,1789458677127671882,1789458677107340000,33370000
3087,1789458677161147173,1789458677140711000,33371000
3088,1789458677194480517,1789458677174079000,33368000
3089,1789458677228111279,1789458677207449000,33370000
3090,1789458677261035141,1789458677240818000,33369000
3091,1789458677294632723,1789458677274189000,33371000
3092,1789458677327632953,1789458677307560000,33371000
3093,1789458677361091574,1789458677340930000,33370000
3094,1789458677394520180,1789458677374299000,33369000
3095,1789458677428063174,1789458677407669000,33370000
3096,1789458677461453981,1789458677441039000,33370000
